index,dataset,url,year,task,classes,sensor_modality,samples,size_px,resolution_m,gb,benchmark,fm_eval,evidence
1,Indian Pines,https://scholar.google.com/scholar?q=\%22Marion+F+Baumgardner\%2C+Larry+L+Biehl\%2C+and+David+A+Landgrebe.+220+band+aviris+hyperspectral+image+data+set\%3A+June+12\%2C+1992+indian+pine+test+site+3.+Purdue+University+Research+Repository\%2C+10\%287\%29\%3A991\%2C+2015.+4\%22,2000,C,16,HS (Aerial),1,145,20m,0.006,Unclear,Unclear,--
2,Salinas,https://www.google.com/search?q=\%22Salinas\%22+dataset+remote+sensing,2000,C,16,HS (Aerial),1,365,3.7m,0.027,Unclear,Unclear,--
3,Botswana,https://www.google.com/search?q=\%22Botswana\%22+dataset+remote+sensing,2005,C,14,HS (Aerial),1,875,30m,0.079,Unclear,Unclear,--
4,Kennedy Space Center,https://www.google.com/search?q=\%22Kennedy+Space+Center\%22+dataset+remote+sensing,2005,C,13,HS (Aerial),1,550,0.18m,0.057,Unclear,Unclear,--
5,Pavia Center,https://www.google.com/search?q=\%22Pavia+Center\%22+dataset+remote+sensing,2009,C,9,HS (Aerial),1,1096,--,0.124,Unclear,Unclear,--
6,Pavia University,https://www.google.com/search?q=\%22Pavia+University\%22+dataset+remote+sensing,2009,C,9,HS (Aerial),1,610,--,0.033,Unclear,Unclear,--
7,UC Merced,http://weegee.vision.ucmerced.edu/datasets/landuse.html,2010,C,21,RGB,2.1K,256,0.3m,0.317,Yes,Unclear,TG
8,WHU-RS19,https://scholar.google.com/scholar?q=\%22Gui-Song+Xia\%2C+Wen+Yang\%2C+Julie+Delon\%2C+Yann+Gousseau\%2C+Hong+Sun\%2C+and+Henri+Ma\%C3\%8Etre.+Structural+high-resolution+satellite+image+indexing.+Vienna\%2C+Austria\%2C+2010.+4\%22,2012,C,19,RGB,1K,600,0.5m,0.1,Unclear,Unclear,--
9,Brazilian Coffee Scenes (BCS),https://scholar.google.com/scholar?q=\%22Ot\%C3\%A1vio+AB+Penatti\%2C+Keiller+Nogueira\%2C+and+Jefersson+A+Dos+Santos.+Do+deep+features+generalize+from+everyday+objects+to+remote+sensing+and+aerial+scenes+domains\%3F+In+CVPRW\%2C+pages+44\%E2\%80\%9351\%2C+2015.+3\%2C+4\%22,2015,C,2,RGB,2.9K,64,20m,0.004,Unclear,Unclear,--
10,RSSCN7,https://scholar.google.com/scholar?q=\%22Qin+Zou\%2C+Lihao+Ni\%2C+Tong+Zhang\%2C+and+Qian+Wang.+Deep+learning+based+feature+selection+for+remote+sensing+scene+classification.+IEEE+Geosci.+Remote+Sens.+Lett.\%2C+12\%2811\%29\%3A2321\%E2\%80\%932325\%2C+2015.+4\%22,2015,C,7,RGB,2.8K,400,--,0.086,Unclear,Unclear,--
11,SAT-4,https://scholar.google.com/scholar?q=\%22Saikat+Basu\%2C+Sangram+Ganguly\%2C+Supratik+Mukhopadhyay\%2C+Robert+DiBiano\%2C+Manohar+Karki\%2C+and+Ramakrishna+Nemani.+Deepsat\%3A+a+learning+framework+for+satellite+imagery.+In+ACM+SIGSPATIAL\%2C+pages+1\%E2\%80\%9310\%2C+2015.+4\%22,2015,C,4,RGB-NIR,500K,28,1$\sim$6m,1.15,Unclear,Unclear,--
12,SAT-6,https://scholar.google.com/scholar?q=\%22Saikat+Basu\%2C+Sangram+Ganguly\%2C+Supratik+Mukhopadhyay\%2C+Robert+DiBiano\%2C+Manohar+Karki\%2C+and+Ramakrishna+Nemani.+Deepsat\%3A+a+learning+framework+for+satellite+imagery.+In+ACM+SIGSPATIAL\%2C+pages+1\%E2\%80\%9310\%2C+2015.+4\%22,2015,C,6,RGB-NIR,405K,28,1m,1.15,Unclear,Unclear,--
13,VEDAI,https://scholar.google.com/scholar?q=\%22Sebastien+Razakarivony+and+Frederic+Jurie.+Vehicle+detection+in+aerial+imagery\%3A+A+small+target+detection+benchmark.+Journal+of+Visual+Communication+and+Image+Representation\%2C+34\%3A187\%E2\%80\%93203\%2C+2016.+5\%2C+6\%22,2015,C,9,IRGB,1.2K,1024,0.125m,3.99,Yes,Unclear,Paper
14,Brazilian Cerrado-Savanna Scenes (BCSS),https://scholar.google.com/scholar?q=\%22Keiller+Nogueira\%2C+Jefersson+A+Dos+Santos\%2C+Tamires+Fornazari\%2C+Thiago+Sanna+Freire+Silva\%2C+Leonor+Patricia+Morellato\%2C+and+Ricardo+da+S+Torres.+Towards+vegetation+species+discrimination+by+using+data-driven+descriptors.+In+PRRS\%2C+pages+1\%E2\%80\%936.+Ieee\%2C+2016.+4\%22,2016,C,4,MS,1.3K,64,5m,0.011,Unclear,Unclear,--
15,NWPU-RESISC45,https://scholar.google.com/scholar?q=\%22Gong+Cheng\%2C+Junwei+Han\%2C+and+Xiaoqiang+Lu.+Remote+sensing+image+scene+classification\%3A+Benchmark+and+state+of+the+art.+Proceedings+of+the+IEEE\%2C+105\%2810\%29\%3A1865\%E2\%80\%931883\%2C+2017.+3\%2C+4\%22,2016,C,45,RGB,31.5K,256,0.2$\sim$30m,0.405,Yes,Unclear,Paper+TG
16,RSC11,https://scholar.google.com/scholar?q=\%22Lijun+Zhao\%2C+Ping+Tang\%2C+and+Lianzhi+Huo.+Feature+significancebased+multibag-of-visual-words+model+for+remote+sensing+image+scene+classification.+Journal+of+Applied+Remote+Sensing\%2C+10\%283\%29\%3A035004\%2C+2016.+4\%22,2016,C,11,RGB,1.2K,512,--,--,Unclear,Unclear,--
17,SIRI-WHU,https://scholar.google.com/scholar?q=\%22Yanfei+Zhong\%2C+Qiqi+Zhu\%2C+and+Liangpei+Zhang.+Scene+classification+based+on+the+multifeature+fusion+probabilistic+topic+model+for+high+spatial+resolution+remote+sensing+imagery.+IEEE+TGRS\%2C+53\%2811\%29\%3A6207\%E2\%80\%93+6222\%2C+2015.+3\%2C+4\%22,2016,C,12,RGB,2.4K,200,2m,0.7,Unclear,Unclear,--
18,AID,https://scholar.google.com/scholar?q=\%22Gui-Song+Xia\%2C+Jingwen+Hu\%2C+Fan+Hu\%2C+Baoguang+Shi\%2C+Xiang+Bai\%2C+Yanfei+Zhong\%2C+Liangpei+Zhang\%2C+and+Xiaoqiang+Lu.+Aid\%3A+A+benchmark+data+set+for+performance+evaluation+of+aerial+scene+classification.+IEEE+TGRS\%2C+55\%287\%29\%3A3965\%E2\%80\%933981\%2C+2017.+4\%22,2017,C,30,RGB,10K,600,3m,2.44,Yes,Yes,Paper+REO
19,Austin Zoning,https://www.google.com/search?q=\%22Austin+Zoning\%22+dataset+remote+sensing,2017,C,5,RGB,3.7K,773x961,--,0.596,Unclear,Unclear,--
20,Kag. Planet Forest,https://www.google.com/search?q=\%22Kag.+Planet+Forest\%22+dataset+remote+sensing,2017,C,12,OPT (Satellite),150K,256,--,33,Unclear,Unclear,--
21,MUSIC4GC (Golf Course),https://www.google.com/search?q=\%22MUSIC4GC+\%28Golf+Course\%29\%22+dataset+remote+sensing,2017,C,2,MS+L,83.4K,16,30m,0.37,Unclear,Unclear,--
22,NOAA Sea Lion,https://www.google.com/search?q=\%22NOAA+Sea+Lion\%22+dataset+remote+sensing,2017,"OD,C",4,RGB,950,4900,--,96,Unclear,Unclear,--
23,RSD46-WHU,https://scholar.google.com/scholar?q=\%22Zhifeng+Xiao\%2C+Yang+Long\%2C+Deren+Li\%2C+Chunshan+Wei\%2C+Gefu+Tang\%2C+and+Junyi+Liu.+High-resolution+remote+sensing+image+retrieval+based+on+cnns+from+a+dimensional+perspective.+Remote+Sensing\%2C+9\%287\%29\%3A725\%2C+2017.+3\%2C+4\%2C+12\%22,2017,C,46,RGB,117K,256,0.5$\sim$2m,--,Unclear,Unclear,--
24,RSI-CB128,https://scholar.google.com/scholar?q=\%22Haifeng+Li\%2C+Xin+Dou\%2C+Chao+Tao\%2C+Zhixiang+Wu\%2C+Jie+Chen\%2C+Jian+Peng\%2C+Min+Deng\%2C+and+Ling+Zhao.+Rsi-cb\%3A+A+large-scale+remote+sensing+image+classification+benchmark+using+crowdsourced+data.+Sensors\%2C+20\%286\%29\%3A1594\%2C+2020.+3\%2C+4\%22,2017,C,45,RGB,36K,128,0.3$\sim$3m,0.879,Yes,Unclear,Paper
25,RSI-CB256,https://scholar.google.com/scholar?q=\%22Haifeng+Li\%2C+Xin+Dou\%2C+Chao+Tao\%2C+Zhixiang+Wu\%2C+Jie+Chen\%2C+Jian+Peng\%2C+Min+Deng\%2C+and+Ling+Zhao.+Rsi-cb\%3A+A+large-scale+remote+sensing+image+classification+benchmark+using+crowdsourced+data.+Sensors\%2C+20\%286\%29\%3A1594\%2C+2020.+3\%2C+4\%22,2017,C,35,RGB,24K,256,0.3$\sim$3m,2.24,Yes,Unclear,Paper
26,Ships in Satellite Imagery,https://www.google.com/search?q=\%22Ships+in+Satellite+Imagery\%22+dataset+remote+sensing,2017,C,2,RGB,4K,80,3m,0.343,Unclear,Unclear,--
27,Solar Power Plants MUSIC4P3,https://www.google.com/search?q=\%22Solar+Power+Plants+MUSIC4P3\%22+dataset+remote+sensing,2017,C,2,MS+L,1.3M,16,30m,4.6,Unclear,Unclear,--
28,TiSeLaC,https://www.google.com/search?q=\%22TiSeLaC\%22+dataset+remote+sensing,2017,C,9,RGB-NIR+MT,23,2866x2633,30m,--,Unclear,Unclear,--
29,Cactus Aerial Photos,https://scholar.google.com/scholar?q=\%22Efren+L\%C3\%B3pez-Jim\%C3\%A9nez\%2C+Juan+Irving+Vasquez-Gomez\%2C+Miguel+Angel+Sanchez-Acevedo\%2C+Juan+Carlos+Herrera-Lozada\%2C+and+Abril+Valeria+Uriarte-Arcia.+Columnar+cactus+recognition+in+aerial+images+using+a+deep+learning+approach.+Ecological+Informatics\%2C+52\%3A131\%E2\%80\%93138\%2C+2019.+16\%2C+17\%22,2018,C,2,RGB,24K,32,--,0.053,Yes,Yes,FOMO
30,DeepGlobe-Bldng,https://scholar.google.com/scholar?q=\%22Ilke+Demir\%2C+Krzysztof+Koperski\%2C+David+Lindenbaum\%2C+Guan+Pang\%2C+Jing+Huang\%2C+Saikat+Basu\%2C+Forest+Hughes\%2C+Devis+Tuia\%2C+and+Ramesh+Raskar.+Deepglobe+2018\%3A+A+challenge+to+parse+the+earth+through+satellite+images.+In+CVPRW\%2C+June+2018.+5\%2C+6\%22,2018,"S,C",1,OPT (Satellite),24.6K,650,--,--,Yes,Unclear,Paper
31,EuroSAT,https://scholar.google.com/scholar?q=\%22Patrick+Helber\%2C+Benjamin+Bischke\%2C+Andreas+Dengel\%2C+and+Damian+Borth.+Eurosat\%3A+A+novel+dataset+and+deep+learning+benchmark+for+land+use+and+land+cover+classification.+IEEE+J.+Sel.+Top.+Appl.+Earth+Obs.+Remote+Sens.\%2C+12\%287\%29\%3A2217\%E2\%80\%932226\%2C+2019.+3\%2C+4\%22,2018,C,10,S2 MS,27K,64,10$\sim$60m,1.92,Yes,Yes,GFM+Paper+TG
32,FMoW,https://github.com/fMoW/dataset,2018,C,63,RGB+MS,523.8K,--,0.3m,3.5K,Unclear,Unclear,--
33,Humpback Whale Identification,https://www.google.com/search?q=\%22Humpback+Whale+Identification\%22+dataset+remote+sensing,2018,"OD,C",--,OPT (Multiple),25.5K,1050,--,0.7,Unclear,Unclear,--
34,MASATI-v2,https://scholar.google.com/scholar?q=\%22Gallego+Antonio-Javier\%2C+Pertusa+Antonio\%2C+and+Gil+Pablo.+Automatic+ship+classification+from+optical+aerial+images+with+convolutional+neural+networks.+Remote+Sensing\%2C+10\%284\%29\%2C+2018.+3\%2C+4\%22,2018,C,7,RGB,7.4K,512,0.08$\sim$2m,2.3,Unclear,Unclear,--
35,MSLCC,https://scholar.google.com/scholar?q=\%22Reza+Bahmanyar\%2C+Daniela+Espinoza-Molina\%2C+and+Mihai+Datcu.+Multisensor+earth+observation+image+classification+based+on+a+multimodal+latent+dirichlet+allocation+model.+IEEE+Geosci.+Remote+Sens.+Lett.\%2C+15\%283\%29\%3A459\%E2\%80\%93463\%2C+2018.+3\%2C+4\%22,2018,C,4,SAR+MS,2,31$\sim$957,10m,0.5,Unclear,Unclear,--
36,PatternNet,https://scholar.google.com/scholar?q=\%22Weixun+Zhou\%2C+Shawn+Newsam\%2C+Congmin+Li\%2C+and+Zhenfeng+Shao.+Patternnet\%3A+A+benchmark+dataset+for+performance+evaluation+of+remote+sensing+image+retrieval.+ISPRS+J.+Photogramm.+Remote+Sens.\%2C+145\%3A197\%E2\%80\%93209\%2C+2018.+4\%22,2018,C,38,RGB,30.4K,256,0.062$\sim$4.693m,1.3,Yes,Unclear,Paper+TG
37,SanFranBay Ships Planet,https://www.google.com/search?q=\%22SanFranBay+Ships+Planet\%22+dataset+remote+sensing,2018,C,1,OPT (Satellite),4K,80,--,0.194,Unclear,Unclear,--
38,xView,https://scholar.google.com/scholar?q=\%22xView.+xview+2018+object+detection+challenge\%2C+2019.+5\%2C+6\%2C+12\%22,2018,C,60,RGB+MS,1.4K,3000,0.3m,20,Yes,Unclear,Paper
39,AIDER,https://www.google.com/search?q=\%22AIDER\%22+dataset+remote+sensing,2019,C,4,OPT (Drone),2.6K,240,--,0.275,Unclear,Unclear,--
40,BigEarthNet-MM,https://scholar.google.com/scholar?q=\%22Gencer+Sumbul\%2C+Marcela+Charfuelan\%2C+Begum+Demir\%2C+and+Volker+Markl.+Bigearthnet\%3A+A+large-scale+benchmark+archive+for+remote+sensing+image+understanding.+In+IGARSS\%2C+pages+5901\%E2\%80\%935904.+IEEE\%2C+2019.+3\%2C+4\%2C+12\%2C+13\%2C+21\%22,2019,C,19,S1/S2,590.3K,20$\sim$120,10$\sim$60m,121,Yes,Yes,FOMO+GFM+Paper
41,DSCR,https://scholar.google.com/scholar?q=\%22Yanghua+Di\%2C+Zhiguo+Jiang\%2C+Haopeng+Zhang\%2C+and+Gang+Meng.+A+public+dataset+for+ship+classification+in+remote+sensing+images.+In+SPIE\%2C+volume+11155\%2C+pages+515\%E2\%80\%93521\%2C+2019.+3\%2C+4\%22,2019,C,7,RGB,20.7K,150$\sim$800,--,--,Unclear,Unclear,--
42,HistAerial,https://scholar.google.com/scholar?q=\%22R\%C3\%A9mi+Ratajczak\%2C+Carlos+F+Crispim-Junior\%2C+\%C3\%89lodie+Faure\%2C+B\%C3\%A9atrice+Fervers\%2C+and+Laure+Tougne.+Automatic+Land+Cover+Reconstruction+From+Historical+Aerial+Images\%3A+An+Evaluation+of+Features+Extraction+and+Classification+Algorithms.+IEEE+Trans.+Image+Process.\%2C+January+2019.+4\%22,2019,C,7,Grayscale,42K,25$\sim$100,--,7.6,Unclear,Unclear,--
43,ICONES-HSI,https://www.google.com/search?q=\%22ICONES-HSI\%22+dataset+remote+sensing,2019,C,9,HS (Aerial),468$\times$224,300,--,11.5,Unclear,Unclear,--
44,Kag. Find a Car Park,https://www.google.com/search?q=\%22Kag.+Find+a+Car+Park\%22+dataset+remote+sensing,2019,C,2,RGB,3.3K,1296,--,2.75,Unclear,Unclear,--
45,Kaggle Cloud Detection,https://www.google.com/search?q=\%22Kaggle+Cloud+Detection\%22+dataset+remote+sensing,2019,C,4,RGB,9.2K,1750,--,6,Unclear,Unclear,--
46,Kag. Satellite Hurricane Damage,https://scholar.google.com/scholar?q=\%22Quoc+Dung+Cao+and+Youngjun+Choe.+Building+damage+annotation+on+post-hurricane+satellite+imagery+based+on+convolutional+neural+networks.+Natural+Hazards\%2C+103\%283\%29\%3A3357\%E2\%80\%933376\%2C+2020.+3\%2C+4\%22,2019,C,--,RGB,16K,128,1m,0.064,Unclear,Unclear,--
47,OPTIMAL-31,https://scholar.google.com/scholar?q=\%22Qi+Wang\%2C+Shaoteng+Liu\%2C+Jocelyn+Chanussot\%2C+and+Xuelong+Li.+Scene+classification+with+recurrent+attention+of+vhr+remote+sensing+images.+IEEE+TGRS\%2C+57\%282\%29\%3A1155\%E2\%80\%931167\%2C+2018.+4\%22,2019,C,31,RGB,1.9K,256,--,0.024,Unclear,Unclear,--
48,SEN12MS,https://arxiv.org/abs/1906.07789,2019,"S,C",--,MS+SAR,180.7K,256,10m,510,Yes,Yes,FOMO+TG
49,Ship Classification,https://www.google.com/search?q=\%22Ship+Classification\%22+dataset+remote+sensing,2019,C,7,OPT (Satellite),2K,--,--,--,Unclear,Unclear,--
50,SloveniaLandCover,https://www.google.com/search?q=\%22SloveniaLandCover\%22+dataset+remote+sensing,2019,C,10,MS,940,--,--,--,Unclear,Unclear,--
51,So2Sat LCZ42,https://arxiv.org/abs/1912.12171,2019,C,--,S1+S2,400.7K,32,10m,51.8,Yes,Yes,CB+GB2+GFM+Paper+TG
52,USTC SmokeRS,https://scholar.google.com/scholar?q=\%22Rui+Ba\%2C+Chen+Chen\%2C+Jing+Yuan\%2C+Weiguo+Song\%2C+and+Siuming+Lo.+Smokenet\%3A+Satellite+smoke+scene+detection+using+convolutional+neural+network+with+spatial+and+channel-wise+attention.+Remote+Sensing\%2C+11\%2814\%29\%3A1702\%2C+2019.+3\%2C+4\%22,2019,C,6,RGB,6.2K,256,1000m,0.795,Unclear,Unclear,--
53,WiDS Datathon 2019,https://www.google.com/search?q=\%22WiDS+Datathon+2019\%22+dataset+remote+sensing,2019,C,2,RGB,11K,256,3m,0.46,Unclear,Unclear,--
54,Airbus Wind Turbines Patches,https://www.google.com/search?q=\%22Airbus+Wind+Turbines+Patches\%22+dataset+remote+sensing,2020,C,1,RGB+MS,358K,128,1.5m,1,Unclear,Unclear,--
55,AiRound,https://scholar.google.com/scholar?q=\%22Gabriel+Machado\%2C+Edemir+Ferreira\%2C+Keiller+Nogueira\%2C+Hugo+Oliveira\%2C+Matheus+Brito\%2C+Pedro+Henrique+Targino+Gama\%2C+and+Jefersson+Alex+dos+Santos.+Airound+and+cv-brct\%3A+Novel+multiview+datasets+for+scene+classification.+IEEE+J.+Sel.+Top.+Appl.+Earth+Obs.+Remote+Sens.\%2C+14\%3A488\%E2\%80\%93503\%2C+2020.+3\%2C+4\%22,2020,C,11,Multi,11.8K,300,--,33,Unclear,Unclear,--
56,Bijie Landslide,https://scholar.google.com/scholar?q=\%22Shunping+Ji\%2C+Dawen+Yu\%2C+Chaoyong+Shen\%2C+Weile+Li\%2C+and+Qiang+Xu.+Landslide+detection+from+an+open+satellite+imagery+and+digital+elevation+model+dataset+using+attention+boosted+convolutional+neural+networks.+Landslides\%2C+17\%286\%29\%3A1337\%E2\%80\%931352\%2C+2020.+4\%22,2020,C,1,RGB,2.8K,200,0.68m,0.513,Unclear,Unclear,--
57,BrazilDAM,https://scholar.google.com/scholar?q=\%22Edemir+Ferreira\%2C+Matheus+Brito\%2C+Remis+Balaniuk\%2C+M\%C3\%A1rio+S+Alvim\%2C+and+Jefersson+A+dos+Santos.+Brazildam\%3A+A+benchmark+dataset+for+tailings+dam+detection.+In+LAGIRS\%2C+pages+339\%E2\%80\%93344.+IEEE\%2C+2020.+4\%22,2020,C,2,RGB,769,384,10$\sim$60m,57,Yes,Unclear,Paper
58,BreizhCrops,https://scholar.google.com/scholar?q=\%22Marc+Ru\%C3\%9Fwurm\%2C+Charlotte+Pelletier\%2C+Maximilian+Zollner\%2C+S\%C3\%A9bastien+Lef\%C3\%A8vre\%2C+and+Marco+K\%C3\%B6rner.+Breizhcrops\%3A+A+time+series+dataset+for+crop+type+mapping.+ISPRS+\%282020\%29\%2C+2020.+4\%22,2020,C,9,S2+MT,610K,--,10$\sim$60m,--,Unclear,Unclear,--
59,CaneSat,https://scholar.google.com/scholar?q=\%22Shyamal+Virnodkar\%2C+Vinod+Pachghare\%2C+V.+Patil\%2C+and+Sunil+Kumar+Jha.+Canesat\%2C+2020.+4\%22,2020,C,2,S2+MT,1.6K,10,10m,0.006,Unclear,Unclear,--
60,CLRS,https://scholar.google.com/scholar?q=\%22Haifeng+Li\%2C+Hao+Jiang\%2C+Xin+Gu\%2C+Jian+Peng\%2C+Wenbo+Li\%2C+Liang+Hong\%2C+and+Chao+Tao.+Clrs\%3A+Continual+learning+benchmark+for+remote+sensing+image+scene+classification.+Sensors\%2C+20\%284\%29\%3A1226\%2C+2020.+4\%22,2020,C,25,RGB,15K,256,0.26$\sim$8.85m,1.74,Yes,Unclear,Paper
61,CV4A Kenya,https://arxiv.org/abs/2004.03023,2020,C,7,S2,8.8K,2500,10m,3.5,Unclear,Unclear,--
62,CV-BrCT,https://scholar.google.com/scholar?q=\%22Gabriel+Machado\%2C+Edemir+Ferreira\%2C+Keiller+Nogueira\%2C+Hugo+Oliveira\%2C+Matheus+Brito\%2C+Pedro+Henrique+Targino+Gama\%2C+and+Jefersson+Alex+dos+Santos.+Airound+and+cv-brct\%3A+Novel+multiview+datasets+for+scene+classification.+IEEE+J.+Sel.+Top.+Appl.+Earth+Obs.+Remote+Sens.\%2C+14\%3A488\%E2\%80\%93503\%2C+2020.+3\%2C+4\%22,2020,C,9,RGB,24K,500,--,9.2,Unclear,Unclear,--
63,DND-SB,https://www.google.com/search?q=\%22DND-SB\%22+dataset+remote+sensing,2020,C,7,OPT (Drone),5.6K,7296,--,49,Unclear,Unclear,--
64,FLAME,https://www.google.com/search?q=\%22FLAME\%22+dataset+remote+sensing,2020,"S,C",2,MS (Drone),48K,3840,--,43.7,Unclear,Unclear,--
65,FUSAR-Ship,https://www.google.com/search?q=\%22FUSAR-Ship\%22+dataset+remote+sensing,2020,"OD,C",113,SAR (Satellite),5K,512,--,--,Unclear,Unclear,--
66,IDTReeS,https://www.google.com/search?q=\%22IDTReeS\%22+dataset+remote+sensing,2020,"OD,C",33,Multiple (Multiple),591$\times$369,20,--,0.28,Yes,Unclear,TG
67,LandCoverNet Af,https://www.google.com/search?q=\%22LandCoverNet+Af\%22+dataset+remote+sensing,2020,C,7,Multiple (Satellite),2K,256,--,632,Unclear,Unclear,--
68,LandCoverNet As,https://www.google.com/search?q=\%22LandCoverNet+As\%22+dataset+remote+sensing,2020,C,7,Multiple (Satellite),2.8K,256,--,610,Unclear,Unclear,--
69,LandCoverNet Au,https://www.google.com/search?q=\%22LandCoverNet+Au\%22+dataset+remote+sensing,2020,C,7,Multiple (Satellite),600,256,--,126,Unclear,Unclear,--
70,LandCoverNet Eu,https://www.google.com/search?q=\%22LandCoverNet+Eu\%22+dataset+remote+sensing,2020,C,7,Multiple (Satellite),840,256,--,249,Unclear,Unclear,--
71,LandCoverNet NA,https://www.google.com/search?q=\%22LandCoverNet+NA\%22+dataset+remote+sensing,2020,C,7,Multiple (Satellite),1.6K,256,--,351,Unclear,Unclear,--
72,LandCoverNet SA,https://www.google.com/search?q=\%22LandCoverNet+SA\%22+dataset+remote+sensing,2020,C,7,Multiple (Satellite),1.2K,256,--,215,Unclear,Unclear,--
73,MAFAT Challenge,https://www.google.com/search?q=\%22MAFAT+Challenge\%22+dataset+remote+sensing,2020,C,--,SAR,--,--,--,--,Yes,Unclear,Name
74,MLRSNet,https://scholar.google.com/scholar?q=\%22Xiaoman+Qi\%2C+Panpan+Zhu\%2C+Yuebin+Wang\%2C+Liqiang+Zhang\%2C+Junhuan+Peng\%2C+Mengfan+Wu\%2C+Jialong+Chen\%2C+Xudong+Zhao\%2C+Ning+Zang\%2C+and+P+Takis+Mathiopoulos.+Mlrsnet\%3A+A+multi-label+high+spatial+resolution+remote+sensing+dataset+for+semantic+scene+understanding.+ISPRS+J.+Photogramm.+Remote+Sens.\%2C+169\%3A337\%E2\%80\%93350\%2C+2020.+3\%2C+4\%22,2020,C,46,RGB,109.2K,256,0.1$\sim$10m,1.25,Unclear,Unclear,--
75,OVERHEAD MNIST,https://arxiv.org/abs/2102.04266,2020,C,9,Grayscale,1K,28,--,0.018,Yes,Unclear,Paper
76,Rwanda Crop Type,https://www.google.com/search?q=\%22Rwanda+Crop+Type\%22+dataset+remote+sensing,2020,C,6,OPT (Drone),6.5K,200,--,56,Unclear,Unclear,--
77,S2 Cloud Mask Catalogue,https://www.google.com/search?q=\%22S2+Cloud+Mask+Catalogue\%22+dataset+remote+sensing,2020,"S,C",25,S2,513$\times$13,1022,20m,15.4,Unclear,Unclear,--
78,SAR-based Sea Ice Dataset,https://www.google.com/search?q=\%22SAR-based+Sea+Ice+Dataset\%22+dataset+remote+sensing,2020,C,6,SAR (Satellite),98.8K,28,--,0.14,Unclear,Unclear,--
79,SenseEarth classify,https://www.google.com/search?q=\%22SenseEarth+classify\%22+dataset+remote+sensing,2020,C,51,RGB,70K,100$\sim$12655,0.2$\sim$153m,10.8,Unclear,Unclear,--
80,Urban Tree Detection Data,https://arxiv.org/abs/2208.10607,2020,C,2,RGB-NIR,60,256,0.6m,0.114,Unclear,Unclear,--
81,2019 Mali CropType,https://www.google.com/search?q=\%222019+Mali+CropType\%22+dataset+remote+sensing,2021,C,4,MS (Satellite),33*13*41,256,--,0.456,Unclear,Unclear,--
82,CropHarvest,https://scholar.google.com/scholar?q=\%22Gabriel+Tseng\%2C+Ivan+Zvonkov\%2C+Catherine+Lilian+Nakalembe\%2C+and+Hannah+Kerner.+Cropharvest\%3A+A+global+dataset+for+crop-type+classification.+In+NeurIPS+Datasets+and+Benchmarks+Track\%2C+2021.+4\%22,2021,C,--,Multi,95.2K,--,10$\sim$60m,22.7,Yes,Unclear,TG
83,CropRotation,https://www.google.com/search?q=\%22CropRotation\%22+dataset+remote+sensing,2021,C,--,MS (Satellite),--,--,--,53.4,Unclear,Unclear,--
84,DENETHOR,https://scholar.google.com/scholar?q=\%22Lukas+Kondmann\%2C+Aysim+Toker\%2C+Marc+Ru\%C3\%9Fwurm\%2C+Andres+Camero+Unzueta\%2C+Devis+Peressuti\%2C+Grega+Milcinski\%2C+Nicolas+Long\%C3\%A9p\%C3\%A9\%2C+PierrePhilippe+Mathieu\%2C+Timothy+Davis\%2C+Giovanni+Marchisio\%2C+et+al.+DENETHOR\%3A+The+DynamicEarthNET+dataset+for+Harmonized\%2C+interOperable\%2C+analysis-Ready\%2C+daily+crop+monitoring+from+space.+In+NeurIPS+Datasets+and+Benchmarks+Track\%2C+2021.+3\%2C+4\%22,2021,C,9,S1+S2,2*(365 + 60*14),8000,3m,254,Unclear,Unclear,--
85,FGSCR-42,https://scholar.google.com/scholar?q=\%22Yanghua+Di\%2C+Zhiguo+Jiang\%2C+Haopeng+Zhang\%2C+and+Gang+Meng.+A+public+dataset+for+ship+classification+in+remote+sensing+images.+In+SPIE\%2C+volume+11155\%2C+pages+515\%E2\%80\%93521\%2C+2019.+3\%2C+4\%22,2021,C,42,RGB,9.3K,500,--,--,Unclear,Unclear,--
86,Forest Damages – Larch Casebearer,https://www.google.com/search?q=\%22Forest+Damages+\%E2\%80\%93+Larch+Casebearer\%22+dataset+remote+sensing,2021,"OD,C",4,RGB,1.5K,1500,--,3.3,Unclear,Unclear,--
87,MAFAT-Fine-Grained,https://arxiv.org/abs/2105.12786,2021,C,37,RGB,4.2K,--,0.05m-0.15m,--,Unclear,Unclear,--
88,Million AID,https://scholar.google.com/scholar?q=\%22Yang+Long\%2C+Gui-Song+Xia\%2C+Shengyang+Li\%2C+Wen+Yang\%2C+Michael+Ying+Yang\%2C+Xiao+Xiang+Zhu\%2C+Liangpei+Zhang\%2C+and+Deren+Li.+On+creating+benchmark+dataset+for+aerial+image+interpretation\%3A+Reviews\%2C+guidances\%2C+and+million-aid.+IEEE+J.+Sel.+Top.+Appl.+Earth+Obs.+Remote+Sens.\%2C+14\%3A4205\%E2\%80\%934230\%2C+2021.+1\%2C+2\%2C+4\%2C+11\%2C+12\%22,2021,C,28,RGB,1M,150$\sim$550,0.5$\sim$153m,134,Yes,Unclear,Paper
89,MultiScene,https://scholar.google.com/scholar?q=\%22Yuansheng+Hua\%2C+Lichao+Mou\%2C+Pu+Jin\%2C+and+Xiao+Xiang+Zhu.+Multiscene\%3A+A+large-scale+dataset+and+benchmark+for+multiscene+recognition+in+single+aerial+images.+IEEE+TGRS\%2C+60\%3A1\%E2\%80\%9313\%2C+2021.+4\%22,2021,C,36,RGB,100K,512,0.3$\sim$0.6m,6,Yes,Unclear,Paper
90,NaSC-TG2,https://scholar.google.com/scholar?q=\%22Zhuang+Zhou\%2C+Shengyang+Li\%2C+Wei+Wu\%2C+Weilong+Guo\%2C+Xuan+Li\%2C+Guisong+Xia\%2C+and+Zifei+Zhao.+Nasc-tg2\%3A+Natural+scene+classification+with+tiangong-2+remotely+sensed+imagery.+IEEE+J.+Sel.+Top.+Appl.+Earth+Obs.+Remote+Sens.\%2C+14\%3A3228\%E2\%80\%933242\%2C+2021.+4\%22,2021,C,10,RGB-NIR,20K,256,100m,--,Unclear,Unclear,--
91,Satellite Image Classification,https://www.google.com/search?q=\%22Satellite+Image+Classification\%22+dataset+remote+sensing,2021,C,4,RGB,5.6K,256,--,0.023,Unclear,Unclear,--
92,SeaIceClassification,https://www.google.com/search?q=\%22SeaIceClassification\%22+dataset+remote+sensing,2021,C,8,SAR (Satellite),6.4K,256,--,2.9,Unclear,Unclear,--
93,South Africa Crop Type,https://www.google.com/search?q=\%22South+Africa+Crop+Type\%22+dataset+remote+sensing,2021,C,9,S1+S2,122.7K,--,--,82.8,Yes,Unclear,TG
94,TG1HRSSC,https://www.google.com/search?q=\%22TG1HRSSC\%22+dataset+remote+sensing,2021,C,9,HS,204,512,5m-20m,0.277,Unclear,Unclear,--
95,Urban Village S2UC,https://scholar.google.com/scholar?q=\%22Boan+Chen\%2C+Quanlong+Feng\%2C+Bowen+Niu\%2C+Fengqin+Yan\%2C+Bingbo+Gao\%2C+Jianyu+Yang\%2C+Jianhua+Gong\%2C+and+Jiantao+Liu.+Multi-modal+fusion+of+satellite+and+street-view+images+for+urban+village+classification+based+on+a+dual-branch+deep+neural+network.+Int.+J.+Appl.+Earth+Obs.+Geoinf.\%2C+109\%3A102794\%2C+2022.+4\%22,2021,C,2,RGB,1.7K,224,2m,1.8,Unclear,Unclear,--
96,ZueriCrop,https://scholar.google.com/scholar?q=\%22Mehmet+Ozgur+Turkoglu\%2C+Stefano+D\%E2\%80\%99Aronco\%2C+Gregor+Perich\%2C+Frank+Liebisch\%2C+Constantin+Streit\%2C+Konrad+Schindler\%2C+and+Jan+Dirk+Wegner.+Crop+mapping+from+image+time+series\%3A+Deep+learning+with+multi-scale+label+hierarchies.+Remote+Sens.+Environ.\%2C+264\%3A112603\%2C+2021.+7\%22,2021,C,48,S2,28K$\times$71,24,10m,38.5,Yes,Unclear,TG
97,ADVANCE,https://www.google.com/search?q=\%22ADVANCE\%22+dataset+remote+sensing,2022,C,13,OPT (Satellite),5.1K,256,--,4.4,Yes,Unclear,TG
98,AgriFieldNet,https://www.google.com/search?q=\%22AgriFieldNet\%22+dataset+remote+sensing,2022,C,13,MS (Satellite),1.2K$\times$12,256,--,0.32,Yes,Unclear,TG
99,Aircraft SAR-ACD,https://scholar.google.com/scholar?q=\%22Xian+Sun\%2C+Yixuan+Lv\%2C+Zhirui+Wang\%2C+and+Kun+Fu.+Scan\%3A+Scattering+characteristics+analysis+network+for+few-shot+aircraft+classification+in+high-resolution+sar+images.+IEEE+TGRS\%2C+60\%3A1\%E2\%80\%9317\%2C+2022.+3\%2C+4\%2C+5\%22,2022,C,20,SAR,4.3K,64,--,--,Unclear,Unclear,--
100,AnthroProtect,https://www.google.com/search?q=\%22AnthroProtect\%22+dataset+remote+sensing,2022,C,2,OPT (Satellite),23.9K,256,--,18.1,Unclear,Unclear,--
101,ARGO,https://www.google.com/search?q=\%22ARGO\%22+dataset+remote+sensing,2022,C,2,MS (Satellite),1.8K,1400,--,14.3,Unclear,Unclear,--
102,CaiRoad,https://proceedings.neurips.cc/paper_files/paper/2022/hash/b01153e7112b347d8ed54f317840d8af-Abstract-Datasets_and_Benchmarks.html,2022,C,--,Satellite MT,--,--,--,10.7,Yes,Yes,GFM+Paper
103,CalFire,https://proceedings.neurips.cc/paper_files/paper/2022/hash/b01153e7112b347d8ed54f317840d8af-Abstract-Datasets_and_Benchmarks.html,2022,C,--,Satellite MT,--,--,--,7.2,Yes,Yes,GFM+Paper
104,Canadian Cropland,https://scholar.google.com/scholar?q=\%22Etienne+Lord+Amanda+A.+Boatswain+Jacques\%2C+Abdoulaye+Banir\%C3\%A9+Diallo.+Towards+the+creation+of+a+canadian+land-use+dataset+for+agricultural+land+classification.+In+Canadian+Symposium+on+Remote+Sensing\%2C+2021.+3\%2C+4\%22,2022,C,10,S2,78.5K,64,10m,26,Yes,Yes,GFM
105,fMoW-Sentinel,https://github.com/sustainlab-group/SatMAE,2022,C,62,S2 MS,882.8K,96,10$\sim$60m,--,Yes,Yes,GFM
106,MUSIC4HA (Hot Area),https://www.google.com/search?q=\%22MUSIC4HA+\%28Hot+Area\%29\%22+dataset+remote+sensing,2022,C,6,S2,2.5K,16,10m,0.01,Unclear,Unclear,--
107,OMBRIA,https://scholar.google.com/scholar?q=\%22Georgios+I+Drakonakis\%2C+Grigorios+Tsagkatakis\%2C+Konstantina+Fotiadou\%2C+and+Panagiotis+Tsakalides.+Ombrianet\%E2\%80\%94supervised+flood+mapping+via+convolutional+neural+networks+using+multitemporal+sentinel-1+and+sentinel-2+data+fusion.+IEEE+J.+Sel.+Top.+Appl.+Earth+Obs.+Remote+Sens.\%2C+15\%3A2341\%E2\%80\%932356\%2C+2022.+4\%22,2022,C,2,S1+S2,3.4K,256,10m-20m,0.19,Unclear,Unclear,--
108,ReforesTree,https://arxiv.org/abs/2201.11192,2022,"OD,C",6,OPT (Drone),100,4000,--,7.5,Yes,Yes,FOMO+TG
109,S2-Agri,https://www.google.com/search?q=\%22S2-Agri\%22+dataset+remote+sensing,2022,C,--,MS (Satellite),--,32,--,10.8,Unclear,Unclear,--
110,Space2Ground,https://scholar.google.com/scholar?q=\%22George+Choumos\%2C+Alkiviadis+Koukos\%2C+Vasileios+Sitokonstantinou\%2C+and+Charalampos+Kontoes.+Towards+space-to-ground+data+availability+for+agriculture+monitoring.+In+IVMSP\%2C+pages+1\%E2\%80\%935\%2C+2022.+4\%22,2022,C,2,Multi,10.1K,260,10$\sim$60m,0.501,Unclear,Unclear,--
111,SynthWakeSAR,https://scholar.google.com/scholar?q=\%22Igor+G+Rizaev+and+Alin+Achim.+Synthwakesar\%3A+A+synthetic+sar+dataset+for+deep+learning+classification+of+ships+at+sea.+Remote+Sensing\%2C+14\%2816\%29\%3A3999\%2C+2022.+3\%2C+4\%22,2022,C,10,SAR,46.1K,96000,3.3m,4.3,Unclear,Unclear,--
112,The Auto Arborist Dataset,https://scholar.google.com/scholar?q=\%22Sara+Beery\%2C+Guanhang+Wu\%2C+Trevor+Edwards\%2C+Filip+Pavetic\%2C+Bo+Majewski\%2C+Shreyasee+Mukherjee\%2C+Stanley+Chan\%2C+John+Morgan\%2C+Vivek+Rathod\%2C+and+Jonathan+Huang.+The+auto+arborist+dataset\%3A+A+large-scale+benchmark+for+multiview+urban+forest+monitoring+under+domain+shift.+In+CVPR\%2C+pages+21294\%E2\%80\%9321307\%2C+2022.+4\%22,2022,C,344,RGB+MS,2.6M,1$\sim$24,--,24,Yes,Unclear,Paper
113,TreeSatAI,https://scholar.google.com/scholar?q=\%22Steve+Ahlswede\%2C+Christian+Schulz\%2C+Christiano+Gava\%2C+Patrick+Helber\%2C+Benjamin+Bischke\%2C+Michael+F\%C3\%B6rster\%2C+Florencia+Arias\%2C+J\%C3\%B6rn+Hees\%2C+Beg\%C3\%BCm+Demir\%2C+and+Birgit+Kleinschmit.+Treesatai+benchmark+archive\%3A+A+multisensor\%2C+multi-label+dataset+for+tree+species+classification+in+remote+sensing.+Earth+System+Science+Data+Discussions\%2C+pages+1\%E2\%80\%9322\%2C+2022.+4\%22,2022,C,47,Multi,50.4K,304,0$\sim$1,16.3,Yes,Yes,FOMO+GB2+GFM+Paper+TG
114,UAE-RS,https://www.google.com/search?q=\%22UAE-RS\%22+dataset+remote+sensing,2022,C,--,OPT,6.1K,--,--,--,Unclear,Unclear,--
115,XAI4SAR,https://www.google.com/search?q=\%22XAI4SAR\%22+dataset+remote+sensing,2022,C,--,SAR (Satellite),5.9K,256,--,0.691,Unclear,Unclear,--
116,DFC23,https://www.google.com/search?q=\%22DFC23\%22+dataset+remote+sensing,2023,"S,C",12,Multiple (Satellite),--,--,--,--,Unclear,Unclear,--
117,Digital Typhoon,https://docs.torchgeo.org/en/stable/api/datasets/digital-typhoon.html\#digital-typhoon,2023,"C,R",8,IR,189.4K,512,5000m,--,Yes,Unclear,TG
118,FireRisk,https://www.google.com/search?q=\%22FireRisk\%22+dataset+remote+sensing,2023,C,7,OPT (Satellite),91.9K,--,--,14,Yes,Unclear,TG
119,MAR20,https://scholar.google.com/scholar?q=\%22YU+Wenqi\%2C+CHENG+Gong\%2C+WANG+Meijun\%2C+YAO+Yanqing\%2C+XIE+Xingxing\%2C+YAO+Xiwen\%2C+and+HAN+Junwei.+Mar20\%3A+A+benchmark+for+military+aircraft+recognition+in+remote+sensing+images.+National+Remote+Sensing+Bulletin\%2C+27\%2812\%29\%3A2688\%E2\%80\%932696\%2C+2024.+4\%2C+6\%22,2023,C,20,RGB,3.8K,800$\times$800,1m,1.1,Yes,Unclear,Paper
120,m-BigEarthNet (GEO-Bench),https://arxiv.org/abs/2306.03831,2023,C,43,S2 MS,22K,120,10m,--,Yes,Yes,GB1
121,m-Brick-Kiln (GEO-Bench),https://zenodo.org/records/8276815,2023,C,2,S2 MS,"17,061",64,10m,1.6,Yes,Yes,GB1
122,m-EuroSAT (GEO-Bench),https://zenodo.org/records/8276933,2023,C,10,S2 MS,4K,64,10m,1.2,Yes,Yes,GB1
123,m-ForestNet (GEO-Bench),https://zenodo.org/records/8008717,2023,C,12,Landsat-8 MS,"8,446",332,15m,1.2,Yes,Yes,GB1
124,m-PV4GER (GEO-Bench),https://zenodo.org/records/8008748,2023,C,2,RGB,"13,812",320,0.1m,0.68,Yes,Yes,GB1
125,m-So2Sat (GEO-Bench),https://arxiv.org/abs/2306.03831,2023,C,17,S1/S2,"21,964",32,10m,--,Yes,Yes,GB1
126,BigEarthNet v2.0 (S1+S2),https://bigearth.net/,2024,"C,S",19,S1/S2,549.5K pairs,120,10$\sim$60m,110,Yes,Yes,GB2+Paper
127,EuroCropsML,https://github.com/dida-do/eurocropsml,2024,C,176,S2 MS,706.7K,--,10m,--,Unclear,Unclear,--
128,M3LEO,https://github.com/ai4eo/m3leo,2024,"P,C",--,S1/S2,~10M,--,10m,17.5K,No,No,--
129,PASTIS-HD,https://www.google.com/search?q=\%22PASTIS-HD\%22+dataset+remote+sensing,2024,"S,C,I",20,Multi,--,--,1m,--,Yes,Yes,GFM
130,PhilEO Bench,https://arxiv.org/abs/2401.04464,2024,"R,S,C",--,S2 MS,--,--,10m,400,Yes,Yes,PH
131,PhilEO-downstream,https://huggingface.co/datasets/PhilEO-community/PhilEO-downstream,2024,"S,C,R",11,S2,--,256,10m,400,Unclear,Unclear,--
132,QuakeSet,https://docs.torchgeo.org/en/stable/api/datasets/quakeset.html\#quakeset,2024,"C,R",2,S1 SAR,3.3K,512,10m,11,Yes,Unclear,TG
133,reBEN,https://arxiv.org/abs/2407.03653,2024,"S,C",--,S1/S2,549.5K,20$\sim$120,10m-60m,--,Unclear,Unclear,--
134,SICKLE,https://openaccess.thecvf.com/content/WACV2024/html/Sani\_SICKLE\_A\_Multi-Sensor\_Satellite\_Imagery\_Dataset\_Annotated\_With\_Multiple\_Key\_WACV\_2024\_paper.html,2024,"S,C",21,S1/S2+L8 TS,34.8K,--,3m-30m,--,Yes,Yes,GFM
135,TalloS,https://github.com/RolnickLab/FoMo-Bench,2024,C,1160,Multi,335K,--,10m,--,Yes,Yes,FOMO
136,TreeSatAI-TS,https://www.google.com/search?q=\%22TreeSatAI-TS\%22+dataset+remote+sensing,2024,C,20,Multi,--,--,0.2m-10m,30,Unclear,Unclear,--
137,BigEarthNet-L (Landsat-Bench),https://github.com/isaaccorley/landsatbench,2025,C,19,Landsat MS,--,--,30m,--,Yes,Yes,LB
138,BigEarthNetV2-S2 (Copernicus-Bench),https://huggingface.co/datasets/wangyi111/Copernicus-Bench,2025,C,19,S2 MS,24K,120,10m,--,Yes,Yes,CB
139,EuroSAT-L (Landsat-Bench),https://github.com/isaaccorley/landsatbench,2025,C,10,Landsat MS,--,--,30m,--,Yes,Yes,LB
140,GEO-Bench-2,https://arxiv.org/abs/2511.15658,2025,"\shortstack{C,S,R,\\OD,I}",--,Multi,19 datasets,--,--,--,Yes,Yes,GB2
141,Landsat-Bench,https://www.google.com/search?q=\%22Landsat-Bench\%22+dataset+remote+sensing,2025,C,--,Landsat MS,3 datasets,--,30m,--,Yes,Yes,LB
142,LC100-L (Landsat-Bench),https://github.com/isaaccorley/landsatbench,2025,C,--,Landsat MS,--,--,30m,--,Yes,Yes,LB
143,MONITRS,https://www.cs.cornell.edu/~revankar/monitrs,2025,"C,IC",--,S2 RGB+Text,10K,512,10m,6.39,Unclear,Unclear,--
144,REOBench,https://arxiv.org/html/2505.16793v2,2025,"\shortstack{C,S,\\OD,IC}",--,OPT+Text,6 subsets,--,--,--,Yes,Yes,REO
145,CLeaRS,https://arxiv.org/html/2604.00820,2026,"C,OD",--,Multi,7 datasets,--,--,--,Unclear,Unclear,--
146,CropClimateX,https://www.google.com/search?q=\%22CropClimateX\%22+dataset+remote+sensing,2026,"R,C,T",--,Multi,15.5K cubes,--,--,6.3K,Unclear,Unclear,--
147,SwissCrop25,https://terrabytes-workshop.github.io/,2026,"C,T",73,S2 MS,7 seasons,--,10m,--,Unclear,Unclear,--
148,Earth Surface Temperature,https://www.google.com/search?q=\%22Earth+Surface+Temperature\%22+dataset+remote+sensing,2017,R,--,Climate variables,16,--,--,0.09,Unclear,Unclear,--
149,Greenhouse Gas,https://www.google.com/search?q=\%22Greenhouse+Gas\%22+dataset+remote+sensing,2017,R,--,Gas emission,--,--,--,0,Unclear,Unclear,--
150,Forest Canopy Height,https://www.google.com/search?q=\%22Forest+Canopy+Height\%22+dataset+remote+sensing,2018,R,--,LiDAR,1.1K,--,1m,62.9,Unclear,Unclear,--
151,TenGeoP-SARwv,https://www.google.com/search?q=\%22TenGeoP-SARwv\%22+dataset+remote+sensing,2019,R,10,SAR,37K,--,5m,31.7,Unclear,Unclear,--
152,Poverty in Africa,https://www.google.com/search?q=\%22Poverty+in+Africa\%22+dataset+remote+sensing,2020,R,--,RGB,32.8K,256,--,5.58,Unclear,Unclear,--
153,Tropical Cyclone,https://www.drivendata.org/competitions/72/predict-wind-speeds/,2020,R,--,GOES 8--16 MSI,108.1K,256x256,4K--8K,--,Yes,Unclear,TG
154,Air Quality e-Reporting,https://www.google.com/search?q=\%22Air+Quality+e-Reporting\%22+dataset+remote+sensing,2021,R,--,--,--,--,--,--,Unclear,Unclear,--
155,Forel-Ule Index global inland waters,https://scholar.google.com/scholar?q=\%22Shenglei+Wang\%2C+Junsheng+Li\%2C+Wenzhi+Zhang\%2C+Chang+Cao\%2C+Fangfang+Zhang\%2C+Qian+Shen\%2C+Xianfeng+Zhang\%2C+and+Bing+Zhang.+A+dataset+of+remote-sensed+Forel-Ule+Index+for+global+inland+waters+during+2000\%E2\%80\%932018.+12+2020.+17\%22,2021,R,--,MS,--,--,500m,0.004,Unclear,Unclear,--
156,Hurricane Wind Speed,https://www.google.com/search?q=\%22Hurricane+Wind+Speed\%22+dataset+remote+sensing,2021,R,--,MS,114.6K,--,--,--,Unclear,Unclear,--
157,SustainBench Crop Yield,https://docs.torchgeo.org/en/stable/api/datasets/sustainbench-crop-yield.html\#sustainbench-crop-yield,2021,R,--,MODIS MSI,11K,32,--,--,Yes,Unclear,TG
158,USAVars,https://docs.torchgeo.org/en/stable/api/datasets/usavars.html,2021,R,--,NAIP RGB+NIR,100K,--,4m,--,Yes,Unclear,TG
159,Hyperview Challenge,https://www.google.com/search?q=\%22Hyperview+Challenge\%22+dataset+remote+sensing,2022,R,--,HS,2.9K,11$\sim$250,2m,1.85,Yes,Unclear,Name+Paper
160,So2Sat Population,https://arxiv.org/abs/2204.08524,2022,R,--,DEM+S2,--,--,10m,--,Yes,Unclear,Paper
161,BioMassters,https://nascetti-a.github.io/BioMasster/,2023,R,--,S1/S2,13K,256,10m,201,Yes,Yes,GB2+PG+TG
162,SKIPP'D,https://docs.torchgeo.org/en/stable/api/datasets/skippd.html\#skipp-d,2023,R,--,RGB,363.4K,64,--,--,Yes,Unclear,TG
163,Open-Canopy,https://github.com/fajwel/Open-Canopy,2024,"R,CD",--,SPOT-6/7+LiDAR,>87K km$^2$,1K tiles,1.5m,--,Yes,Yes,PG+Paper
164,SolarCube,https://doi.org/10.5281/zenodo.11498739,2024,"R,T",--,Multi,--,--,--,--,Unclear,Unclear,--
165,Western USA Live Fuel Moisture,https://docs.torchgeo.org/en/stable/api/datasets/western-usa-live-fuel-moisture.html\#western-usa-live-fuel-moisture,2024,R,--,L8+S1,2.6K,--,--,--,Yes,Unclear,TG
166,YieldSAT,https://arxiv.org/abs/2604.00940,2026,"R,T",--,Multi,12.2M,--,10m,--,Unclear,Unclear,--
167,Air Quality,https://docs.torchgeo.org/en/stable/api/datasets/air-quality.html\#air-quality,--,R,--,Multi-sensor,9.4K,--,--,--,Yes,Unclear,TG
168,DFC07,https://www.google.com/search?q=\%22DFC07\%22+dataset+remote+sensing,2007,S,--,Multiple (Satellite),1,787,--,0.019,Unclear,Unclear,--
169,DFC08,https://www.google.com/search?q=\%22DFC08\%22+dataset+remote+sensing,2008,S,5,HS (Aerial),--,--,--,0.194,Unclear,Unclear,--
170,ISPRS 2D - Potsdam,https://scholar.google.com/scholar?q=\%22ISPRS-Contest.+Isprs+2d+semantic+labeling+contest\%2C\%E2\%80\%9D+accessed+on+oct.+9\%2C+2022.\%2C+2022.+3\%2C+5\%2C+7\%22,2011,S,6,RGB+nDSM,38,6000,0.05m,16,Yes,Unclear,Paper+TG
171,ISPRS 2D - Vaihingen,https://scholar.google.com/scholar?q=\%22ISPRS-Contest.+Isprs+2d+semantic+labeling+contest\%2C\%E2\%80\%9D+accessed+on+oct.+9\%2C+2022.\%2C+2022.+3\%2C+5\%2C+7\%22,2011,S,6,RGB+nDSM,33,2200,0.09m,17,Yes,Yes,GFM+Paper+TG
172,Aerial Image Segmentation,https://scholar.google.com/scholar?q=\%22Jiangye+Yuan\%2C+Shaun+S+Gleason\%2C+and+Anil+M+Cheriyadat.+Systematic+benchmarking+of+aerial+image+segmentation.+IEEE+Geosci.+Remote+Sens.+Lett.\%2C+10\%286\%29\%3A1527\%E2\%80\%931531\%2C+2013.+7\%22,2013,S,--,RGB,80,512,0.3$\sim$1m,0.007,Unclear,Unclear,--
173,DFC13,https://www.google.com/search?q=\%22DFC13\%22+dataset+remote+sensing,2013,S,16,Multiple (Aerial),145,--,--,1,Unclear,Unclear,--
174,Massachusetts Roads,https://scholar.google.com/scholar?q=\%22Volodymyr+Mnih.+Machine+Learning+for+Aerial+Image+Labeling.+PhD+thesis\%2C+University+of+Toronto\%2C+2013.+7\%22,2013,S,--,RGB,1.2K,1500,1m,7.55,Unclear,Unclear,--
175,DFC14,https://www.google.com/search?q=\%22DFC14\%22+dataset+remote+sensing,2014,S,7,Multiple (Aerial),--,--,--,--,Unclear,Unclear,--
176,DFC15,https://www.google.com/search?q=\%22DFC15\%22+dataset+remote+sensing,2015,S,--,Multiple (Aerial),7,10000,--,--,Unclear,Unclear,--
177,DFC2015 Zeebruges,https://scholar.google.com/scholar?q=\%22Gabriele+Moser\%2C+Devis+Tuia\%2C+and+Michal+Shimoni.+2015+ieee+grss+data+fusion+contest\%3A+Extremely+high+resolution+lidar+and+optical+data+\%5Btechnical+committees\%5D.+IEEE+GRSM\%2C+3\%281\%29\%3A40\%E2\%80\%9341\%2C+2015.+7\%22,2015,S,8,Multi,7,0$\sim$100,0.05m,0.002,Yes,Unclear,Paper
178,ERM PAIW,https://scholar.google.com/scholar?q=\%22Gellert+Mattyus\%2C+Shenlong+Wang\%2C+Sanja+Fidler\%2C+and+Raquel+Urtasun.+Enhancing+road+maps+by+parsing+aerial+images+around+the+world.+In+ICCV\%2C+pages+1689\%E2\%80\%931697\%2C+2015.+5\%2C+7\%22,2015,S,2,RGB,41,4000,0.3m,0.635,Unclear,Unclear,--
179,Zurich Summer,https://scholar.google.com/scholar?q=\%22Michele+Volpi+and+Vittorio+Ferrari.+Semantic+segmentation+of+urban+scenes+by+learning+local+class+interactions.+In+CVPRW\%2C+pages+1\%E2\%80\%939\%2C+2015.+7\%22,2015,S,--,RGB-NIR,20,1000,0.61m,0.132,Unclear,Unclear,--
180,Chikusei,https://www.google.com/search?q=\%22Chikusei\%22+dataset+remote+sensing,2016,S,19,HS (Aerial),1$\times$128,2517,--,1.4,Unclear,Unclear,--
181,DFC16,https://www.google.com/search?q=\%22DFC16\%22+dataset+remote+sensing,2016,S,--,OPT,--,--,--,--,Unclear,Unclear,--
182,HD-Maps,https://scholar.google.com/scholar?q=\%22Gell\%C3\%A9rt+M\%C3\%A1ttyus\%2C+Shenlong+Wang\%2C+Sanja+Fidler\%2C+and+Raquel+Urtasun.+Hd+maps\%3A+Fine-grained+road+segmentation+by+parsing+ground+and+aerial+images.+In+CVPR\%2C+pages+3611\%E2\%80\%933619\%2C+2016.+5\%2C+7\%22,2016,S,5,RGB,20,4000,0.3m,0.146,Unclear,Unclear,--
183,L8 Biome,https://scholar.google.com/scholar?q=\%22Steve+Foga\%2C+Pat+L+Scaramuzza\%2C+Song+Guo\%2C+Zhe+Zhu\%2C+Ronald+D+Dilley+Jr\%2C+Tim+Beckmann\%2C+Gail+L+Schmidt\%2C+John+L+Dwyer\%2C+M+Joseph+Hughes\%2C+and+Brady+Laue.+Cloud+detection+algorithm+comparison+and+validation+for+operational+landsat+data+products.+Remote+Sens.+Environ.\%2C+194\%3A379\%E2\%80\%93+390\%2C+2017.+5\%2C+7\%22,2016,S,5,L8 MSI,96,8.9K,15$\sim$30m,96,Yes,Unclear,TG
184,SpaceNet-1,https://arxiv.org/abs/1807.01232,2016,S,1,RGB+MS,9.7K,650,0.5$\sim$1m,31,Yes,Unclear,Paper
185,AIS From Online Maps,https://scholar.google.com/scholar?q=\%22Pascal+Kaiser\%2C+Jan+Dirk+Wegner\%2C+Aur\%C3\%A9lien+Lucchi\%2C+Martin+Jaggi\%2C+Thomas+Hofmann\%2C+and+Konrad+Schindler.+Learning+aerial+image+segmentation+from+online+maps.+IEEE+TGRS\%2C+55\%2811\%29\%3A6054\%E2\%80\%936068\%2C+2017.+7\%22,2017,S,2,RGB,1.7K,3000,0.5m,23.8,Unclear,Unclear,--
186,CITY-OSM,https://www.google.com/search?q=\%22CITY-OSM\%22+dataset+remote+sensing,2017,S,--,OPT (Aerial),21,2500,--,23.8,Unclear,Unclear,--
187,DFC17,https://www.google.com/search?q=\%22DFC17\%22+dataset+remote+sensing,2017,S,17,Multiple (Multiple),--,--,--,--,Unclear,Unclear,--
188,EvLab-SS,https://scholar.google.com/scholar?q=\%22Mi+Zhang\%2C+Xiangyun+Hu\%2C+Like+Zhao\%2C+Ye+Lv\%2C+Min+Luo\%2C+and+Shiyan+Pang.+Learning+dual+multi-scale+manifold+ranking+for+semantic+segmentation+of+high-resolution+images.+Remote+Sensing\%2C+9\%285\%29\%3A500\%2C+2017.+7\%22,2017,S,11,RGB,60,4500,0$\sim$0.2,--,Unclear,Unclear,--
189,GTA\_BEV\_SVA,https://www.google.com/search?q=\%22GTA\_BEV\_SVA\%22+dataset+remote+sensing,2017,S,--,OPT,1M,--,--,--,Unclear,Unclear,--
190,INRIA,https://scholar.google.com/scholar?q=\%22Emmanuel+Maggiori\%2C+Yuliya+Tarabalka\%2C+Guillaume+Charpiat\%2C+and+Pierre+Alliez.+Can+semantic+labeling+methods+generalize+to+any+city\%3F+the+inria+aerial+image+labeling+benchmark.+In+IGARSS\%2C+pages+3226\%E2\%80\%933229.+IEEE\%2C+2017.+5\%2C+7\%22,2017,S,1,RGB,360,1500,0.3m,19.5,Yes,Unclear,Paper
191,Inria Aerial Image Labeling,https://scholar.google.com/scholar?q=\%22Emmanuel+Maggiori\%2C+Yuliya+Tarabalka\%2C+Guillaume+Charpiat\%2C+and+Pierre+Alliez.+Can+semantic+labeling+methods+generalize+to+any+city\%3F+the+inria+aerial+image+labeling+benchmark.+In+IGARSS\%2C+pages+3226\%E2\%80\%933229.+IEEE\%2C+2017.+5\%2C+7\%22,2017,S,2,RGB,360,5000,0.3m,--,Yes,Unclear,Paper+TG
192,SpaceNet-2,https://arxiv.org/abs/1807.01232,2017,S,1,RGB+MS,24.6K,650,0.3m,182,Yes,Yes,GB2+GFM+Paper
193,SpaceNet-3,https://arxiv.org/abs/1807.01232,2017,S,1,Multi,3.7K,1300,0.3$\sim$1.24m,182,Yes,Unclear,Paper
194,Urban 3D Challenge,https://www.google.com/search?q=\%22Urban+3D+Challenge\%22+dataset+remote+sensing,2017,S,2,RGB,157K,--,0.5m,--,Yes,Unclear,Name
195,38-Cloud,https://scholar.google.com/scholar?q=\%22S.+Mohajerani+and+P.+Saeedi.+Cloud-net\%3A+An+end-to-end+cloud+detection+algorithm+for+landsat+8+imagery.+In+IGARSS\%2C+pages+1029\%E2\%80\%931032\%2C+July+2019.+5\%2C+7\%22,2018,S,1,RGB,17.6K,384,30m,16,Unclear,Unclear,--
196,AerialLanes18,https://www.google.com/search?q=\%22AerialLanes18\%22+dataset+remote+sensing,2018,S,--,RGB,20,5616,0.125m,--,Unclear,Unclear,--
197,Aeroscapes,https://scholar.google.com/scholar?q=\%22Ishan+Nigam\%2C+Chen+Huang\%2C+and+Deva+Ramanan.+Ensemble+knowledge+transfer+for+semantic+segmentation.+In+WACV\%2C+pages+1499\%E2\%80\%931508.+IEEE\%2C+2018.+7\%22,2018,S,11,RGB,3.3K,1280,--,0.752,Unclear,Unclear,--
198,Agricultural Crop Cover,https://www.google.com/search?q=\%22Agricultural+Crop+Cover\%22+dataset+remote+sensing,2018,S,2,MS,40,--,30m,4.4,Unclear,Unclear,--
199,DeepGlobe (Building),https://www.google.com/search?q=\%22DeepGlobe+\%28Building\%29\%22+dataset+remote+sensing,2018,"I,S",2,Multi,24.6K,650,0.5m,--,Unclear,Unclear,--
200,DeepGlobe-LandCover,https://www.google.com/search?q=\%22DeepGlobe-LandCover\%22+dataset+remote+sensing,2018,S,7,RGB,1.1K,2448,0.5m,2.75,Yes,Unclear,TG
201,DeepGlobe-Road,https://scholar.google.com/scholar?q=\%22Ilke+Demir\%2C+Krzysztof+Koperski\%2C+David+Lindenbaum\%2C+Guan+Pang\%2C+Jing+Huang\%2C+Saikat+Basu\%2C+Forest+Hughes\%2C+Devis+Tuia\%2C+and+Ramesh+Raskar.+Deepglobe+2018\%3A+A+challenge+to+parse+the+earth+through+satellite+images.+In+CVPRW\%2C+June+2018.+5\%2C+6\%22,2018,S,1,OPT (Satellite),8.6K,1024,--,3.84,Yes,Unclear,Paper
202,DFC18,https://scholar.google.com/scholar?q=\%22Bertrand+Le+Saux\%2C+Naoto+Yokoya\%2C+Ronny+H\%C3\%A4nsch\%2C+and+Saurabh+Prasad.+2018+ieee+grss+data+fusion+contest\%3A+Multimodal+land+use+classification+\%5Btechnical+committees\%5D.+IEEE+GRSM\%2C+6\%281\%29\%3A52\%E2\%80\%9354\%2C+2018.+7\%22,2018,S,20,Multi,1,--,0.05$\sim$1m,19.8,Yes,Unclear,Paper
203,DLRSD,https://scholar.google.com/scholar?q=\%22Zhenfeng+Shao\%2C+Ke+Yang\%2C+and+Weixun+Zhou.+Performance+evaluation+of+single-label+and+multi-label+remote+sensing+image+retrieval+using+a+dense+labeling+dataset.+Remote+Sensing\%2C+10\%286\%29\%3A964\%2C+2018.+7\%22,2018,S,21,RGB,2.1K,256,0.3m,0.004,Yes,Unclear,TG
204,GID-15 (Gaofen Image Dataset),https://scholar.google.com/scholar?q=\%22Xin-Yi+Tong\%2C+Gui-Song+Xia\%2C+Qikai+Lu\%2C+Huanfeng+Shen\%2C+Shengyang+Li\%2C+Shucheng+You\%2C+and+Liangpei+Zhang.+Land-cover+classification+with+high-resolution+remote+sensing+images+using+transferable+deep+models.+Remote+Sens.+Environ.\%2C+237\%3A111322\%2C+2020.+4\%22,2018,S,15,GF-2 RGB,150,6800$\times$7200,3m,36,Yes,Unclear,Paper+TG
205,HyRANK,https://scholar.google.com/scholar?q=\%22K.+Karantzalos\%2C+C.+Karakizi\%2C+Z.+Kandylakis\%2C+and+G.+Antoniou.+Hyrank+hyperspectral+satellite+dataset+i+\%28version+v001\%29.+In+I.W.III\%2F4\%3B+ISPRS\%3A+Hannover\%2C+Germany\%2C+2018.+7\%22,2018,S,14,HS,5,0$\sim$1,30m,0.4,Unclear,Unclear,--
206,RIT-18,https://scholar.google.com/scholar?q=\%22Ronald+Kemker\%2C+Carl+Salvaggio\%2C+and+Christopher+Kanan.+Algorithms+for+semantic+segmentation+of+multispectral+remote+sensing+imagery+using+deep+learning.+ISPRS+J.+Photogramm.+Remote+Sens.\%2C+2018.+5\%2C+7\%22,2018,S,--,MS,1,9300,0.047m,1.5,Unclear,Unclear,--
207,RoadNet,https://scholar.google.com/scholar?q=\%22Yahui+Liu\%2C+Jian+Yao\%2C+Xiaohu+Lu\%2C+Menghan+Xia\%2C+Xingbo+Wang\%2C+and+Yuan+Liu.+Roadnet\%3A+Learning+to+comprehensively+analyze+road+networks+in+complex+urban+scenes+from+high-resolution+remotely+sensed+images.+IEEE+TGRS\%2C+57\%284\%29\%3A2043\%E2\%80\%932056\%2C+2019.+5\%2C+7\%22,2018,S,2,RGB,20,--,0.21m,0.905,Unclear,Unclear,--
208,SEN1-2,https://arxiv.org/abs/1807.01569,2018,S,--,Multiple (Satellite),282.4K,256,--,43.7,Unclear,Unclear,--
209,SynthAer,https://scholar.google.com/scholar?q=\%22Maria+Scanlon.+Semantic+Annotation+of+Aerial+Images+using+Deep+Learning\%2C+Transfer+Learning\%2C+and+Synthetic+Training+Data.+PhD+thesis\%2C+09+2018.+7\%22,2018,S,8,RGB,765,1280,--,1,Unclear,Unclear,--
210,Urban Drone Dataset (UDD),https://scholar.google.com/scholar?q=\%22Yu+Chen\%2C+Yao+Wang\%2C+Peng+Lu\%2C+Yisong+Chen\%2C+and+Guoping+Wang.+Large-scale+structure+from+motion+with+semantic+constraints+of+aerial+images.+In+PRCV\%2C+pages+347\%E2\%80\%93359.+Springer\%2C+2018.+7\%22,2018,S,6,RGB,301,4$\sim$96,--,1.1,Unclear,Unclear,--
211,WHDLD,https://scholar.google.com/scholar?q=\%22Zhenfeng+Shao\%2C+Ke+Yang\%2C+and+Weixun+Zhou.+Performance+evaluation+of+single-label+and+multi-label+remote+sensing+image+retrieval+using+a+dense+labeling+dataset.+Remote+Sensing\%2C+10\%286\%29\%3A964\%2C+2018.+7\%22,2018,S,6,RGB,4.9K,256,2m,0.102,Unclear,Unclear,--
212,AeroRIT,https://scholar.google.com/scholar?q=\%22Aneesh+Rangnekar\%2C+Nilay+Mokashi\%2C+Emmett+J+Ientilucci\%2C+Christopher+Kanan\%2C+and+Matthew+J+Hoffman.+Aerorit\%3A+A+new+scene+for+hyperspectral+image+analysis.+IEEE+TGRS\%2C+58\%2811\%29\%3A8116\%E2\%80\%938124\%2C+2020.+7\%22,2019,S,--,RGB+HS,1,3900,0.4m,1.8,Unclear,Unclear,--
213,AIRS,https://scholar.google.com/scholar?q=\%22Qi+Chen\%2C+Lei+Wang\%2C+Yifan+Wu\%2C+Guangming+Wu\%2C+Zhiling+Guo\%2C+and+Steven+L+Waslander.+Aerial+imagery+for+roof+segmentation\%3A+A+largescale+dataset+towards+automatic+mapping+of+buildings.+ISPRS+J.+Photogramm.+Remote+Sens.\%2C+147\%3A42\%E2\%80\%9355\%2C+2019.+7\%22,2019,S,1,RGB,1K,10000,0.075m,17.6,Unclear,Unclear,--
214,Chesapeake Land Cover,https://scholar.google.com/scholar?q=\%22Caleb+Robinson\%2C+Le+Hou\%2C+Kolya+Malkin\%2C+Bistra+Dilkina\%2C+and+Nebojsa+Jojic.+Large+scale+high-resolution+land+cover+mapping+with+multiresolution+data.+In+CVPR\%2C+pages+12726\%E2\%80\%9312735\%2C+2019.+7\%22,2019,S,16,RGB+MS,250K,240,1m,140,Yes,Unclear,TG
215,DLR-SkyScapes,https://scholar.google.com/scholar?q=\%22Seyed+Majid+Azimi\%2C+Corentin+Henry\%2C+Lars+Sommer\%2C+Arne+Schumann\%2C+and+Eleonora+Vig.+Skyscapes+fine-grained+semantic+understanding+of+aerial+scenes.+In+CVPR\%2C+pages+7393\%E2\%80\%937403\%2C+2019.+7\%22,2019,S,31,RGB,16,4680,0.13m,--,Unclear,Unclear,--
216,DroneDeploy,https://www.google.com/search?q=\%22DroneDeploy\%22+dataset+remote+sensing,2019,S,7,RGB,55,0$\sim$6,0.1m,--,Unclear,Unclear,--
217,GF2 Dataset for 3DFGC,https://www.google.com/search?q=\%22GF2+Dataset+for+3DFGC\%22+dataset+remote+sensing,2019,S,5,RGB-NIR,11,2$\sim$652,4m,0.056,Unclear,Unclear,--
218,HRC\_WHU,https://github.com/dr-lizhiwei/HRC_WHU,2019,S,2,RGB,150,1280$\times$720,0.5$\sim$15m,0.17,Unclear,Unclear,--
219,ManipalUAVid,https://www.google.com/search?q=\%22ManipalUAVid\%22+dataset+remote+sensing,2019,S,4,OPT (Drone),711,1280,--,1.05,Unclear,Unclear,--
220,Open AI Challenge: Caribbean,https://www.google.com/search?q=\%22Open+AI+Challenge\%3A+Caribbean\%22+dataset+remote+sensing,2019,S,5,RGB,7,52$\sim$318,0.04m,--,Yes,Unclear,Name+Paper
221,PolSF,https://www.google.com/search?q=\%22PolSF\%22+dataset+remote+sensing,2019,S,6,SAR (Satellite),5,--,--,--,Unclear,Unclear,--
222,Salient Objects ORSSD,https://www.google.com/search?q=\%22Salient+Objects+ORSSD\%22+dataset+remote+sensing,2019,S,8,RGB,800,500,--,0.026,Unclear,Unclear,--
223,Semantic Drone,https://www.google.com/search?q=\%22Semantic+Drone\%22+dataset+remote+sensing,2019,S,20,RGB,400,5000,--,4,Unclear,Unclear,--
224,SpaceNet-5,https://arxiv.org/abs/1807.01232,2019,S,1,Multi,2.4K,1300,0.3m,84.1,Yes,Unclear,Paper
225,95-Cloud,https://scholar.google.com/scholar?q=\%22S.+Mohajerani+and+P.+Saeedi.+Cloud-Net\%2B\%3A+A+Cloud+Segmentation+CNN+for+Landsat+8+Remote+Sensing+Imagery+Optimized+with+Filtered+Jaccard+Loss+Function.+volume+2001.08768\%2C+2020.+5\%2C+7\%22,2020,S,1,RGB,34.7K,384,30m,18,Unclear,Unclear,--
226,ActiveFireL8,https://www.google.com/search?q=\%22ActiveFireL8\%22+dataset+remote+sensing,2020,S,1,MS (Satellite),2M$\times$10,128,--,546,Unclear,Unclear,--
227,AIR-CD,https://www.google.com/search?q=\%22AIR-CD\%22+dataset+remote+sensing,2020,S,1,RGB-NIR,34,7300,4m,12,Unclear,Unclear,--
228,BDCI2020,https://www.google.com/search?q=\%22BDCI2020\%22+dataset+remote+sensing,2020,S,7,RGB,146K,256,2m,1.3,Yes,Unclear,Paper
229,BHPools\&WaterTanks,https://www.google.com/search?q=\%22BHPools\%26WaterTanks\%22+dataset+remote+sensing,2020,S,1,OPT (Aerial),350,3000,--,1.9,Unclear,Unclear,--
230,DFC20,https://scholar.google.com/scholar?q=\%22Naoto+Yokoya\%2C+Pedram+Ghamisi\%2C+Ronny+H\%C3\%A4nsch\%2C+and+Michael+Schmitt.+2020+IEEE+GRSS+data+fusion+contest\%3A+Global+land+cover+mapping+with+weak+supervision+\%5Btechnical+committees\%5D.+IEEE+GRSM\%2C+8\%281\%29\%3A154\%E2\%80\%93157\%2C+2020.+7\%22,2020,S,17,S1+S2,180.7K,--,10m,19.2,Yes,Unclear,Paper
231,DFC2020,https://ieee-dataport.org/competitions/2020-ieee-grss-data-fusion-contest-global-land-cover-mapping-weak-supervision,2020,S,10,S1/S2,5.1K,256,10m,--,Yes,Yes,CB+GFM
232,DubaiSemSeg,https://www.google.com/search?q=\%22DubaiSemSeg\%22+dataset+remote+sensing,2020,S,6,OPT (Satellite),72,800,--,0.032,Unclear,Unclear,--
233,EORSSD,https://scholar.google.com/scholar?q=\%22Qijian+Zhang\%2C+Runmin+Cong\%2C+Chongyi+Li\%2C+Ming-Ming+Cheng\%2C+Yuming+Fang\%2C+Xiaochun+Cao\%2C+Yao+Zhao\%2C+and+Sam+Kwong.+Dense+attention+fluid+network+for+salient+object+detection+in+optical+remote+sensing+images.+IEEE+Trans.+Image+Process.\%2C+30\%3A1305\%E2\%80\%931317\%2C+2020.+7\%22,2020,S,2,RGB,2K,500,--,0.06,Unclear,Unclear,--
234,FUSAR-Map,https://www.google.com/search?q=\%22FUSAR-Map\%22+dataset+remote+sensing,2020,S,4,SAR (Satellite),610,1024,--,--,Unclear,Unclear,--
235,Ghana Crop Type,https://scholar.google.com/scholar?q=\%22Rose+M+Rustowicz\%2C+Robin+Cheong\%2C+Lijing+Wang\%2C+Stefano+Ermon\%2C+Marshall+Burke\%2C+and+David+Lobell.+Semantic+segmentation+of+crop+type+in+africa\%3A+A+novel+dataset+and+analysis+of+deep+learning+methods.+In+CVPRW\%2C+pages+75\%E2\%80\%9382\%2C+2019.+4\%22,2020,S,5,Multi,2881*14*25,64,3$\sim$10m,312,Unclear,Unclear,--
236,GTA-V SID,https://www.google.com/search?q=\%22GTA-V+SID\%22+dataset+remote+sensing,2020,S,--,OPT (Satellite),121,500,--,0.1,Unclear,Unclear,--
237,HKH Glacier Mapping,https://www.google.com/search?q=\%22HKH+Glacier+Mapping\%22+dataset+remote+sensing,2020,S,2,MS (Satellite),14.2K$\times$15,512,--,29.4,Unclear,Unclear,--
238,Kaggle aerial segmentation,https://www.google.com/search?q=\%22Kaggle+aerial+segmentation\%22+dataset+remote+sensing,2020,S,6,RGB,72,800,--,0.033,Unclear,Unclear,--
239,Kaggle Buildings,https://www.google.com/search?q=\%22Kaggle+Buildings\%22+dataset+remote+sensing,2020,S,2,OPT (Satellite),6K,256,--,0.878,Unclear,Unclear,--
240,Kaggle Water Bodies,https://www.google.com/search?q=\%22Kaggle+Water+Bodies\%22+dataset+remote+sensing,2020,S,2,MS (Satellite),2.8K,1000,--,0.274,Unclear,Unclear,--
241,Kag. Massachusetts Buildings,https://www.google.com/search?q=\%22Kag.+Massachusetts+Buildings\%22+dataset+remote+sensing,2020,S,1,RGB,151,1500,1m,3,Unclear,Unclear,--
242,Kenya Crop Type,https://arxiv.org/abs/2004.03023,2020,S,7,S2 MSI,4.7K,3035x2016,10m,--,Yes,Unclear,TG
243,LandCoverAI,https://scholar.google.com/scholar?q=\%22Adrian+Boguszewski\%2C+Dominik+Batorski\%2C+Natalia+Ziemba-Jankowska\%2C+Tomasz+Dziedzic\%2C+and+Anna+Zambrzycka.+Landcover.+ai\%3A+Dataset+for+automatic+mapping+of+buildings\%2C+woodlands\%2C+water+and+roads+from+aerial+imagery.+In+CVPR\%2C+pages+1102\%E2\%80\%931110\%2C+2021.+5\%2C+7\%22,2020,S,--,RGB,41,9000,0$\sim$0.2,1.4,Yes,Unclear,TG
244,Open Cities AI Challenge,https://scholar.google.com/scholar?q=\%22GFDRR+Labs.+Open+cities+ai+challenge+dataset\%2Cversion+1.0\%2C+radiant+mlhub\%2C+2018.+7\%22,2020,S,2,RGB,11K,1$\sim$24,0.03$\sim$0.2m,81.5,Yes,Unclear,Name+Paper
245,OpenSARUrban,https://www.google.com/search?q=\%22OpenSARUrban\%22+dataset+remote+sensing,2020,S,10,SAR (Satellite),33.4K,100,--,2.2,Unclear,Unclear,--
246,Parking APKLOT,https://www.google.com/search?q=\%22Parking+APKLOT\%22+dataset+remote+sensing,2020,S,2,RGB,501,--,--,3,Unclear,Unclear,--
247,Power TTPL,https://www.google.com/search?q=\%22Power+TTPL\%22+dataset+remote+sensing,2020,S,3,RGB,1.1K,3840,--,4.2,Unclear,Unclear,--
248,Rwanda Built-Up,https://www.google.com/search?q=\%22Rwanda+Built-Up\%22+dataset+remote+sensing,2020,S,1,OPT (Satellite),787,256,--,0.07,Unclear,Unclear,--
249,SemCity Toulouse,https://scholar.google.com/scholar?q=\%22Ribana+Roscher\%2C+Michele+Volpi\%2C+Cl\%C3\%A9ment+Mallet\%2C+Lukas+Drees\%2C+and+Jan+Dirk+Wegner.+Semcity+toulouse\%3A+A+benchmark+for+building+instance+segmentation+in+satellite+images.+In+ISPRS+Annals\%2C+volume+5\%2C+pages+109\%E2\%80\%93116\%2C+2020.+7\%22,2020,S,--,MS,16,3500,0.5$\sim$2m,5.2,Yes,Unclear,Paper
250,SEN-12-FLOOD,https://www.google.com/search?q=\%22SEN-12-FLOOD\%22+dataset+remote+sensing,2020,S,1,Multi,336,--,10m,12.2,Unclear,Unclear,--
251,Sen1Floods11,https://scholar.google.com/scholar?q=\%22Derrick+Bonafilia\%2C+Beth+Tellman\%2C+Tyler+Anderson\%2C+and+Erica+Issenberg.+Sen1floods11\%3A+A+georeferenced+dataset+to+train+and+test+deep+learning+flood+algorithms+for+sentinel-1.+In+CVPRW\%2C+pages+210\%E2\%80\%93211\%2C+2020.+3\%2C+4\%22,2020,S,2,S1/S2,4.8K,512,10m,14.3,Yes,Yes,GFM+PG
252,South Sudan Crop Type,https://www.google.com/search?q=\%22South+Sudan+Crop+Type\%22+dataset+remote+sensing,2020,S,5,S1/S2+Planet,837 tiles,64,10m,977,Yes,Yes,PG
253,SpaceNet-6,https://scholar.google.com/scholar?q=\%22Jacob+Shermeyer\%2C+Daniel+Hogan\%2C+Jason+Brown\%2C+Adam+Van+Etten\%2C+Nicholas+Weir\%2C+Fabio+Pacifici\%2C+Ronny+Hansch\%2C+Alexei+Bastidas\%2C+Scott+Soenen\%2C+Todd+Bacastow\%2C+et+al.+Spacenet+6\%3A+Multi-sensor+all+weather+mapping+dataset.+In+CVPRW\%2C+pages+196\%E2\%80\%93197\%2C+2020.+7+26\%22,2020,S,1,SAR+RGB,3.4K,900,0.5m,0.368,Yes,Yes,GB2
254,SpaceNet-7,https://scholar.google.com/scholar?q=\%22Adam+Van+Etten\%2C+Daniel+Hogan\%2C+Jesus+Martinez+Manso\%2C+Jacob+Shermeyer\%2C+Nicholas+Weir\%2C+and+Ryan+Lewis.+The+multi-temporal+urban+development+spacenet+dataset.+In+CVPR\%2C+pages+6398\%E2\%80\%936407\%2C+2021.+7\%22,2020,"CD,S",1,MS+MT,1.5K,1024,4m,20.6,Yes,Yes,GB2+PG
255,Synthinel-1,https://scholar.google.com/scholar?q=\%22Fanjie+Kong\%2C+Bohao+Huang\%2C+Kyle+Bradbury\%2C+and+Jordan+Malof.+The+synthinel-1+dataset\%3A+A+collection+of+high+resolution+synthetic+overhead+imagery+for+building+segmentation.+In+WACV\%2C+pages+1814\%E2\%80\%931823\%2C+2020.+7\%22,2020,S,1,RGB,2.1K,572,0.3m,1,Unclear,Unclear,--
256,TimeSen2Crop,https://scholar.google.com/scholar?q=\%22Giulio+Weikmann\%2C+Claudia+Paris\%2C+and+Lorenzo+Bruzzone.+Timesen2crop\%3A+A+million+labeled+samples+dataset+of+sentinel+2+image+time+series+for+crop-type+classification.+IEEE+J.+Sel.+Top.+Appl.+Earth+Obs.+Remote+Sens.\%2C+14\%3A4699\%E2\%80\%934708\%2C+2021.+5\%2C+7\%22,2020,S,16,S2,1M,10980,10m,1.1,Yes,Yes,GFM
257,TTPLA,https://scholar.google.com/scholar?q=\%22Rabab+Abdelfattah\%2C+Xiaofeng+Wang\%2C+and+Song+Wang.+Ttpla\%3A+An+aerialimage+dataset+for+detection+and+segmentation+of+transmission+towers+and+power+lines.+In+ACCV\%2C+2020.+7\%22,2020,S,--,OPT (Aerial),1.1K,3840,--,4.2,Unclear,Unclear,--
258,UAVid,https://scholar.google.com/scholar?q=\%22Ye+Lyu\%2C+George+Vosselman\%2C+Gui-Song+Xia\%2C+Alper+Yilmaz\%2C+and+Michael+Ying+Yang.+Uavid\%3A+A+semantic+segmentation+dataset+for+uav+imagery.+ISPRS+J.+Photogramm.+Remote+Sens.\%2C+165\%3A108+\%E2\%80\%93+119\%2C+2020.+7\%22,2020,S,--,RGB,420,4000,--,5.88,Unclear,Unclear,--
259,VALID,https://www.google.com/search?q=\%22VALID\%22+dataset+remote+sensing,2020,"OD,S",30,RGBD,6.7K,1024,--,15.7,Unclear,Unclear,--
260,WHU Cloud,http://gpcv.whu.edu.cn/data/WHU\_Cloud\_Dataset.html,2020,"OD,S",1,RGB,859,512,30m,3.56,Unclear,Unclear,--
261,WHU-Hi,https://scholar.google.com/scholar?q=\%22Yanfei+Zhong\%2C+Xin+Hu\%2C+Chang+Luo\%2C+Xinyu+Wang\%2C+Ji+Zhao\%2C+and+Liangpei+Zhang.+Whu-hi\%3A+Uav-borne+hyperspectral+with+high+spatial+resolution+\%28h2\%29+benchmark+datasets+and+classifier+for+precise+crop+identification+based+on+deep+convolutional+neural+network+with+crf.+Remote+Sens.+Environ.\%2C+250\%3A112012\%2C+2020.+7\%22,2020,S,11,HS (Drone),3,1217,0.109m,0.817,Yes,Unclear,Paper
262,WHU-Hi-HongHu,https://scholar.google.com/scholar?q=\%22Yanfei+Zhong\%2C+Xin+Hu\%2C+Chang+Luo\%2C+Xinyu+Wang\%2C+Ji+Zhao\%2C+and+Liangpei+Zhang.+Whu-hi\%3A+Uav-borne+hyperspectral+with+high+spatial+resolution+\%28h2\%29+benchmark+datasets+and+classifier+for+precise+crop+identification+based+on+deep+convolutional+neural+network+with+crf.+Remote+Sens.+Environ.\%2C+250\%3A112012\%2C+2020.+7\%22,2020,S,22,HS,1,940x475,0.043m,--,Yes,Unclear,Paper
263,Arctic Sea Ice Masking,https://scholar.google.com/scholar?q=\%22Yi-Ran+Wang+and+Xiao-Ming+Li.+Arctic+sea+ice+cover+data+from+spaceborne+synthetic+aperture+radar+by+deep+learning.+Earth+System+Science+Data\%2C+13\%286\%29\%3A2723\%E2\%80\%932742\%2C+2021.+7\%22,2021,S,8,RG-NIR,3.4K,357x306,10m,0.092,Unclear,Unclear,--
264,Benin Cashews,https://zenodo.org/records/8008800,2021,S,6,S2 (labels corrected with Pléiades),70,1186x1122,0$\sim$1,--,Yes,Unclear,TG
265,DFC21-DSE,https://www.google.com/search?q=\%22DFC21-DSE\%22+dataset+remote+sensing,2021,S,4,Multi,6K,16,10$\sim$750m,18,Yes,Unclear,Paper
266,DoriaNet,https://www.google.com/search?q=\%22DoriaNet\%22+dataset+remote+sensing,2021,S,3,OPT (Drone),2.4K,1280,--,0.067,Unclear,Unclear,--
267,ETCI2021,https://www.google.com/search?q=\%22ETCI2021\%22+dataset+remote+sensing,2021,S,2,SAR (Satellite),66.8K,256,--,5.3,Yes,Unclear,TG
268,EuroCrops,https://scholar.google.com/scholar?q=\%22Maja+Schneider\%2C+Amelie+Broszeit\%2C+and+Marco+K\%C3\%B6rner.+EuroCrops\%3A+A+pan-european+dataset+for+time+series+crop+type+classification.+In+Pierre+Soille\%2C+Sveinung+Loekken\%2C+and+Sergio+Albani\%2C+editors\%2C+BiDS.+7\%22,2021,S,43,S2,805.4K,--,10m,8.6,Unclear,Unclear,--
269,FloatingObjects,https://www.google.com/search?q=\%22FloatingObjects\%22+dataset+remote+sensing,2021,S,--,MS (Satellite),--,--,--,15.4,Unclear,Unclear,--
270,FloodNet,https://scholar.google.com/scholar?q=\%22Maryam+Rahnemoonfar\%2C+Tashnim+Chowdhury\%2C+Argho+Sarkar\%2C+Debvrat+Varshney\%2C+Masoud+Yari\%2C+and+Robin+Roberson+Murphy.+Floodnet\%3A+A+high+resolution+aerial+imagery+dataset+for+post+flood+scene+understanding.+IEEE+Access\%2C+9\%3A89644\%E2\%80\%9389654\%2C+2021.+1\%2C+4\%22,2021,S,10,RGB,2.3K,4000,0.015m,12.1,Unclear,Unclear,--
271,LoveDA,https://arxiv.org/abs/2110.08733,2021,S,7,RGB,6K,1024,0.3m,9.6,Yes,Unclear,TG
272,MARIDA,https://marine-debris.github.io/,2021,S,15,MS (Satellite),1.4K$\times$10,256,--,1.2,Yes,Yes,GFM
273,Mini Inria Aerial Image Labeling Dataset,https://scholar.google.com/scholar?q=\%22Emmanuel+Maggiori\%2C+Yuliya+Tarabalka\%2C+Guillaume+Charpiat\%2C+and+Pierre+Alliez.+Can+semantic+labeling+methods+generalize+to+any+city\%3F+the+inria+aerial+image+labeling+benchmark.+In+IGARSS\%2C+pages+3226\%E2\%80\%933229.+IEEE\%2C+2017.+5\%2C+7\%22,2021,S,2,RGB,32.5K,512,0.3m,--,Yes,Unclear,Paper
274,MUESLI,https://www.google.com/search?q=\%22MUESLI\%22+dataset+remote+sensing,2021,S,41,Multiple (Aerial),1$\times$415,12800,--,37.7,Unclear,Unclear,--
275,MultimodalBen,https://www.google.com/search?q=\%22MultimodalBen\%22+dataset+remote+sensing,2021,S,30,Multiple (Multiple),568,680,--,0.489,Unclear,Unclear,--
276,PASTIS,https://scholar.google.com/scholar?q=\%22Vivien+Sainte+Fare+Garnot+and+Loic+Landrieu.+Panoptic+segmentation+of+satellite+image+time+series+with+convolutional+temporal+attention+networks.+ICCV\%2C+2021.+5\%2C+6\%22,2021,S,18,S2,2433*45*10,128,10m,29,Yes,Yes,GB2+TG
277,PASTIS-R,https://github.com/VSainteuf/pastis-benchmark,2021,S,18,Multiple (Satellite),2.4K,128,--,54,Yes,Yes,PG
278,RescueNet,https://www.google.com/search?q=\%22RescueNet\%22+dataset+remote+sensing,2021,S,12,OPT (Drone),4.5K,3500,--,21.8,Unclear,Unclear,--
279,Rwanda Field Boundary,https://docs.torchgeo.org/en/stable/api/datasets/rwanda-field-boundary.html\#rwanda-field-boundary,2021,S,2,RGB+NIR,70,256,4.7m,--,Yes,Unclear,TG
280,S2-SHIPS,https://www.google.com/search?q=\%22S2-SHIPS\%22+dataset+remote+sensing,2021,S,3,MS (Satellite),16$\times$16,1783,--,2.9,Unclear,Unclear,--
281,Sen4AgriNet,https://scholar.google.com/scholar?q=\%22Dimitris+Sykas\%2C+Ioannis+Papoutsis\%2C+and+Dimitrios+Zografakis.+Sen4agrinet\%3A+A+harmonized+multi-country\%2C+multi-temporal+benchmark+dataset+for+agricultural+earth+observation+machine+learning+applications.+In+IGARSS\%2C+pages+5830\%E2\%80\%935833.+IEEE\%2C+2021.+3\%2C+4\%2C+9\%22,2021,S,--,S2,--,--,10$\sim$60m,262,Yes,Unclear,Paper
282,SmallholderPlant,https://www.google.com/search?q=\%22SmallholderPlant\%22+dataset+remote+sensing,2021,S,6,MS (Satellite),70$\times$13,1180,--,1,Unclear,Unclear,--
283,The Azavea Cloud Dataset,https://www.google.com/search?q=\%22The+Azavea+Cloud+Dataset\%22+dataset+remote+sensing,2021,S,2,S2,32,--,10m-60m,--,Unclear,Unclear,--
284,UOPNOA,https://www.google.com/search?q=\%22UOPNOA\%22+dataset+remote+sensing,2021,S,--,Multiple (Multiple),36K,--,--,9.7,Unclear,Unclear,--
285,AIR-PolSAR-Seg,https://scholar.google.com/scholar?q=\%22Zhirui+Wang\%2C+Xuan+Zeng\%2C+Zhiyuan+Yan\%2C+Jian+Kang\%2C+and+Xian+Sun.+Airpolsar-seg\%3A+A+large-scale+data+set+for+terrain+segmentation+in+complexscene+polsar+images.+IEEE+J.+Sel.+Top.+Appl.+Earth+Obs.+Remote+Sens.\%2C+15\%3A3830\%E2\%80\%933841\%2C+2022.+5\%2C+6\%2C+7\%22,2022,S,6,SAR,2K,512,8m,0.609,Unclear,Unclear,--
286,Burned Area Delineation,https://www.google.com/search?q=\%22Burned+Area+Delineation\%22+dataset+remote+sensing,2022,S,--,Multiple (Satellite),--,--,--,14,Unclear,Unclear,--
287,C2S-MS,https://www.google.com/search?q=\%22C2S-MS\%22+dataset+remote+sensing,2022,S,3,Multiple (Satellite),1.8K,512,--,12,Unclear,Unclear,--
288,CloudSEN12,https://www.nature.com/articles/s41597-022-01878-2,2022,S,4,S2/S1+DEM,49.4K,509,10m,$\sim$1K,Yes,Yes,CB+GB2+Paper
289,DFC2022,https://docs.torchgeo.org/en/stable/api/datasets/dfc2022.html\#dfc2022,2022,S,15,RGB,4K,2000,0.5m,--,Yes,Unclear,TG
290,DFC22-SSL,https://www.google.com/search?q=\%22DFC22-SSL\%22+dataset+remote+sensing,2022,S,14,Multiple (Aerial),5K,2000,--,42,Unclear,Unclear,--
291,DynamicEarthNet,https://scholar.google.com/scholar?q=\%22Aysim+Toker\%2C+Lukas+Kondmann\%2C+Mark+Weber\%2C+Marvin+Eisenberger\%2C+Andr\%C3\%A9s+Camero\%2C+Jingliang+Hu\%2C+Ariadna+Pregel+Hoderlein\%2C+Caglar+Senaras\%2C+Timothy+Davis\%2C+Daniel+Cremers\%2C+Giovanni+Marchisio\%2C+Xiao+Xiang+Zhu\%2C+and+Laura+Leal-Tai\%C3\%A9.+DynamicEarthNet\%3A+Daily+Multi-Spectral+Satellite+Dataset+for+Semantic+Change+Segmentation.+In+CVPR\%2C+2022.+8\%22,2022,"CD,S",7,PlanetFusion,54.8K,1024,3m,524,Yes,Yes,GB2+GFM+PG
292,FireCube,https://www.google.com/search?q=\%22FireCube\%22+dataset+remote+sensing,2022,S,1,Multiple (Multiple),4.3K$\times$58,700,--,23.5,Unclear,Unclear,--
293,Five-Billion-Pixels,https://arxiv.org/abs/2209.00727,2022,S,24,RGB+MS,150,7200$\times$6800,4m,104,Yes,Yes,PG
294,FLAIR \#1,https://www.google.com/search?q=\%22FLAIR+\%5C\%231\%22+dataset+remote+sensing,2022,S,13,OPT (Aerial),77.4K,512,--,70,Unclear,Unclear,--
295,GeoNRW,https://scholar.google.com/scholar?q=\%22Gerald+Baier\%2C+Antonin+Deschemps\%2C+Michael+Schmitt\%2C+and+Naoto+Yokoya.+Synthesizing+optical+and+sar+imagery+from+land+cover+maps+and+auxiliary+raster+data.+IEEE+TGRS\%2C+60\%3A1\%E2\%80\%9312\%2C+2021.+7\%2C+12\%2C+14\%2C+18\%22,2022,S,10,RGB+nDSM,7.8K$\times$3,1000,1m,30,Yes,Unclear,TG
296,GrowliFlower,https://www.google.com/search?q=\%22GrowliFlower\%22+dataset+remote+sensing,2022,S,4,MS (Drone),8.4K,256,--,11.7,Unclear,Unclear,--
297,HOSD,https://www.google.com/search?q=\%22HOSD\%22+dataset+remote+sensing,2022,S,1,HS (Aerial),18$\times$224,1700,--,2.2,Unclear,Unclear,--
298,Landslide4Sense,https://www.google.com/search?q=\%22Landslide4Sense\%22+dataset+remote+sensing,2022,S,1,Multiple (Satellite),4.8K$\times$14,128,--,2.4,Unclear,Unclear,--
299,MapInWild,https://www.google.com/search?q=\%22MapInWild\%22+dataset+remote+sensing,2022,S,11,Multiple (Satellite),1K$\times$8,1920,--,365,Yes,Unclear,TG
300,MDAS,https://docs.torchgeo.org/en/stable/api/datasets/mdas.html\#mdas,2022,S,20,Multi,3,100$\sim$18K,0.3$\sim$30m,--,Yes,Unclear,TG
301,Microsoft RoadDetections,https://www.google.com/search?q=\%22Microsoft+RoadDetections\%22+dataset+remote+sensing,2022,S,1,RGB,20K,1088,1m,9.25,Unclear,Unclear,--
302,MiniFrance,https://scholar.google.com/scholar?q=\%22Javiera+Castillo-Navarro\%2C+Bertrand+Le+Saux\%2C+Alexandre+Boulch\%2C+Nicolas+Audebert\%2C+and+S\%C3\%A9bastien+Lef\%C3\%A8vre.+Semi-supervised+semantic+segmentation+in+earth+observation\%3A+The+minifrance+suite\%2C+dataset+analysis+and+multi-task+network+study.+Machine+Learning\%2C+pages+1\%E2\%80\%9336\%2C+2021.+7\%22,2022,S,12,RGB,2.1K,10000,0.5m,93.1,Unclear,Unclear,--
303,MMFlood,https://www.google.com/search?q=\%22MMFlood\%22+dataset+remote+sensing,2022,S,1,SAR (Satellite),1.7K$\times$2,2000,--,11.3,Yes,Unclear,TG
304,MultiSenGE,https://scholar.google.com/scholar?q=\%22Romain+Wenger\%2C+A+Puissant\%2C+J+Weber\%2C+L+Idoumghar\%2C+and+G+Forestier.+Multisenge\%3A+a+multimodal+and+multitemporal+benchmark+dataset+for+land+use\%2Fland+cover+remote+sensing+applications.+ISPRS+Annals\%2C+pages+635\%E2\%80\%93640\%2C+2022.+7\%22,2022,S,14,S1+S2,1.1M$\times$12,256,10m,530,Yes,Unclear,Paper
305,NASA-Harvest,https://www.google.com/search?q=\%22NASA-Harvest\%22+dataset+remote+sensing,2022,S,1,MS (Satellite),70,256,--,0.3,Unclear,Unclear,--
306,NDWS,https://www.google.com/search?q=\%22NDWS\%22+dataset+remote+sensing,2022,S,1,Multiple (Multiple),18.4K$\times$12,64,--,2,Unclear,Unclear,--
307,OnCloudN,https://www.google.com/search?q=\%22OnCloudN\%22+dataset+remote+sensing,2022,S,1,OPT (Satellite),22.7K,512,--,50,Unclear,Unclear,--
308,OpenEarthMap,https://open-earth-map.org/,2022,S,8,RGB,5K,1024,0.25m-0.5m,9.1,Unclear,Unclear,--
309,OpenSentinelMap,https://scholar.google.com/scholar?q=\%22Noah+Johnson\%2C+Wayne+Treible\%2C+and+Daniel+Crispell.+Opensentinelmap\%3A+A+large-scale+land+use+dataset+using+openstreetmap+and+sentinel-2+imagery.+In+CVPR\%2C+pages+1333\%E2\%80\%931341\%2C+2022.+7\%2C+12\%22,2022,S,15,RGB+S2,137K,192,10m-60m,445,Unclear,Unclear,--
310,Paddy Rice Labeling South Korea,https://www.google.com/search?q=\%22Paddy+Rice+Labeling+South+Korea\%22+dataset+remote+sensing,2022,S,--,S2,--,--,--,0.002,Unclear,Unclear,--
311,Paddy Rice Maps South Korea,https://www.google.com/search?q=\%22Paddy+Rice+Maps+South+Korea\%22+dataset+remote+sensing,2022,S,--,S1,12.9K,256,10m,0.198,Unclear,Unclear,--
312,RDCME,https://www.google.com/search?q=\%22RDCME\%22+dataset+remote+sensing,2022,S,1,OPT (Satellite),775,256,--,--,Unclear,Unclear,--
313,RID,https://scholar.google.com/scholar?q=\%22Sebastian+Krapf\%2C+Lukas+Bogenrieder\%2C+Fabian+Netzler\%2C+Georg+Balke\%2C+and+Markus+Lienkamp.+Rid\%E2\%80\%94roof+information+dataset+for+computer+visionbased+photovoltaic+potential+assessment.+Remote+Sensing\%2C+14\%2810\%29\%3A2299\%2C+2022.+7+27\%22,2022,S,16,RGB,2K,--,0.1m,1.5,Unclear,Unclear,--
314,S12 ScotInd Cloud,https://www.google.com/search?q=\%22S12+ScotInd+Cloud\%22+dataset+remote+sensing,2022,S,1,Multiple (Satellite),--,--,--,0.96,Unclear,Unclear,--
315,Sat Burn Area,https://www.google.com/search?q=\%22Sat+Burn+Area\%22+dataset+remote+sensing,2022,S,1,MS (Satellite),73$\times$14,1500,--,14,Unclear,Unclear,--
316,SeasoNet,https://scholar.google.com/scholar?q=\%22Dominik+Ko\%C3\%9Fmann\%2C+Viktor+Brack\%2C+and+Thorsten+Wilhelm.+Seasonet\%3A+A+seasonal+scene+classification\%2C+segmentation+and+retrieval+dataset+for+satellite+imagery+over+germany.+In+IGARSS\%2C+pages+243\%E2\%80\%93246.+IEEE\%2C+2022.+2\%2C+5\%2C+7\%2C+12\%2C+14\%2C+18\%22,2022,S,33,S2,1.8M,120,10m,229,Yes,Unclear,TG
317,Sentinel-2 Cloud Cover,https://www.google.com/search?q=\%22Sentinel-2+Cloud+Cover\%22+dataset+remote+sensing,2022,S,2,MS,22.7K,--,10m-60m,51.2,Yes,Unclear,TG
318,SpaceNet-8,https://scholar.google.com/scholar?q=\%22Ronny+H\%C3\%A4nsch\%2C+Jacob+Arndt\%2C+Dalton+Lunga\%2C+Matthew+Gibb\%2C+Tyler+Pedelose\%2C+Arnold+Boedihardjo\%2C+Desiree+Petrie\%2C+and+Todd+M+Bacastow.+Spacenet+8-the+detection+of+flooded+roads+and+buildings.+In+CVPR\%2C+pages+1472\%E2\%80\%931480\%2C+2022.+7\%22,2022,S,2,PAN+RGB,1.2K$\times$2,1200,0.3$\sim$0.8m,6.8,Yes,Yes,GB2
319,SyntCities,https://www.google.com/search?q=\%22SyntCities\%22+dataset+remote+sensing,2022,S,13,OPT,16.2K,--,--,--,Unclear,Unclear,--
320,TimeSpec4LULC,https://scholar.google.com/scholar?q=\%22Rohaifa+Khaldi\%2C+Domingo+Alcaraz-Segura\%2C+Emilio+Guirado\%2C+Yassir+Benhammou\%2C+Abdellatif+El+Afia\%2C+Francisco+Herrera\%2C+and+Siham+Tabik.+Timespec4lulc\%3A+a+global+multispectral+time+series+database+for+training+lulc+mapping+models+with+machine+learning.+Earth+System+Science+Data\%2C+14\%283\%29\%3A1377\%E2\%80\%931411\%2C+2022.+7\%22,2022,S,29,MS+MT,--,--,500m,60,Unclear,Unclear,--
321,UBC,https://www.google.com/search?q=\%22UBC\%22+dataset+remote+sensing,2022,S,61,OPT (Satellite),800,600,--,0.675,Unclear,Unclear,--
322,Urban Building Classification,https://www.google.com/search?q=\%22Urban+Building+Classification\%22+dataset+remote+sensing,2022,S,61,RGB,800,600,0.5$\sim$0.8m,0.675,Unclear,Unclear,--
323,WHU-OHS,https://scholar.google.com/scholar?q=\%22Jiayi+Li\%2C+Xin+Huang\%2C+and+Lilin+Tu.+Whu-ohs\%3A+A+benchmark+dataset+for+large-scale+hersepctral+image+classification.+Int.+J.+Appl.+Earth+Obs.+Geoinf.\%2C+113\%3A103022\%2C+2022.+7\%22,2022,S,24,HS,7.8K,512,10m,94.9,Yes,Unclear,Paper
324,WildfireDanger,https://www.google.com/search?q=\%22WildfireDanger\%22+dataset+remote+sensing,2022,S,1,Multiple (Multiple),--,--,--,17,Unclear,Unclear,--
325,AI4SmallFarms,https://doi.org/10.17026/dans-xy6-ngg6,2023,S,2,S2 MS,62 tiles,--,10m,--,Yes,Yes,PG
326,BraDD-S1TS,https://github.com/ecovision-uzh/BraDD-S1TS,2023,"CD,S",2,S1 TS,13.2K,--,10m,17.7,Yes,Yes,GFM
327,DW-Expert,https://proceedings.neurips.cc/paper_files/paper/2023/file/11822e84689e631615199db3b75cd0e4-Paper-Conference.pdf,2023,S,9,S1/S2,71.4K,96,10m,--,Yes,Yes,GFM
328,FLAIR \#2,https://ignf.github.io/FLAIR/FLAIR2/flair\_2.html,2023,S,13,Multi,77.8K,512,0.2m-10m,--,Yes,Yes,FOMO+GB2+GFM
329,HLS Burn Scars,https://huggingface.co/datasets/ibm-nasa-geospatial/hls\_burn\_scars,2023,S,2,HLS,804,512,30m,--,Yes,Yes,GB2+GFM+PG
330,I/O Bench,https://docs.torchgeo.org/en/stable/api/datasets/io-bench.html\#i-o-bench,2023,S,--,Landsat MSI,1,8000,30m,--,Yes,Unclear,TG
331,Luojia-HSSR,https://scholar.google.com/scholar?q=\%22Yue+Xu\%2C+Jianya+Gong\%2C+Xin+Huang\%2C+Xiangyun+Hu\%2C+Jiayi+Li\%2C+Qiang+Li\%2C+and+Min+Peng.+Luojia-hssr\%3A+A+high+spatial-spectral+resolution+remote+sensing+dataset+for+land-cover+classification+with+a+new+3dhrnet.+Geo-Spatial+Information+Science\%2C+26\%283\%29\%3A289\%E2\%80\%93301\%2C+2023.+7\%22,2023,S,23,RGB,6.4K,256,0.75m,--,Unclear,Unclear,--
332,m-Cashew-Plantation (GEO-Bench),https://zenodo.org/records/8008800,2023,S,7,S2 MS,"1,800",256,10m,1.3,Yes,Yes,GB1
333,m-Chesapeake-LandCover (GEO-Bench),https://arxiv.org/abs/2306.03831,2023,S,7,RGBN,5K,256,1m,--,Yes,Yes,GB1
334,m-NeonTree (GEO-Bench),https://arxiv.org/abs/2306.03831,2023,S,2,RGB+HS+DEM,457,400,0.1m,--,Yes,Yes,GB1
335,m-NZ-Cattle (GEO-Bench),https://zenodo.org/records/8277049,2023,S,2,RGB,655,500,0.1m,0.33,Yes,Yes,GB1
336,m-PV4GER-Seg (GEO-Bench),https://zenodo.org/records/8277054,2023,S,2,RGB,"3,806",320,0.1m,0.32,Yes,Yes,GB1
337,m-SA-Crop-Type (GEO-Bench),https://zenodo.org/records/8008825,2023,S,10,S2 MS,5K,256,10m,1.4,Yes,Yes,GB1
338,SSL4EO-L Benchmark,https://scholar.google.com/scholar?q=\%22Adam+Stewart\%2C+Nils+Lehmann\%2C+Isaac+Corley\%2C+Yi+Wang\%2C+Yi-Chia+Chang\%2C+Nassim+Ait+Ait+Ali+Braham\%2C+Shradha+Sehgal\%2C+Caleb+Robinson\%2C+and+Arindam+Banerjee.+Ssl4eo-l\%3A+Datasets+and+foundation+models+for+landsat+imagery.+Advances+in+Neural+Information+Processing+Systems\%2C+36\%2C+2024.+9\%22,2023,S,17/134,Landsat MSI,25K,264,30m,--,Yes,Unclear,Name+TG
339,Chesapeake Roads,https://www.google.com/search?q=\%22Chesapeake+Roads\%22+dataset+remote+sensing,2024,S,1,RGBN,--,--,1m,28.3,Unclear,Unclear,--
340,Fields Of The World,https://docs.torchgeo.org/en/stable/api/datasets/fields-of-the-world.html\#fields-of-the-world,2024,"S,I",2/3,S2 MSI,70.8K,256,10m,--,Yes,Yes,GB2+TG
341,FUSU,https://www.google.com/search?q=\%22FUSU\%22+dataset+remote+sensing,2024,"S,CD",17,S1/S2,>30B px,--,10m,--,Unclear,Unclear,--
342,GAMUS,https://scholar.google.com/scholar?q=\%22Zhitong+Xiong\%2C+Sining+Chen\%2C+Yi+Wang\%2C+Lichao+Mou\%2C+and+Xiao+Xiang+Zhu.+Gamus\%3A+A+geometry-aware+multi-modal+semantic+segmentation+benchmark+for+remote+sensing+data\%2C+2023.+7\%22,2024,S,7,RGB+nDSM,--,--,1m,10,Yes,Unclear,Paper
343,Kuro Siwo,https://arxiv.org/abs/2311.12056,2024,S,3,S1 SAR+DEM,67.5K labeled,224,10m,--,Yes,Yes,CB+GB2+Paper
344,MADOS,https://zenodo.org/records/10664073,2024,S,15,S2 MS,2.8K,40$\sim$240,10$\sim$60m,5.35,Yes,Yes,PG
345,QuickQuakeBuildings,https://www.google.com/search?q=\%22QuickQuakeBuildings\%22+dataset+remote+sensing,2024,S,2,RGB+SAR,--,--,0.3m,--,Unclear,Unclear,--
346,Ticino,https://scholar.google.com/scholar?q=\%22Mirko+Paolo+Barbato\%2C+Flavio+Piccoli\%2C+and+Paolo+Napoletano.+Ticino\%3A+A+multi-modal+remote+sensing+dataset+for+semantic+segmentation.+Expert+Systems+with+Applications\%2C+page+123600\%2C+2024.+7\%22,2024,S,10,Multi,--,--,1.86m-30m,--,Unclear,Unclear,--
347,UrbanSARFloods,https://www.google.com/search?q=\%22UrbanSARFloods\%22+dataset+remote+sensing,2024,S,2,S1 SAR,8.9K,--,~10m,--,Unclear,Unclear,--
348,WALD5Dplus,https://www.google.com/search?q=\%22WALD5Dplus\%22+dataset+remote+sensing,2024,S,--,RGB+SAR,--,--,10m,--,Unclear,Unclear,--
349,DL4GAM,https://docs.torchgeo.org/en/stable/api/datasets/dl4gam.html\#dl4gam,2025,S,2,S2 MSI,2.3K/11.4K,256,10m,--,Yes,Unclear,TG
350,OpenEarthMap-SAR,https://github.com/cliffbb/OpenEarthMap-SAR,2025,S,8,SAR+OPT,1.5M segments,--,--,--,Unclear,Unclear,--
351,50 Cities,https://github.com/rhaensch/50cities,2026,S,--,S1/S2,50,--,10m,10.7,Unclear,Unclear,--
352,BELDE,https://arxiv.org/abs/2606.20909,2026,S,7,S2 MS,1.1M,--,10m,--,Unclear,Unclear,--
353,CropSeg,https://shileicao.github.io/papers/a2mae.pdf,2026,S,--,HLS MS,"3,854",--,30m,--,Yes,Yes,GFM
354,FLAIR-HUB,https://docs.torchgeo.org/en/stable/api/datasets/flair-hub.html\#flair-hub,2026,S,19/23,Multi,241.1K,10$\sim$512,0.2$\sim$10m,--,Yes,Unclear,TG
355,CaFFe,https://docs.torchgeo.org/en/stable/api/datasets/caffe.html\#caffe,--,S,2/4,SAR,19.1K,512,6$\sim$20m,--,Yes,Yes,GB2+TG
356,EnviroAtlas,https://docs.torchgeo.org/en/stable/api/datasets/enviroatlas.html\#enviroatlas,--,S,10,Multi,--,--,1m,--,Yes,Unclear,TG
357,L7 Irish,https://docs.torchgeo.org/en/stable/api/datasets/l7-irish.html\#l7-irish,--,S,5,L7 MSI,206,7.5K$\sim$8.4K,15$\sim$30m,--,Yes,Unclear,TG
358,Solar Plants Brazil,https://docs.torchgeo.org/en/stable/api/datasets/solar-plants-brazil.html\#solar-plants-brazil,--,S,2,RGB+NIR,272,256,10m,--,Yes,Unclear,TG
359,Substation,https://docs.torchgeo.org/en/stable/api/datasets/substation.html\#substation,--,S,2,S2 MSI,27K,228,10m,--,Yes,Yes,GB2+TG
360,CrowdAI Mapping,https://github.com/crowdAI/mapping-challenge-starter-kit,2018,I,1,RGB,401.8K,300,--,5.33,Unclear,Unclear,--
361,iSAID,https://scholar.google.com/scholar?q=\%22Syed+Waqas+Zamir\%2C+Aditya+Arora\%2C+Akshita+Gupta\%2C+Salman+Khan\%2C+Guolei+Sun\%2C+Fahad+Shahbaz+Khan\%2C+Fan+Zhu\%2C+Ling+Shao\%2C+Gui-Song+Xia\%2C+and+Xiang+Bai.+isaid\%3A+A+large-scale+dataset+for+instance+segmentation+in+aerial+images.+In+CVPRW\%2C+pages+28\%E2\%80\%9337\%2C+2019.+6\%22,2020,I,15,RGB,2.8K,4000,--,6.54,Unclear,Unclear,--
362,GlobalMLBuildingFootprints,https://www.google.com/search?q=\%22GlobalMLBuildingFootprints\%22+dataset+remote+sensing,2024,I,2,Aerial RGB,--,--,0.5m,--,Unclear,Unclear,--
363,SEN12TP,https://www.google.com/search?q=\%22SEN12TP\%22+dataset+remote+sensing,2023,T,--,S1/S2,2.3K,--,--,--,Unclear,Unclear,--
364,DFC09,https://www.google.com/search?q=\%22DFC09\%22+dataset+remote+sensing,2009,CD,--,Multiple (Satellite),2,--,--,0.098,Unclear,Unclear,--
365,SZTAKI AirChange,https://scholar.google.com/scholar?q=\%22Csaba+Benedek+and+Tam\%C3\%A1s+Szir\%C3\%A1nyi.+Change+detection+in+optical+aerial+images+by+a+multilayer+conditional+mixed+markov+model.+IEEE+TGRS\%2C+47\%2810\%29\%3A3416\%E2\%80\%933430\%2C+2009.+8\%22,2012,CD,2,RGB,13,800,1.5m,0.042,Unclear,Unclear,--
366,Cross-sensor Bastrop,https://scholar.google.com/scholar?q=\%22Michele+Volpi\%2C+Gustau+Camps-Valls\%2C+and+Devis+Tuia.+Spectral+alignment+of+multi-temporal+cross-sensor+images+with+automated+kernel+canonical+correlation+analysis.+ISPRS+J.+Photogramm.+Remote+Sens.\%2C+107\%3A50\%E2\%80\%9363\%2C+2015.+8\%22,2015,CD,2,MS,4,0$\sim$153,3$\sim$12,--,Unclear,Unclear,--
367,AIST Building Change Detection,https://scholar.google.com/scholar?q=\%22Aito+Fujita\%2C+Ken+Sakurada\%2C+Tomoyuki+Imaizumi\%2C+Riho+Ito\%2C+Shuhei+Hikosaka\%2C+and+Ryosuke+Nakamura.+Damage+detection+from+aerial+images+via+convolutional+neural+networks.+In+IAPR+MVA\%2C+pages+5\%E2\%80\%938.+IEEE\%2C+2017.+8\%22,2017,CD,2,RGB,16.9K,160,0.4m,17.8,Unclear,Unclear,--
368,HSI CD,https://www.google.com/search?q=\%22HSI+CD\%22+dataset+remote+sensing,2017,CD,5,HS (Multiple),3$\times$224,800,--,1.7,Unclear,Unclear,--
369,AICD,https://www.google.com/search?q=\%22AICD\%22+dataset+remote+sensing,2018,CD,--,OPT (Aerial),1K,800,--,1.7,Unclear,Unclear,--
370,CDD (season-varying),https://www.google.com/search?q=\%22CDD+\%28season-varying\%29\%22+dataset+remote+sensing,2018,CD,2,RGB,16K,256,0.03$\sim$0.1m,2.7,Unclear,Unclear,--
371,GETNET dataset,https://scholar.google.com/scholar?q=\%22Qi+Wang\%2C+Zhenghang+Yuan\%2C+Qian+Du\%2C+and+Xuelong+Li.+GETNET\%3A+A+general+end-to-end+2-d+cnn+framework+for+hyperspectral+image+change+detection.+IEEE+TGRS\%2C+57\%281\%29\%3A3\%E2\%80\%9313\%2C+2018.+8\%22,2018,CD,2,HS,1,463x241,30m,0.05,Unclear,Unclear,--
372,Hermiston City Oregon,https://scholar.google.com/scholar?q=\%22Javier+L\%C3\%B3pez-Fandi\%C3\%B1o\%2C+Alberto+S+Garea\%2C+Dora+B+Heras\%2C+and+Francisco+Arg\%C3\%BCello.+Stacked+autoencoders+for+multiclass+change+detection+in+hyperspectral+images.+In+IGARSS\%2C+pages+1906\%E2\%80\%931909.+IEEE\%2C+2018.+8\%22,2018,CD,5,HS,1,390x200,30m,--,Unclear,Unclear,--
373,Hyperspectral CD,https://www.google.com/search?q=\%22Hyperspectral+CD\%22+dataset+remote+sensing,2018,CD,5,HS,3,0$\sim$98,30m,1.7,Unclear,Unclear,--
374,OSCD,https://rcdaudt.github.io/oscd/,2018,CD,2,S2,24,600,10m,0.48,Yes,Yes,GFM+TG
375,Synthetic \& Real,https://www.google.com/search?q=\%22Synthetic+\%26+Real\%22+dataset+remote+sensing,2018,CD,--,OPT (Aerial),16K,256,--,2.7,Unclear,Unclear,--
376,WHU Building change detection,https://scholar.google.com/scholar?q=\%22Shunping+Ji\%2C+Shiqing+Wei\%2C+and+Meng+Lu.+Fully+convolutional+networks+for+multisource+building+extraction+from+an+open+aerial+and+satellite+imagery+data+set.+IEEE+TGRS\%2C+57\%281\%29\%3A574\%E2\%80\%93586\%2C+2018.+6\%2C+8\%22,2018,CD,2,RGB,2,15354$\times$32507,0.075m,5,Unclear,Unclear,--
377,xView2,https://arxiv.org/abs/1911.09296,2018,CD,4,RGB,22.1K,1024,0.5m,51,Yes,Yes,PG+TG
378,Flood California flood dataset,https://www.google.com/search?q=\%22Flood+California+flood+dataset\%22+dataset+remote+sensing,2019,CD,2,RGB+MS,1,1534$\times$808,"5m,30m",0.33,Unclear,Unclear,--
379,HRSCD,https://scholar.google.com/scholar?q=\%22Rodrigo+Caye+Daudt\%2C+Bertr+Le+Saux\%2C+Alexandre+Boulch\%2C+and+Yann+Gousseau.+Urban+change+detection+for+multispectral+earth+observation+using+convolutional+neural+networks.+In+IGARSS\%2C+pages+2115\%E2\%80\%932118.+Ieee\%2C+2018.+8\%22,2019,CD,7,RGB,582,10000,0.5m,5.06,Unclear,Unclear,--
380,MtS-WH,https://scholar.google.com/scholar?q=\%22Chen+Wu\%2C+Lefei+Zhang\%2C+and+Liangpei+Zhang.+A+scene+change+detection+framework+for+multi-temporal+very+high+resolution+remote+sensing+images.+Signal+Processing\%2C+124\%3A184\%E2\%80\%93197\%2C+2016.+8\%22,2019,CD,1,RGB-NIR,190,150,1m,0.459,Unclear,Unclear,--
381,DSIFN,https://scholar.google.com/scholar?q=\%22Chenxiao+Zhang\%2C+Peng+Yue\%2C+Deodato+Tapete\%2C+Liangcun+Jiang\%2C+Boyi+Shangguan\%2C+Li+Huang\%2C+and+Guangchao+Liu.+A+deeply+supervised+image+fusion+network+for+change+detection+in+high+resolution+bitemporal+remote+sensing+images.+ISPRS+J.+Photogramm.+Remote+Sens.\%2C+166\%3A183\%E2\%80\%93200\%2C+2020.+8\%22,2020,CD,1,RGB,394,512,10m,0.454,Unclear,Unclear,--
382,Google Data Set,https://www.google.com/search?q=\%22Google+Data+Set\%22+dataset+remote+sensing,2020,CD,2,RGB,19,1000$\sim$5000,0.55m,0.6,Unclear,Unclear,--
383,Hi-UCD,https://arxiv.org/abs/2011.03247,2020,CD,9,RGB,1.3K,1024,0.1m,--,Unclear,Unclear,--
384,LEVIR-CD,https://justchenhao.github.io/LEVIR/,2020,CD,1,RGB,637,1024,0.5m,2.7,Yes,Yes,GFM+TG
385,SECOND,https://scholar.google.com/scholar?q=\%22Kunping+Yang\%2C+Gui-Song+Xia\%2C+Zicheng+Liu\%2C+Bo+Du\%2C+Wen+Yang\%2C+Marcello+Pelillo\%2C+and+Liangpei+Zhang.+Asymmetric+siamese+networks+for+semantic+change+detection+in+aerial+images.+IEEE+TGRS\%2C+60\%3A1\%E2\%80\%9318\%2C+2021.+5\%2C+8\%22,2020,CD,30,RGB,4.7K,512,0.5$\sim$3m,2.2,Unclear,Unclear,--
386,Zhang et al. CD dataset,https://scholar.google.com/scholar?q=\%22Min+Zhang+and+Wenzhong+Shi.+A+feature+difference+convolutional+neural+network-based+change+detection+method.+IEEE+TGRS\%2C+2020.+8\%22,2020,CD,2,RGB+NIR,4,458$\sim$1.4K,2$\sim$5,0.1,Unclear,Unclear,--
387,DFC21-MSD,https://www.google.com/search?q=\%22DFC21-MSD\%22+dataset+remote+sensing,2021,CD,15,MS+MT,2.2K$\times$9,4000,1$\sim$30m,325,Yes,Unclear,Paper
388,Dynamic EarthNet Challenge,https://www.google.com/search?q=\%22Dynamic+EarthNet+Challenge\%22+dataset+remote+sensing,2021,CD,7,RGB,22.5K,1024,3m,--,Yes,Unclear,Name
389,HTCD,https://scholar.google.com/scholar?q=\%22Ruizhe+Shao\%2C+Chun+Du\%2C+Hao+Chen\%2C+and+Jun+Li.+Sunet\%3A+Change+detection+for+heterogeneous+remote+sensing+images+from+satellite+and+uav+using+a+dual-channel+fully+convolution+network.+Remote+Sensing\%2C+13\%2818\%29\%3A3750\%2C+2021.+8\%22,2021,CD,2,RGB,3.8K,256$\sim$2K,0.074m-0.597m,1.74,Unclear,Unclear,--
390,MultimodalSupCD,https://www.google.com/search?q=\%22MultimodalSupCD\%22+dataset+remote+sensing,2021,CD,--,Multi,--,--,--,--,Unclear,Unclear,--
391,MUNO21,https://www.google.com/search?q=\%22MUNO21\%22+dataset+remote+sensing,2021,CD,1,OPT (Aerial),156,12000,--,14.3,Unclear,Unclear,--
392,RapidAI4EO,https://scholar.google.com/scholar?q=\%22Giovanni+Marchisio\%2C+Patrick+Helber\%2C+Benjamin+Bischke\%2C+Timothy+Davis\%2C+Caglar+Senaras\%2C+Daniele+Zanaga\%2C+Ruben+Van+De+Kerchove\%2C+and+Annett+Wania.+Rapidai4eo\%3A+A+corpus+for+higher+spatial+and+temporal+reasoning.+In+2021+IEEE+International+Geoscience+and+Remote+Sensing+Symposium+IGARSS\%2C+pages+1161\%E2\%80\%931164.+IEEE\%2C+2021.+1\%2C+8\%22,2021,CD,44,MS+RGB,500K,--,"3m,10m",--,Yes,Yes,FOMO
393,Relative Radiometric Normalization,https://scholar.google.com/scholar?q=\%22Armin+Moghimi\%2C+Ali+Mohammadzadeh\%2C+Turgay+Celik\%2C+and+Meisam+Amani.+A+novel+radiometric+control+set+sample+selection+strategy+for+relative+radiometric+normalization+of+multitemporal+satellite+images.+IEEE+TGRS\%2C+59\%283\%29\%3A2503\%E2\%80\%932519\%2C+2020.+8\%22,2021,CD,2,MS,7,300$\sim$5000,0$\sim$6,1,Unclear,Unclear,--
394,S2Looking,https://scholar.google.com/scholar?q=\%22Li+Shen\%2C+Yao+Lu\%2C+Hao+Chen\%2C+Hao+Wei\%2C+Donghai+Xie\%2C+Jiabao+Yue\%2C+Rui+Chen\%2C+Shouye+Lv\%2C+and+Bitao+Jiang.+S2looking\%3A+A+satellite+side-looking+dataset+for+building+change+detection.+Remote+Sensing\%2C+13\%2824\%29\%3A5094\%2C+2021.+5\%2C+8\%22,2021,CD,1,RGB,5K$\times$2,1024,0.5$\sim$0.8m,10.2,Unclear,Unclear,--
395,S2MTCP,https://scholar.google.com/scholar?q=\%22Marrit+Leenstra\%2C+Diego+Marcos\%2C+Francesca+Bovolo\%2C+and+Devis+Tuia.+Self-supervised+pre-training+enhances+change+detection+in+sentinel-2+imagery.+In+ICPR\%2C+pages+578\%E2\%80\%93590.+Springer\%2C+2021.+8\%22,2021,CD,--,S2,1.5K,600,10m,10.6,Unclear,Unclear,--
396,SYSU-CD,https://scholar.google.com/scholar?q=\%22Qian+Shi\%2C+Mengxi+Liu\%2C+Shengchen+Li\%2C+Xiaoping+Liu\%2C+Fei+Wang\%2C+and+Liangpei+Zhang.+A+deeply+supervised+attention+metric-based+network+and+an+open+aerial+image+dataset+for+remote+sensing+change+detection.+IEEE+TGRS\%2C+60\%3A1\%E2\%80\%9316\%2C+2021.+8\%22,2021,CD,5,RGB,20K$\times$2,256,0.5m,5.1,Unclear,Unclear,--
397,WH-MAVS,https://scholar.google.com/scholar?q=\%22Jingwen+Yuan\%2C+Lixiang+Ru\%2C+Shugen+Wang\%2C+and+Chen+Wu.+Wh-mavs\%3A+A+novel+dataset+and+deep+learning+benchmark+for+multiple+land+use+and+land+cover+applications.+IEEE+J.+Sel.+Top.+Appl.+Earth+Obs.+Remote+Sens.\%2C+15\%3A1575\%E2\%80\%931590\%2C+2022.+8\%22,2021,CD,15,RGB,47.1K,200,1.2m,--,Yes,Unclear,Paper
398,CDVQA,https://www.google.com/search?q=\%22CDVQA\%22+dataset+remote+sensing,2022,CD,19,RGB,3K,512,0.5$\sim$3m,--,Unclear,Unclear,--
399,Cropland Change Detection (CLCD),https://scholar.google.com/scholar?q=\%22Mengxi+Liu\%2C+Zhuoqun+Chai\%2C+Haojun+Deng\%2C+and+Rong+Liu.+A+cnntransformer+network+with+multi-scale+context+aggregation+for+finegrained+cropland+change+detection.+IEEE+J.+Sel.+Top.+Appl.+Earth+Obs.+Remote+Sens.\%2C+2022.+5\%2C+8\%22,2022,CD,2,RGB,600,512,0.5m-2m,0.5,Unclear,Unclear,--
400,Dynamic World,https://scholar.google.com/scholar?q=\%22Christopher+F+Brown\%2C+Steven+P+Brumby\%2C+Brookie+Guzder-Williams\%2C+Tanya+Birch\%2C+Samantha+Brooks+Hyde\%2C+Joseph+Mazzariello\%2C+Wanda+Czerwinski\%2C+Valerie+J+Pasquarella\%2C+Robert+Haertel\%2C+Simon+Ilyushchenko\%2C+et+al.+Dynamic+world\%2C+near+real-time+global+10+m+land+use+land+cover+mapping.+Scientific+Data\%2C+9\%281\%29\%3A1\%E2\%80\%9317\%2C+2022.+5\%2C+8\%22,2022,CD,9,S2,--,--,10m,--,Unclear,Unclear,--
401,MSBC,https://scholar.google.com/scholar?q=\%22Haoyang+Li\%2C+Fangjie+Zhu\%2C+Xiaoyu+Zheng\%2C+Mengxi+Liu\%2C+and+Guangzhao+Chen.+Mscdunet\%3A+A+deep+learning+framework+for+built-up+area+change+detection+integrating+multispectral\%2C+sar+and+vhr+data.+IEEE+J.+Sel.+Top.+Appl.+Earth+Obs.+Remote+Sens.\%2C+2022.+8\%22,2022,CD,2,Multi,3.8K,256,2m,3.9,Unclear,Unclear,--
402,MSOSCD,https://scholar.google.com/scholar?q=\%22Haoyang+Li\%2C+Fangjie+Zhu\%2C+Xiaoyu+Zheng\%2C+Mengxi+Liu\%2C+and+Guangzhao+Chen.+Mscdunet\%3A+A+deep+learning+framework+for+built-up+area+change+detection+integrating+multispectral\%2C+sar+and+vhr+data.+IEEE+J.+Sel.+Top.+Appl.+Earth+Obs.+Remote+Sens.\%2C+2022.+8\%22,2022,CD,2,Multi,5.1K,256,10$\sim$60m,2.7,Unclear,Unclear,--
403,BANDON,https://scholar.google.com/scholar?q=\%22Chao+Pang\%2C+Jiang+Wu\%2C+Jian+Ding\%2C+Can+Song\%2C+and+Gui-Song+Xia.+Detecting+building+changes+with+off-nadir+aerial+images.+Science+China+Information+Sciences\%2C+66\%284\%29\%3A1\%E2\%80\%9315\%2C+2023.+8\%22,2023,CD,2,RGB,2.3K,2048$\times$2048,0.6m,3.4,Unclear,Unclear,--
404,ChangeNet,https://scholar.google.com/scholar?q=\%22Deyi+Ji\%2C+Siqi+Gao\%2C+Mingyuan+Tao\%2C+Hongtao+Lu\%2C+and+Feng+Zhao.+Changenet\%3A+Multi-temporal+asymmetric+change+detection+dataset.+In+ICASSP+2024-2024+IEEE+International+Conference+on+Acoustics\%2C+Speech+and+Signal+Processing+\%28ICASSP\%29\%2C+pages+2725\%E2\%80\%932729.+IEEE\%2C+2024.+8\%22,2024,CD,6,Multi-temporal RGB,--,--,0.3m,--,Unclear,Unclear,--
405,BRIGHT,https://docs.torchgeo.org/en/stable/api/datasets/bright.html\#bright,2025,CD,4,RGB+SAR,3.2K,1024,0.1$\sim$1m,--,Yes,Unclear,TG
406,FAIR-EO CD Benchmark,https://huggingface.co/bvlabs/FAIR-EO-CD-benchmark,2026,CD,--,Multi,--,--,--,--,Yes,Unclear,Name
407,CaBuAr,https://docs.torchgeo.org/en/stable/api/datasets/cabuar.html\#cabuar,--,CD,2,S2 MSI,424,512,20m,--,Yes,Unclear,TG
408,ChaBuD,https://docs.torchgeo.org/en/stable/api/datasets/chabud.html\#chabud,--,CD,2,S2 MSI,356,512,10m,--,Yes,Unclear,TG
409,MSTAR,https://scholar.google.com/scholar?q=\%22Uma+S+Ranjan+and+Akash+Narayana.+Classification+of+objects+in+sar+images+using+scaling+features.+In+ICVGIP\%2C+2002.+4\%22,1996,OD,--,SAR (Satellite),--,--,0.3m,--,Unclear,Unclear,--
410,SAR Vehicle,https://www.google.com/search?q=\%22SAR+Vehicle\%22+dataset+remote+sensing,2005,OD,1,SAR (Aerial),104,--,--,7.5,Unclear,Unclear,--
411,VIVID - PETS2005,https://www.google.com/search?q=\%22VIVID+-+PETS2005\%22+dataset+remote+sensing,2007,OD,1,OPT (Aerial),9.3K,640,--,--,Unclear,Unclear,--
412,TaS,https://www.google.com/search?q=\%22TaS\%22+dataset+remote+sensing,2008,OD,1,RGB,30,792,0.5m,0.97,Unclear,Unclear,--
413,OIRDS,https://www.google.com/search?q=\%22OIRDS\%22+dataset+remote+sensing,2009,OD,5,RGB,900,256$\sim$640,0.15m,0.153,Unclear,Unclear,--
414,NWPU-VHR10,https://www.google.com/search?q=\%22NWPU-VHR10\%22+dataset+remote+sensing,2014,OD,10,RGB+IRRG,800,1000,0.08$\sim$2m,0.073,Yes,Unclear,TG
415,UCAS\_AOD,https://www.google.com/search?q=\%22UCAS\_AOD\%22+dataset+remote+sensing,2014,OD,2,RGB,976,0$\sim$1,--,3.24,Unclear,Unclear,--
416,PKLot,https://scholar.google.com/scholar?q=\%22Paulo+RL+De+Almeida\%2C+Luiz+S+Oliveira\%2C+Alceu+S+Britto+Jr\%2C+Eunelson+J+Silva+Jr\%2C+and+Alessandro+L+Koerich.+Pklot\%E2\%80\%93a+robust+dataset+for+parking+lot+classification.+Expert+Systems+with+Applications\%2C+42\%2811\%29\%3A4937\%E2\%80\%93+4949\%2C+2015.+6\%22,2015,OD,1,RGB,12.4K,1280,--,4.6,Unclear,Unclear,--
417,CARPK,https://scholar.google.com/scholar?q=\%22Meng-Ru+Hsieh\%2C+Yen-Liang+Lin\%2C+and+Winston+H+Hsu.+Drone-based+object+counting+by+spatially+regularized+regional+proposal+network.+In+ICCV\%2C+pages+4145\%E2\%80\%934153\%2C+2017.+6\%22,2016,OD,1,RGB,1.4K,1280,--,2,Unclear,Unclear,--
418,COWC,https://scholar.google.com/scholar?q=\%22T+Nathan+Mundhenk\%2C+Goran+Konjevod\%2C+Wesam+A+Sakla\%2C+and+Kofi+Boakye.+A+large+contextual+dataset+for+classification\%2C+detection+and+counting+of+cars+with+deep+learning.+In+ECCV\%2C+pages+785\%E2\%80\%93800.+Springer\%2C+2016.+5\%2C+6\%22,2016,OD,1,RGB,388.4K,256,0.15m,64,Yes,Unclear,TG
419,DLR3k/DLR-MVDA,https://www.google.com/search?q=\%22DLR3k\%2FDLR-MVDA\%22+dataset+remote+sensing,2016,OD,7,RGB,20,3744,0.13m,0.162,Unclear,Unclear,--
420,DSTL16B,https://www.google.com/search?q=\%22DSTL16B\%22+dataset+remote+sensing,2016,OD,10,MS (Satellite),1.4K,3391,--,7.3,Unclear,Unclear,--
421,DSTL3B,https://www.google.com/search?q=\%22DSTL3B\%22+dataset+remote+sensing,2016,OD,10,OPT (Satellite),450,3391,--,12.9,Unclear,Unclear,--
422,HSI Vehicle,https://www.google.com/search?q=\%22HSI+Vehicle\%22+dataset+remote+sensing,2016,OD,1,HS (Aerial),157,--,--,--,Unclear,Unclear,--
423,LEVIR,https://www.google.com/search?q=\%22LEVIR\%22+dataset+remote+sensing,2016,OD,3,RGB,22K,800,0.5m,--,Unclear,Unclear,--
424,Stanford Drone Dataset,https://www.google.com/search?q=\%22Stanford+Drone+Dataset\%22+dataset+remote+sensing,2016,OD,6,RGB Video,--,--,0.025m,69,Unclear,Unclear,--
425,HRSC2016,https://scholar.google.com/scholar?q=\%22Zikun+Liu\%2C+Liu+Yuan\%2C+Lubin+Weng\%2C+and+Yiping+Yang.+A+high+resolution+optical+satellite+image+dataset+for+ship+recognition+and+some+new+baselines.+In+ICPRAM\%2C+volume+2\%2C+pages+324\%E2\%80\%93331.+SciTePress\%2C+2017.+6\%22,2017,OD,26,RGB,1.1K,1100,0.4$\sim$2m,8,Unclear,Unclear,--
426,Land Covers Dstl Satellite Imagery,https://www.google.com/search?q=\%22Land+Covers+Dstl+Satellite+Imagery\%22+dataset+remote+sensing,2017,OD,10,RGB+MS,57,3$\sim$348,0.3m-7.5m,21.7,Unclear,Unclear,--
427,OpenSARShip,https://scholar.google.com/scholar?q=\%22Lanqing+Huang\%2C+Bin+Liu\%2C+Boying+Li\%2C+Weiwei+Guo\%2C+Wenhao+Yu\%2C+Zenghui+Zhang\%2C+and+Wenxian+Yu.+Opensarship\%3A+A+dataset+dedicated+to+sentinel1+ship+interpretation.+IEEE+J.+Sel.+Top.+Appl.+Earth+Obs.+Remote+Sens.\%2C+11\%281\%29\%3A195\%E2\%80\%93208\%2C+2017.+5\%2C+6\%22,2017,OD,17,Sentinnel-1,11.3K,--,10m,0.87,Unclear,Unclear,--
428,OpenSARShip 2.0,https://www.google.com/search?q=\%22OpenSARShip+2.0\%22+dataset+remote+sensing,2017,OD,17,Sentinnel-1,34.5K,120,10m,0.87,Unclear,Unclear,--
429,PlanesNet,https://www.google.com/search?q=\%22PlanesNet\%22+dataset+remote+sensing,2017,OD,--,OPT (Satellite),32K,20,--,0.39,Unclear,Unclear,--
430,RSOD,https://scholar.google.com/scholar?q=\%22Yang+Long\%2C+Yiping+Gong\%2C+Zhifeng+Xiao\%2C+and+Qing+Liu.+Accurate+object+localization+in+remote+sensing+images+based+on+convolutional+neural+networks.+IEEE+TGRS\%2C+55\%285\%29\%3A2486\%E2\%80\%932498\%2C+2017.+5\%2C+6\%22,2017,OD,4,RGB,946,1000,0.3$\sim$3m,0.309,Unclear,Unclear,--
431,SSDD,https://scholar.google.com/scholar?q=\%22Jianwei+Li\%2C+Changwen+Qu\%2C+and+Jiaqi+Shao.+Ship+detection+in+sar+images+based+on+an+improved+faster+r-cnn.+In+BIGSARDATA\%2C+pages+1\%E2\%80\%936.+IEEE\%2C+2017.+5\%2C+6\%22,2017,OD,1,SAR (Satellite),1.2K,500,1$\sim$15m,0.995,Unclear,Unclear,--
432,WAMI DIRSIG,https://uzkent.github.io/datasets/,2017,OD,1,HS (Aerial),55.2K,64,0.3m,0.327,Unclear,Unclear,--
433,Airbus Ship Detection Challenge,https://www.kaggle.com/c/airbus-ship-detection,2018,OD,--,RGB,192.6K,768,--,30,Yes,Unclear,Name+Paper
434,DOTA,https://scholar.google.com/scholar?q=\%22Gui-Song+Xia\%2C+Xiang+Bai\%2C+Jian+Ding\%2C+Zhen+Zhu\%2C+Serge+Belongie\%2C+Jiebo+Luo\%2C+Mihai+Datcu\%2C+Marcello+Pelillo\%2C+and+Liangpei+Zhang.+Dota\%3A+A+large-scale+dataset+for+object+detection+in+aerial+images.+In+CVPR\%2C+June+2018.+5\%2C+6\%22,2018,OD,15,RGB,5.2K,800$\sim$4K,--,--,Yes,Unclear,TG
435,DOTA v1.0,https://captain-whu.github.io/DOTA/index.html,2018,OD,15,RGB,2.8K,4000,--,18,Unclear,Unclear,--
436,EU Flood,https://www.google.com/search?q=\%22EU+Flood\%22+dataset+remote+sensing,2018,OD,4,OPT (Multiple),3.7K,1280,--,5.6,Unclear,Unclear,--
437,HighD,https://scholar.google.com/scholar?q=\%22Robert+Krajewski\%2C+Julian+Bock\%2C+Laurent+Kloeker\%2C+and+Lutz+Eckstein.+The+highd+dataset\%3A+A+drone+dataset+of+naturalistic+vehicle+trajectories+on+german+highways+for+validation+of+highly+automated+driving+systems.+In+ITSC\%2C+pages+2118\%E2\%80\%932125\%2C+2018.+6\%22,2018,OD,2,RGB,110K,4096x2160,--,--,Unclear,Unclear,--
438,Iceberg Detection,https://www.google.com/search?q=\%22Iceberg+Detection\%22+dataset+remote+sensing,2018,OD,--,SAR (Satellite),10K,75,--,0.29,Unclear,Unclear,--
439,ITCVD,https://scholar.google.com/scholar?q=\%22Michael+Ying+Yang\%2C+Wentong+Liao\%2C+Xinbo+Li\%2C+and+Bodo+Rosenhahn.+Deep+learning+for+vehicle+detection+in+aerial+images.+In+ICIP\%2C+2018.+5\%2C+6\%22,2018,OD,1,RGB,173,5616,0.1m,1.3,Unclear,Unclear,--
440,Map Challenge,https://www.google.com/search?q=\%22Map+Challenge\%22+dataset+remote+sensing,2018,OD,2,RGB,341.1K,300,--,--,Yes,Unclear,Name
441,Ships in Google Earth,https://www.google.com/search?q=\%22Ships+in+Google+Earth\%22+dataset+remote+sensing,2018,OD,2,RGB,794,2000,--,2,Unclear,Unclear,--
442,SpaceNet-4,https://scholar.google.com/scholar?q=\%22Nicholas+Weir\%2C+David+Lindenbaum\%2C+Alexei+Bastidas\%2C+Adam+Van+Etten\%2C+Sean+McPherson\%2C+Jacob+Shermeyer\%2C+Varun+Kumar\%2C+and+Hanlin+Tang.+Spacenet+mvoi\%3A+A+multi-view+overhead+imagery+dataset.+In+ICCV\%2C+pages+992\%E2\%80\%931001\%2C+2019.+5\%2C+6\%22,2018,OD,--,MS+WorldView2,60K,900,0.3m,186,Unclear,Unclear,--
443,TBF,https://www.google.com/search?q=\%22TBF\%22+dataset+remote+sensing,2018,OD,2,RGB,13,0$\sim$40,--,--,Yes,Unclear,Paper
444,WHU Building,https://scholar.google.com/scholar?q=\%22Shunping+Ji\%2C+Shiqing+Wei\%2C+and+Meng+Lu.+Fully+convolutional+networks+for+multisource+building+extraction+from+an+open+aerial+and+satellite+imagery+data+set.+IEEE+TGRS\%2C+57\%281\%29\%3A574\%E2\%80\%93586\%2C+2018.+6\%2C+8\%22,2018,OD,1,RGB,25.6K,512,0.3m,25,Unclear,Unclear,--
445,AIR-SARShip-1.0,https://scholar.google.com/scholar?q=\%22SUN+Xian\%2C+WANG+Zhirui\%2C+SUN+Yuanrui\%2C+DIAO+Wenhui\%2C+ZHANG+Yue\%2C+and+FU+Kun.+Air-sarship-1.0\%3A+High-resolution+sar+ship+detection+dataset.+Journal+of+Radars\%2C+8\%286\%29\%3A852\%E2\%80\%93863\%2C+2019.+6\%22,2019,OD,1,SAR (Satellite),31,3000,1$\sim$3m,0.2,Unclear,Unclear,--
446,ALCD,https://www.google.com/search?q=\%22ALCD\%22+dataset+remote+sensing,2019,OD,--,MS+S2,38,1830,10$\sim$60m,0.234,Unclear,Unclear,--
447,Bridges,https://scholar.google.com/scholar?q=\%22Keiller+Nogueira\%2C+Caio+da+Silva\%2C+Pedro+Gama\%2C+Gabriel+Machado\%2C+and+Jefersson+Alex+Dos+Santos.+A+tool+for+bridge+detection+in+major+infrastructure+works+using+satellite+images.+WVC\%2C+2019.+6\%22,2019,OD,1,RGB,500,3822,0.5m,1.45,Unclear,Unclear,--
448,built-structure-count,https://scholar.google.com/scholar?q=\%22Anza+Shakeel\%2C+Waqas+Sultani\%2C+and+Mohsen+Ali.+Deep+built-structure+counting+in+satellite+imagery+using+attention+based+re-weighting.+ISPRS+J.+Photogramm.+Remote+Sens.\%2C+151\%3A313\%E2\%80\%93321\%2C+2019.+7\%22,2019,OD,--,RGB,5.4K,512,0.3m,2,Unclear,Unclear,--
449,DLR-ACD,https://www.google.com/search?q=\%22DLR-ACD\%22+dataset+remote+sensing,2019,OD,1,OPT (Aerial),33,4458,--,--,Unclear,Unclear,--
450,DOTA v1.5,https://scholar.google.com/scholar?q=\%22Ding+Jian\%2C+Xue+Nan\%2C+Long+Yang\%2C+Xia+Gui-Song\%2C+and+Lu+Qikai.+Learning+roi+transformer+for+detecting+oriented+objects+in+aerial+images.+In+CVPR\%2C+June+2019.+6\%22,2019,OD,16,RGB,2.8K,4000,--,18,Unclear,Unclear,--
451,Interaction Dataset,https://arxiv.org/abs/1910.03088,2019,OD,1,RGB,10.9K,--,--,--,Unclear,Unclear,--
452,Microsoft Building (Australia),https://www.google.com/search?q=\%22Microsoft+Building+\%28Australia\%29\%22+dataset+remote+sensing,2019,OD,--,--,11.3M,--,--,6.4,Unclear,Unclear,--
453,MTARSI,https://www.google.com/search?q=\%22MTARSI\%22+dataset+remote+sensing,2019,OD,1,RGB,9.4K,256,--,0.48,Unclear,Unclear,--
454,NYCPlanimetric,https://www.google.com/search?q=\%22NYCPlanimetric\%22+dataset+remote+sensing,2019,OD,24,OPT (Aerial),2.1K,5000,--,2,Unclear,Unclear,--
455,Oil Palm Plant,https://www.google.com/search?q=\%22Oil+Palm+Plant\%22+dataset+remote+sensing,2019,OD,2,RGB,20K,--,3m,0.5,Unclear,Unclear,--
456,Oil Storage Tanks,https://www.kaggle.com/towardsentropy/oil-storage-tanks,2019,OD,1,RGB,10K,512,0.5m,3,Unclear,Unclear,--
457,SAR Ship Detection,https://scholar.google.com/scholar?q=\%22Yuanyuan+Wang\%2C+Chao+Wang\%2C+Hong+Zhang\%2C+Yingbo+Dong\%2C+and+Sisi+Wei.+A+sar+dataset+of+ship+detection+for+deep+learning+under+complex+backgrounds.+Remote+Sensing\%2C+11\%287\%29\%2C+2019.+6+25\%22,2019,OD,1,SAR,43.8K,256,3m-10m,0.407,Unclear,Unclear,--
458,SAR VD,https://www.google.com/search?q=\%22SAR+VD\%22+dataset+remote+sensing,2019,OD,1,SAR (Aerial),104,980,--,7.5,Unclear,Unclear,--
459,SIMD,https://scholar.google.com/scholar?q=\%22M.+Haroon\%2C+M.+Shahzad\%2C+and+M.+M.+Fraz.+Multi-sized+object+detection+using+spaceborne+optical+imagery.+IEEE+J.+Sel.+Top.+Appl.+Earth+Obs.+Remote+Sens.\%2C+13\%3A3032\%E2\%80\%933046\%2C+2020.+6\%22,2019,OD,15,RGB,5K,1024,--,1,Unclear,Unclear,--
460,Swimming pool/car,https://www.google.com/search?q=\%22Swimming+pool\%2Fcar\%22+dataset+remote+sensing,2019,OD,2,RGB,3.8K,224,--,0.12,Unclear,Unclear,--
461,VisDrone2019-DET,https://scholar.google.com/scholar?q=\%22Pengfei+Zhu\%2C+Longyin+Wen\%2C+Dawei+Du\%2C+Xiao+Bian\%2C+Heng+Fan\%2C+Qinghua+Hu\%2C+and+Haibin+Ling.+Detection+and+tracking+meet+drones+challenge.+IEEE+Trans.+Pattern+Anal.+Mach.+Intell.\%2C+pages+1\%E2\%80\%931\%2C+2021.+6\%2C+17\%22,2019,OD,10,RGB,10.2K,2000x1500,--,2,Yes,Unclear,Paper
462,VisDrone2019-MOT,https://scholar.google.com/scholar?q=\%22Pengfei+Zhu\%2C+Longyin+Wen\%2C+Dawei+Du\%2C+Xiao+Bian\%2C+Heng+Fan\%2C+Qinghua+Hu\%2C+and+Haibin+Ling.+Detection+and+tracking+meet+drones+challenge.+IEEE+Trans.+Pattern+Anal.+Mach.+Intell.\%2C+pages+1\%E2\%80\%931\%2C+2021.+6\%2C+17\%22,2019,OD,5,RGB Video,40K,3840x2160,--,14,Yes,Unclear,Paper
463,VisDrone2019-SOT,https://scholar.google.com/scholar?q=\%22Pengfei+Zhu\%2C+Longyin+Wen\%2C+Dawei+Du\%2C+Xiao+Bian\%2C+Heng+Fan\%2C+Qinghua+Hu\%2C+and+Haibin+Ling.+Detection+and+tracking+meet+drones+challenge.+IEEE+Trans.+Pattern+Anal.+Mach.+Intell.\%2C+pages+1\%E2\%80\%931\%2C+2021.+6\%2C+17\%22,2019,OD,3,RGB Video,139.3K,3840x2160,--,68,Yes,Unclear,Paper
464,VisDrone2019-VID,https://scholar.google.com/scholar?q=\%22Pengfei+Zhu\%2C+Longyin+Wen\%2C+Dawei+Du\%2C+Xiao+Bian\%2C+Heng+Fan\%2C+Qinghua+Hu\%2C+and+Haibin+Ling.+Detection+and+tracking+meet+drones+challenge.+IEEE+Trans.+Pattern+Anal.+Mach.+Intell.\%2C+pages+1\%E2\%80\%931\%2C+2021.+6\%2C+17\%22,2019,OD,5,RGB,40K,3840x2160,--,14,Yes,Unclear,Paper
465,Aerial Maritime Drone,https://www.google.com/search?q=\%22Aerial+Maritime+Drone\%22+dataset+remote+sensing,2020,OD,5,RGB,508,800x600,--,0.038,Unclear,Unclear,--
466,Agriculture-Vision,https://scholar.google.com/scholar?q=\%22Mang+Tik+Chiu\%2C+Xingqian+Xu\%2C+Yunchao+Wei\%2C+Zilong+Huang\%2C+Alexander+G+Schwing\%2C+Robert+Brunner\%2C+Hrant+Khachatrian\%2C+Hovnatan+Karapetyan\%2C+Ivan+Dozier\%2C+Greg+Rose\%2C+et+al.+Agriculture-vision\%3A+A+large+aerial+image+database+for+agricultural+pattern+analysis.+In+CVPR\%2C+pages+2828\%E2\%80\%93+2838\%2C+2020.+5\%2C+7\%22,2020,OD,6,HS (Aerial),95K,512,0.463m,4.39,Unclear,Unclear,--
467,AIR-SARShip-2,https://www.google.com/search?q=\%22AIR-SARShip-2.0\%22+dataset,2020,OD,1,SAR (Satellite),300,1000,1$\sim$3m,0.224,Unclear,Unclear,--
468,AI-TOD,https://scholar.google.com/scholar?q=\%22Jinwang+Wang\%2C+Wen+Yang\%2C+Haowen+Guo\%2C+Ruixiang+Zhang\%2C+and+GuiSong+Xia.+Tiny+object+detection+in+aerial+images.+pages+3791\%E2\%80\%933798\%2C+2021.+5\%2C+6\%22,2020,OD,--,RGB,28K,--,0.3m-30m,22,Unclear,Unclear,--
469,AU-AIR,https://scholar.google.com/scholar?q=\%22Ilker+Bozcan+and+Erdal+Kayacan.+Au-air\%3A+A+multi-modal+unmanned+aerial+vehicle+dataset+for+low+altitude+traffic+surveillance.+In+ICRA\%2C+pages+8504\%E2\%80\%938510.+IEEE\%2C+2020.+6\%22,2020,OD,8,RGB,32.8K,1920,--,2.2,Unclear,Unclear,--
470,BIRDSAI,https://scholar.google.com/scholar?q=\%22Elizabeth+Bondi\%2C+Raghav+Jain\%2C+Palash+Aggrawal\%2C+Saket+Anand\%2C+Robert+Hannaford\%2C+Ashish+Kapoor\%2C+Jim+Piavis\%2C+Shital+Shah\%2C+Lucas+Joppa\%2C+Bistra+Dilkina\%2C+et+al.+Birdsai\%3A+A+dataset+for+detection+and+tracking+in+aerial+thermal+infrared+videos.+In+WACV\%2C+pages+1747\%E2\%80\%931756\%2C+2020.+6\%22,2020,OD,--,TIR,162K,640,--,43.2,Unclear,Unclear,--
471,DIOR,https://www.google.com/search?q=\%22DIOR\%22+dataset+remote+sensing,2020,OD,20,RGB,23.5K,800,0.5m-30m,--,Yes,Yes,REO+TG
472,DOTA v2.0,https://captain-whu.github.io/DOTA/index.html,2020,OD,18,RGB,11.3K,4000,0.1$\sim$0.81,34.3,Unclear,Unclear,--
473,DroneRGBT,https://www.google.com/search?q=\%22DroneRGBT\%22+dataset+remote+sensing,2020,OD,1,Multiple (Drone),3.6K,640,--,--,Unclear,Unclear,--
474,EAGLE,https://scholar.google.com/scholar?q=\%22Seyed+Majid+Azimi\%2C+Reza+Bahmanyar\%2C+Corentin+Henry\%2C+and+Franz+Kurz.+Eagle\%3A+Large-scale+vehicle+detection+dataset+in+real-world+scenarios+using+aerial+imagery.+In+ICPR\%2C+pages+6920\%E2\%80\%936927\%2C+2021.+6\%22,2020,OD,--,RGB,8.8K,936,0.05$\sim$0.45m,--,Unclear,Unclear,--
475,EoC,https://www.google.com/search?q=\%22EoC\%22+dataset+remote+sensing,2020,OD,14,OPT (Aerial),2.8K,256,--,0.217,Unclear,Unclear,--
476,FAIR1M,https://www.google.com/search?q=\%22FAIR1M\%22+dataset+remote+sensing,2020,OD,37,OPT (Satellite),15.3K,5000,--,120,Yes,Unclear,TG
477,FGSD,https://www.google.com/search?q=\%22FGSD\%22+dataset+remote+sensing,2020,OD,43,OPT (Satellite),4.7K,930,--,--,Unclear,Unclear,--
478,HRSID,https://scholar.google.com/scholar?q=\%22Shunjun+Wei\%2C+Xiangfeng+Zeng\%2C+Qizhe+Qu\%2C+Mou+Wang\%2C+Hao+Su\%2C+and+Jun+Shi.+Hrsid\%3A+A+high-resolution+sar+images+dataset+for+ship+detection+and+instance+segmentation.+Ieee+Access\%2C+8\%3A120234\%E2\%80\%93120254\%2C+2020.+5\%2C+6\%22,2020,OD,1,S1+SAR,5.6K,800,0.5$\sim$3m,0.581,Unclear,Unclear,--
479,Intersection Drone,https://scholar.google.com/scholar?q=\%22Julian+Bock\%2C+Robert+Krajewski\%2C+Tobias+Moers\%2C+Steffen+Runde\%2C+Lennart+Vater\%2C+and+Lutz+Eckstein.+The+ind+dataset\%3A+A+drone+dataset+of+naturalistic+road+user+trajectories+at+german+intersections.+In+IV\%2C+pages+1929\%E2\%80\%931934\%2C+2020.+6\%22,2020,OD,5,RGB,11.5K,4096x2160,--,--,Unclear,Unclear,--
480,LS-SSDD,https://github.com/TianwenZhang0825/LS-SSDD-v1.0-OPEN,2020,OD,1,SAR (Satellite),15,20000,1$\sim$15m,7.8,Unclear,Unclear,--
481,MOR-UAV,https://scholar.google.com/scholar?q=\%22Murari+Mandal\%2C+Lav+Kush+Kumar\%2C+and+Santosh+Kumar+Vipparthi.+Moruav\%3A+A+benchmark+dataset+and+baselines+for+moving+object+recognition+in+uav+videos.+In+ACM+Multimedia\%2C+pages+2626\%E2\%80\%932635\%2C+2020.+6\%22,2020,OD,2,RGB,10.9K,608,--,--,Yes,Unclear,Paper
482,NEON Tree Crowns,https://scholar.google.com/scholar?q=\%22Ben+Weinstein\%2C+Sergio+Marconi\%2C+Alina+Zare\%2C+Stephanie+Bohlman\%2C+Sarah+Graves\%2C+Aditya+Singh\%2C+and+Ethan+White.+Neon+tree+crowns+dataset\%2C+April+2020.+Gordon+and+Betty+Moore+Foundation\%3A+GBMF4563.+6\%22,2020,OD,2,RGB,11K,--,--,27.4,Unclear,Unclear,--
483,Oil and Gas Tank (OGST),https://www.google.com/search?q=\%22Oil+and+Gas+Tank+\%28OGST\%29\%22+dataset+remote+sensing,2020,OD,2,RGB,10K,512,0.3m,1.87,Unclear,Unclear,--
484,RarePlanes,https://spacenet.ai/rareplanes/,2020,OD,110,MS+WorldView3,713.3K,512,0.3$\sim$1.5m,318,Unclear,Unclear,--
485,Roundabouts Drone,https://scholar.google.com/scholar?q=\%22Robert+Krajewski\%2C+Tobias+Moers\%2C+Julian+Bock\%2C+Lennart+Vater\%2C+and+Lutz+Eckstein.+The+round+dataset\%3A+A+drone+dataset+of+road+user+trajectories+at+roundabouts+in+germany.+In+ITSC\%2C+pages+1\%E2\%80\%936\%2C+2020.+6\%22,2020,OD,8,RGB,13.7K,4096x2160,--,--,Unclear,Unclear,--
486,RSOC,https://scholar.google.com/scholar?q=\%22Guangshuai+Gao\%2C+Qingjie+Liu\%2C+and+Yunhong+Wang.+Counting+from+sky\%3A+A+large-scale+data+set+for+remote+sensing+object+counting+and+a+benchmark+method.+IEEE+TGRS\%2C+59\%285\%29\%3A3642\%E2\%80\%933655\%2C+2020.+6\%2C+17\%22,2020,OD,4,RGB,3.1K,2500,--,--,Yes,Unclear,Paper
487,TGRS-HRRSD,https://scholar.google.com/scholar?q=\%22Yuanlin+Zhang\%2C+Yuan+Yuan\%2C+Yachuang+Feng\%2C+and+Xiaoqiang+Lu.+Hierarchical+and+robust+convolutional+neural+network+for+very+high-resolution+remote+sensing+object+detection.+IEEE+TGRS\%2C+57\%288\%29\%3A5535\%E2\%80\%935548\%2C+2019.+5\%2C+6\%2C+12\%22,2020,OD,13,RGB,21.8K,930,0.15m-1.2m,9,Unclear,Unclear,--
488,VisDrone,http://aiskyeye.com/,2020,OD,--,RGB,275.4K,1400,--,85,Unclear,Unclear,--
489,AFO,https://scholar.google.com/scholar?q=\%22Jan+G+\%CB\%9Basienica-J\%C3\%B3zkowy\%2C+Mateusz+Knapik\%2C+and+Boguslaw+Cyganek.+An+ensemble+deep+learning+method+with+optimized+weights+for+dronebased+water+rescue+and+surveillance.+Integrated+Computer-Aided+Engineering\%2C+pages+1\%E2\%80\%9315\%2C+01+2021.+6\%22,2021,OD,2,RGB,3.6K,3840,--,5,Unclear,Unclear,--
490,Airbus Aircraft Detection,https://www.google.com/search?q=\%22Airbus+Aircraft+Detection\%22+dataset+remote+sensing,2021,OD,1,RGB,103,2560,0.5m,0.092,Unclear,Unclear,--
491,Airbus Oil Storage Detection,https://www.google.com/search?q=\%22Airbus+Oil+Storage+Detection\%22+dataset+remote+sensing,2021,OD,1,MS,98,2560,1.2m,0.101,Unclear,Unclear,--
492,AMD,https://www.google.com/search?q=\%22AMD\%22+dataset+remote+sensing,2021,OD,5,OPT (Drone),508,800,--,0.037,Unclear,Unclear,--
493,AnimalDrone,https://www.google.com/search?q=\%22AnimalDrone\%22+dataset+remote+sensing,2021,OD,--,OPT (Drone),53.6K,--,--,--,Unclear,Unclear,--
494,ArcticSeals,https://www.google.com/search?q=\%22ArcticSeals\%22+dataset+remote+sensing,2021,OD,1,MS (Aerial),88K,6576,--,1K,Unclear,Unclear,--
495,ArtifiVe-Potsdam,https://scholar.google.com/scholar?q=\%22Immanuel+Weber\%2C+Jens+Bongartz\%2C+and+Ribana+Roscher.+Artifivepotsdam\%3A+A+benchmark+for+learning+with+artificial+objects+for+improved+aerial+vehicle+detection.+In+IGARSS\%2C+pages+1214\%E2\%80\%931217.+IEEE\%2C+2021.+6\%22,2021,OD,1,MS,4.8K,600,0.05m,15.6,Yes,Unclear,Paper
496,CASIA-aircraft,https://www.google.com/search?q=\%22CASIA-aircraft\%22+dataset+remote+sensing,2021,OD,2,RGB,58.1K,399,--,--,Unclear,Unclear,--
497,CASIA-Ship,https://www.google.com/search?q=\%22CASIA-Ship\%22+dataset+remote+sensing,2021,OD,2,RGB,1.1K,1$\sim$680,--,--,Unclear,Unclear,--
498,CGI Planes,https://www.google.com/search?q=\%22CGI+Planes\%22+dataset+remote+sensing,2021,OD,2,RGB,500,--,--,0.7,Unclear,Unclear,--
499,DroneVehicle,https://scholar.google.com/scholar?q=\%22Yiming+Sun\%2C+Bing+Cao\%2C+Pengfei+Zhu\%2C+and+Qinghua+Hu.+Drone-based+rgb-infrared+cross-modality+vehicle+detection+via+uncertainty-aware+learning.+IEEE+TCSVT\%2C+pages+1\%E2\%80\%931\%2C+2022.+6\%22,2021,OD,5,RGB-Infrared,56.9K,840,--,--,Unclear,Unclear,--
500,DSSDD,https://www.google.com/search?q=\%22DSSDD\%22+dataset+remote+sensing,2021,OD,1,SAR (Satellite),1.2K,256,--,1.27,Unclear,Unclear,--
501,Flying Airplanes,https://www.google.com/search?q=\%22Flying+Airplanes\%22+dataset+remote+sensing,2021,OD,1,OPT (Satellite),8K,--,--,491,Unclear,Unclear,--
502,Forest Damage,https://www.google.com/search?q=\%22Forest+Damage\%22+dataset+remote+sensing,2021,OD,5,RGB,1.5K,1500,--,3.3,Yes,Unclear,TG
503,LEVIR-Ship,https://www.google.com/search?q=\%22LEVIR-Ship\%22+dataset+remote+sensing,2021,OD,1,OPT (Satellite),3.9K,512,--,0.821,Unclear,Unclear,--
504,MultiDrone,https://www.google.com/search?q=\%22MultiDrone\%22+dataset+remote+sensing,2021,OD,9,OPT (Drone),259.8K,1280,--,--,Unclear,Unclear,--
505,NASAdebris,https://www.google.com/search?q=\%22NASAdebris\%22+dataset+remote+sensing,2021,OD,1,OPT (Satellite),707,256,--,0.073,Yes,Unclear,TG
506,NEON Tree Dataset,https://scholar.google.com/scholar?q=\%22Ben+Weinstein\%2C+Sergio+Marconi\%2C+Alina+Zare\%2C+Stephanie+Bohlman\%2C+Sarah+Graves\%2C+Aditya+Singh\%2C+and+Ethan+White.+Neon+tree+crowns+dataset\%2C+April+2020.+Gordon+and+Betty+Moore+Foundation\%3A+GBMF4563.+6\%22,2021,OD,1,Multiple (Aerial),2.2K$\times$426,40,--,8.4,Yes,Yes,FOMO
507,SaRNet,https://scholar.google.com/scholar?q=\%22Michael+Thoreau+and+Frazer+Wilson.+Sarnet\%3A+A+dataset+for+deep+learning+assisted+search+and+rescue+with+satellite+imagery\%2C+2021.+6\%22,2021,OD,1,OPT (Satellite),2.6K,1000,--,0.894,Unclear,Unclear,--
508,SeabirdsDetection,https://www.google.com/search?q=\%22SeabirdsDetection\%22+dataset+remote+sensing,2021,OD,1,OPT (Aerial),1,28814,--,2.2,Unclear,Unclear,--
509,Search and Rescue (SaR),https://scholar.google.com/scholar?q=\%22Michael+Thoreau+and+Frazer+Wilson.+Sarnet\%3A+A+dataset+for+deep+learning+assisted+search+and+rescue+with+satellite+imagery\%2C+2021.+6\%22,2021,OD,1,RGB,2.6K,1000,0.5m,--,Unclear,Unclear,--
510,ShipRSImageNet,https://www.google.com/search?q=\%22ShipRSImageNet\%22+dataset+remote+sensing,2021,OD,1,OPT (Satellite),3.4K,930,--,4.3,Unclear,Unclear,--
511,SRSDD-v1.0,https://www.google.com/search?q=\%22SRSDD-v1.0\%22+dataset+remote+sensing,2021,OD,6,SAR (Satellite),666,1024,--,0.713,Unclear,Unclear,--
512,SWIM,https://scholar.google.com/scholar?q=\%22Fuduo+Xue\%2C+Weiqi+Jin\%2C+Su+Qiu\%2C+and+Jie+Yang.+Rethinking+automatic+ship+wake+detection\%3A+State-of-the-art+cnn-based+wake+detection+via+optical+images.+IEEE+TGRS\%2C+60\%3A1\%E2\%80\%9322\%2C+2021.+6\%22,2021,OD,1,RGB,14.6K,768,0.5$\sim$2.5m,12,Unclear,Unclear,--
513,TopoBoundary,https://www.google.com/search?q=\%22TopoBoundary\%22+dataset+remote+sensing,2021,OD,8,OPT (Aerial),25.3K,1000,--,20,Unclear,Unclear,--
514,Urban Tree Crown Detection,https://arxiv.org/abs/2208.10607,2021,OD,1,OPT (Aerial),220,512,--,0.2,Unclear,Unclear,--
515,WHUS2-CD+,https://www.google.com/search?q=\%22WHUS2-CD\%2B\%22+dataset+remote+sensing,2021,OD,--,S2,36,10980,10m,27.8,Unclear,Unclear,--
516,xView3-SAR,https://www.google.com/search?q=\%22xView3-SAR\%22+dataset+remote+sensing,2021,OD,2,S1,991$\times$2,27000,10m,2K,Unclear,Unclear,--
517,Yosemite Tree,https://www.google.com/search?q=\%22Yosemite+Tree\%22+dataset+remote+sensing,2021,OD,1,OPT (Aerial),1,38400,--,2.7,Unclear,Unclear,--
518,AISD,https://www.google.com/search?q=\%22AISD\%22+dataset+remote+sensing,2022,OD,--,RGB,--,--,--,--,Unclear,Unclear,--
519,BONAI,https://scholar.google.com/scholar?q=\%22Jinwang+Wang\%2C+Lingxuan+Meng\%2C+Weijia+Li\%2C+Wen+Yang\%2C+Lei+Yu\%2C+and+Gui-Song+Xia.+Learning+to+extract+building+footprints+from+off-nadir+aerial+images.+IEEE+Trans.+Pattern+Anal.+Mach.+Intell.\%2C+pages+1\%E2\%80\%931\%2C+2022.+6\%22,2022,OD,1,RGB,3.3K,1$\sim$24,0.3m-0.6m,4.86,Unclear,Unclear,--
520,Buildings Containers Cranes,https://www.google.com/search?q=\%22Buildings+Containers+Cranes\%22+dataset+remote+sensing,2022,OD,3,OPT (Satellite),--,2500,--,3,Unclear,Unclear,--
521,DroneCrowd,https://www.google.com/search?q=\%22DroneCrowd\%22+dataset+remote+sensing,2022,OD,1,OPT (Drone),33.6K,1920,--,10.4,Unclear,Unclear,--
522,HRPlanesv2,https://www.google.com/search?q=\%22HRPlanesv2\%22+dataset+remote+sensing,2022,OD,1,OPT (Satellite),2.1K,4800,--,8.1,Unclear,Unclear,--
523,MSAR,https://www.google.com/search?q=\%22MSAR\%22+dataset+remote+sensing,2022,OD,4,SAR (Satellite),28.4K,256,--,2.5,Unclear,Unclear,--
524,OnlyPlanes,https://www.google.com/search?q=\%22OnlyPlanes\%22+dataset+remote+sensing,2022,OD,1,OPT (Satellite),12.5K,1024,--,15,Unclear,Unclear,--
525,RampBuilding,https://www.google.com/search?q=\%22RampBuilding\%22+dataset+remote+sensing,2022,OD,1,OPT (Satellite),96.3K,256,--,24.8,Unclear,Unclear,--
526,RSDD-SAR,https://www.google.com/search?q=\%22RSDD-SAR\%22+dataset+remote+sensing,2022,OD,--,SAR (Satellite),7K,512,--,--,Unclear,Unclear,--
527,SADD,https://www.google.com/search?q=\%22SADD\%22+dataset+remote+sensing,2022,OD,1,SAR (Satellite),3K,224,--,--,Unclear,Unclear,--
528,SAR Aircraft,https://scholar.google.com/scholar?q=\%22Peng+Zhang\%2C+Hao+Xu\%2C+Tian+Tian\%2C+Peng+Gao\%2C+Linfeng+Li\%2C+Tianming+Zhao\%2C+Nan+Zhang\%2C+and+Jinwen+Tian.+Sefepnet\%3A+Scale+expansion+and+feature+enhancement+pyramid+network+for+sar+aircraft+detection+with+small+sample+dataset.+IEEE+J.+Sel.+Top.+Appl.+Earth+Obs.+Remote+Sens.\%2C+15\%3A3365\%E2\%80\%933375\%2C+2022.+6\%22,2022,OD,2,SAR,3K,224,0.5m-3m,0.18,Unclear,Unclear,--
529,Satellite Pool Detection,https://www.google.com/search?q=\%22Satellite+Pool+Detection\%22+dataset+remote+sensing,2022,OD,1,OPT (Satellite),14.9K,512,--,3.7,Unclear,Unclear,--
530,SeaDronesSee,https://scholar.google.com/scholar?q=\%22Leon+Amadeus+Varga\%2C+Benjamin+Kiefer\%2C+Martin+Messmer\%2C+and+Andreas+Zell.+Seadronessee\%3A+A+maritime+benchmark+for+detecting+humans+in+open+water.+In+WACV\%2C+pages+2260\%E2\%80\%932270\%2C+2022.+6\%22,2022,OD,6,RGB,5.6K,3$\sim$840,--,60.3,Yes,Unclear,Paper
531,SODA,https://arxiv.org/abs/2207.14096,2022,OD,9,RGB,2.5K,2.7K$\sim$4.8K,--,--,Yes,Unclear,TG
532,UAVOD-10,https://scholar.google.com/scholar?q=\%22Han+Wei\%2C+Li+Jun\%2C+Wang+Sheng\%2C+Wang+Yi\%2C+Yan+Jining\%2C+Fan+Runyu\%2C+Zhang+Xiaohan\%2C+and+Wang+Lizhe.+A+context-scale-aware+detector+and+a+new+benchmark+for+remote+sensing+small+weak+object+detection+in+unmanned+aerial+vehicle+images.+Int.+J.+Appl.+Earth+Obs.+Geoinformation\%2C+112\%3A102966\%2C+2022.+5\%2C+6\%22,2022,OD,10,OPT,844,--,--,--,Yes,Unclear,Paper
533,VISO,https://www.google.com/search?q=\%22VISO\%22+dataset+remote+sensing,2022,OD,4,OPT (Satellite),15.5K,12000,--,8.6,Unclear,Unclear,--
534,MDMT,https://www.google.com/search?q=\%22MDMT\%22+dataset+remote+sensing,2023,OD,--,OPT (Drone),39.7K,--,--,25.8,Unclear,Unclear,--
535,EverWatch,https://docs.torchgeo.org/en/stable/api/datasets/everwatch.html\#everwatch,2024,OD,8,RGB,5.3K,1500,0.01m,--,Yes,Yes,GB2+TG
536,LEVIRDet-159,https://arxiv.org/abs/2606.25312,2026,OD,159,OPT,~700K,--,--,--,Unclear,Unclear,--
537,MSDS900,https://www.google.com/search?q=\%22MSDS900\%22+dataset+remote+sensing,--,OD,1,OPT (Satellite),3K,900,--,--,Unclear,Unclear,--
538,MSDSfull,https://www.google.com/search?q=\%22MSDSfull\%22+dataset+remote+sensing,--,OD,1,OPT (Satellite),200,4800,--,--,Unclear,Unclear,--
539,PSDS,https://www.google.com/search?q=\%22PSDS\%22+dataset+remote+sensing,--,OD,1,OPT (Satellite),1.3K,900,--,--,Unclear,Unclear,--
540,SMCDD,https://www.google.com/search?q=\%22SMCDD\%22+dataset+remote+sensing,--,OD,--,SAR (Satellite),--,--,--,--,Unclear,Unclear,--
541,Sydney caption,https://www.google.com/search?q=\%22Sydney+caption\%22+dataset+remote+sensing,2016,IC,7,RGB,613,500,0.5m,0.298,Unclear,Unclear,--
542,UCM caption,https://scholar.google.com/scholar?q=\%22Xiaoqiang+Lu\%2C+Binqiang+Wang\%2C+Xiangtao+Zheng\%2C+and+Xuelong+Li.+Exploring+models+and+data+for+remote+sensing+image+caption+generation.+IEEE+TGRS\%2C+56\%284\%29\%3A2183\%E2\%80\%932195.+8\%2C+9\%22,2016,IC,21,RGB,2.1K,256,0.3m,0.255,Unclear,Unclear,--
543,RSICD,https://scholar.google.com/scholar?q=\%22Xiaoqiang+Lu\%2C+Binqiang+Wang\%2C+Xiangtao+Zheng\%2C+and+Xuelong+Li.+Exploring+models+and+data+for+remote+sensing+image+caption+generation.+IEEE+TGRS\%2C+56\%284\%29\%3A2183\%E2\%80\%932195.+8\%2C+9\%22,2017,IC,--,OPT+Text,10.9K,--,--,--,Unclear,Unclear,--
544,RSITMD,https://arxiv.org/abs/2204.09868,2021,IC,--,OPT+Text,4.7K,--,--,--,Unclear,Unclear,--
545,LEVIR-CC,https://www.google.com/search?q=\%22LEVIR-CC\%22+dataset+remote+sensing,2022,IC,--,RGB,10.1K,512,--,--,Unclear,Unclear,--
546,ChatEarthNet,https://arxiv.org/abs/2402.11325,2024,IC,--,S2+Text,173.5K,256,10m,38.4,Unclear,Unclear,--
547,LHRS-Align,https://arxiv.org/abs/2402.02544,2024,IC,--,RGB,--,--,0.5m-30m,--,Unclear,Unclear,--
548,VRSBench,https://vrsbench.github.io/,2024,IC,--,OPT+Text,29.6K,--,--,--,Yes,Yes,REO
549,RSCC,https://www.google.com/search?q=\%22RSCC\%22+dataset+remote+sensing,2025,IC,--,OPT+Text,62.4K,--,--,--,Unclear,Unclear,--
550,BigEarthNet.txt,https://txt.bigearth.net/,2026,IC,--,S1/S2+Text,464K,--,10m,--,Unclear,Unclear,--
551,Sentinel2Cap,https://arxiv.org/html/2605.03189v1,2026,IC,--,S2+Text,--,--,--,--,Unclear,Unclear,--
552,DFC06,https://www.google.com/search?q=\%22DFC06\%22+dataset+remote+sensing,2006,SR,--,MS (Aerial),6,5000,--,0.39,Unclear,Unclear,--
553,Proba-V Super Resolution,https://doi.org/10.5281/zenodo.6327426,2018,SR,--,MS (Satellite),1.2K,384,--,0.692,Unclear,Unclear,--
554,SEN12MS-CR,https://patricktum.github.io/cloud_removal/sen12mscr/,2020,SR,--,S1/S2,122.2K triplets,256,10m,--,Yes,Yes,GFM+Paper
555,ALSAT-2B,https://scholar.google.com/scholar?q=\%22Achraf+Djerida\%2C+Khelifa+Djerriri\%2C+Moussa+Sofiane+Karoui\%2C+et+al.+A+new+public+alsat-2b+dataset+for+single-image+super-resolution.+In+IGARSS\%2C+pages+8095\%E2\%80\%938098.+IEEE\%2C+2021.+16\%2C+17\%22,2021,SR,--,OPT (Satellite),5.5K,256,--,0.07,Unclear,Unclear,--
556,PAirMAX (Airbus),https://www.google.com/search?q=\%22PAirMAX+\%28Airbus\%29\%22+dataset+remote+sensing,2021,SR,--,MS (Satellite),14,--,--,0.153,Unclear,Unclear,--
557,PAirMAX (MAXAR),https://www.google.com/search?q=\%22PAirMAX+\%28MAXAR\%29\%22+dataset+remote+sensing,2021,SR,--,OPT,14,--,--,--,Unclear,Unclear,--
558,PushFrameSR,https://www.google.com/search?q=\%22PushFrameSR\%22+dataset+remote+sensing,2021,SR,--,OPT (Satellite),960$\times$15,256,--,1.1,Unclear,Unclear,--
559,Jilin1 VidSR,https://www.google.com/search?q=\%22Jilin1+VidSR\%22+dataset+remote+sensing,2022,SR,--,OPT (Satellite),6.2K,3000,--,19.4,Unclear,Unclear,--
560,MultiExposureSR,https://www.google.com/search?q=\%22MultiExposureSR\%22+dataset+remote+sensing,2022,SR,--,OPT (Satellite),--,--,--,0.743,Unclear,Unclear,--
561,Mu-S2,https://www.google.com/search?q=\%22Mu-S2\%22+dataset+remote+sensing,2022,SR,--,MS (Satellite),1.3K,100,--,2.8,Unclear,Unclear,--
562,PRISMA Pan Sharp,https://www.google.com/search?q=\%22PRISMA+Pan+Sharp\%22+dataset+remote+sensing,2022,SR,--,HS (Satellite),4,2400,--,1.7,Unclear,Unclear,--
563,SEN2VEN$\mu$S,https://doi.org/10.5281/zenodo.6514159,2022,SR,--,S2+VEN$\mu$S,133K,256,10m-20m,85,Unclear,Unclear,--
564,WorldStrat,https://scholar.google.com/scholar?q=\%22Julien+Cornebise\%2C+Ivan+Or\%C5\%A1olic\%2C+and+Freddie+Kalaitzis.+The+WorldStrat+\%C2\%B4+Dataset\%3A+Open+High-Resolution+Satellite+Imagery+With+Paired+MultiTemporal+Low-+Resolution\%2C+July+2022.+16\%2C+17\%22,2022,SR,8,Multi,3.4K,1054,1.5m-60m,110,Yes,Unclear,TG
565,Africa MiniCubes,https://www.google.com/search?q=\%22Africa+MiniCubes\%22+dataset+remote+sensing,2021,P,--,Multi,--,--,--,--,No,No,--
566,SeCo,https://www.google.com/search?q=\%22SeCo\%22+dataset+remote+sensing,2021,P,--,S2,200K$\times$5,264,10m,43.6,No,No,--
567,Hephaestus,https://scholar.google.com/scholar?q=\%22Nikolaos+Ioannis+Bountos\%2C+Ioannis+Papoutsis\%2C+Dimitrios+Michail\%2C+Andreas+Karavias\%2C+Panagiotis+Elias\%2C+and+Isaak+Parcharidis.+Hephaestus\%3A+A+large+scale+multitask+dataset+towards+insar+understanding.+In+CVPRW\%2C+pages+1453\%E2\%80\%931462\%2C+June+2022.+6\%22,2022,P,--,SAR,110.6K,--,--,--,No,No,--
568,SSL4EO-S12,https://www.google.com/search?q=\%22SSL4EO-S12\%22+dataset+remote+sensing,2022,P,--,S1/S2,251.1K,--,--,--,No,No,--
569,Clay v1.5 pretraining corpus,https://clay-foundation.github.io/model/release-notes/specification.html,2024,P,--,Multi,70M,156x256,0.5m-500m,--,No,No,--
570,DOFA-data (Metadataset),https://www.google.com/search?q=\%22DOFA-data+\%28Metadataset\%29\%22+dataset+remote+sensing,2024,P,--,Multi,8.1M,--,0.5m-30m,12K,No,No,--
571,EarthDial,https://arxiv.org/html/2412.15190v1,2024,P,--,Multi,11.1M,--,--,--,No,No,--
572,GRAFT,https://www.google.com/search?q=\%22GRAFT\%22+dataset+remote+sensing,2024,P,--,RGB+MS,--,--,--,--,No,No,--
573,MajorTOM-Core,https://github.com/ESA-PhiLab/Major-TOM,2024,P,--,S1/S2+DEM,1.5M$\sim$2.2M,356$\sim$1.1K,10m$\sim$30m,63K,No,No,--
574,MMEarth,https://vishalned.github.io/mmearth/,2024,P,--,Multi,1.2M,128,10m,597,No,No,--
575,Prithvi-EO-2.0 pretraining corpus,https://github.com/NASA-IMPACT/Prithvi-EO-2.0,2024,P,--,HLS (L30/S30),4.2M,256,30m,--,No,No,--
576,Satellogic (EarthView),https://www.google.com/search?q=\%22Satellogic+\%28EarthView\%29\%22+dataset+remote+sensing,2024,P,--,Multi,--,--,1m-40m,--,No,No,--
577,SkyScript,https://scholar.google.com/scholar?q=\%22Zhecheng+Wang\%2C+Rajanie+Prabha\%2C+Tianyuan+Huang\%2C+Jiajun+Wu\%2C+and+Ram+Rajagopal.+Skyscript\%3A+A+large+and+semantically+diverse+vision-language+dataset+for+remote+sensing.+In+Proceedings+of+the+AAAI+Conference+on+Artificial+Intelligence\%2C+volume+38\%2C+pages+5805\%E2\%80\%935813\%2C+2024.+8\%2C+9\%22,2024,P,--,RGB+Text,5.2M,--,0.1m-30m,--,No,No,--
578,SkySense,https://arxiv.org/abs/2312.10115,2024,P,--,Multi,--,--,0.31m-20m,--,No,No,--
579,SpectralEarth,https://geoservice.dlr.de/web/datasets/enmap\_spectralearth,2024,P,--,EnMAP HS,539K,128,30m,3.3K,No,No,--
580,Copernicus-Pretrain,https://www.google.com/search?q=\%22Copernicus-Pretrain\%22+dataset+remote+sensing,2025,P,--,Multi,18.7M,--,--,--,No,No,--
581,GeoPlex,https://github.com/gastruc/AnySat,2025,P,--,Multi,5 datasets,--,0.2m-250m,--,No,No,--
582,SAR-GEOVL-1M,https://arxiv.org/abs/2509.23927,2025,P,--,SAR,120K,--,--,--,No,No,--
583,SkySense++ pretraining corpus,https://www.nature.com/articles/s42256-025-01078-8,2025,P,--,Multi,27M,--,0.5m-30m,--,No,No,--
584,SSL4EO-S12 v1.1,https://arxiv.org/abs/2503.00168,2025,P,--,S1/S2,246.1K×4,--,10m,--,No,No,--
585,TerraMesh,https://huggingface.co/datasets/ibm-esa-geospatial/TerraMesh,2025,P,--,Multi,9M,264,10m-30m,31K,No,No,--
586,SpectralEarth-MM,https://www.google.com/search?q=\%22SpectralEarth-MM\%22+dataset+remote+sensing,2026,P,--,Multi,~2M loc.,--,--,40K,No,No,--
587,GEO-Bench,https://arxiv.org/abs/2306.03831,2023,B,--,Multi,12 datasets,--,--,$\sim$65,Yes,Yes,GB1+Name
588,FoMo-Bench,https://arxiv.org/abs/2312.10114,2024,B,--,Multi,15 datasets,--,--,--,Yes,Yes,FOMO+Name
589,PANGAEA,https://arxiv.org/abs/2412.04204,2024,B,--,Multi,11 datasets,--,--,--,Yes,Yes,Name+PG
590,Copernicus-Bench,https://huggingface.co/datasets/wangyi111/Copernicus-Bench,2025,B,--,Multi,15 datasets,--,--,--,Yes,Yes,CB+Name
591,PlantationBench,https://www.google.com/search?q=\%22PlantationBench\%22+dataset+remote+sensing,2025,B,--,Multi,--,--,--,--,Yes,Yes,Name+PB
592,EarthShift,https://www.google.com/search?q=\%22EarthShift\%22+dataset+remote+sensing,2026,B,--,Multi,11 tasks,--,--,--,Yes,Yes,ES+Name
593,MMEarth-Bench,https://www.google.com/search?q=\%22MMEarth-Bench\%22+dataset+remote+sensing,2026,B,--,Multi,5 tasks,--,--,--,Yes,Yes,MMB+Name
