dataset_id,canonical_name,aliases,release_year,latest_version_year,task_primary,task_secondary,platform,sensor,modality,temporal_type,sample_unit,sample_count,resolution_m,classes,geography,annotation_type,benchmark_status,license,access_url,paper_url,repository_url,source_confidence,last_checked
eo_1996_mstar,MSTAR,,1996,1996,SAR target classification,,Satellite,SAR,SAR,Single-date,Image,Not reported,Unknown,See annotation_type,USA,Labels,benchmark,Unknown,Unknown,Unknown,Unknown,Likely,2026-09-15
eo_2000_indian_pines,Indian Pines,,2000,2000,Land-cover classification,,Aerial,Hyperspectral,Hyperspectral,Single-date,Scene,1,Unknown,See annotation_type,USA,Pixel labels; 16 classes,benchmark,Unknown,Unknown,Unknown,Unknown,Likely,2026-09-15
eo_2000_salinas,Salinas,,2000,2000,Land-cover classification,,Aerial,Hyperspectral,Hyperspectral,Single-date,Scene,1,Unknown,See annotation_type,USA,Pixel labels; 16 classes,benchmark,Unknown,Unknown,Unknown,Unknown,Likely,2026-09-15
eo_2005_botswana,Botswana,,2005,2005,Land-cover classification,,Aerial,Hyperspectral,Hyperspectral,Single-date,Scene,1,Unknown,See annotation_type,Botswana,Pixel labels; 14 classes,benchmark,Unknown,Unknown,Unknown,Unknown,Likely,2026-09-15
eo_2005_kennedy_space_center,Kennedy Space Center,,2005,2005,Land-cover classification,,Aerial,Hyperspectral,Hyperspectral,Single-date,Scene,1,Unknown,See annotation_type,USA,Pixel labels; 13 classes,benchmark,Unknown,Unknown,Unknown,Unknown,Likely,2026-09-15
eo_2006_dfc06,DFC06,,2006,2006,Super-resolution/pan-sharpening,,Aerial,Multispectral,Multispectral,Single-date,Scene,6,Unknown,See annotation_type,Multiple locations,High/low resolution pairs,benchmark,Unknown,Unknown,Unknown,Unknown,Likely,2026-09-15
eo_2007_dfc07,DFC07,,2007,2007,Semantic segmentation,,Satellite,Multiple,Multiple,Single-date,Scene,1,Unknown,See annotation_type,Italy,Masks,benchmark,Unknown,Unknown,Unknown,Unknown,Likely,2026-09-15
eo_2008_dfc08,DFC08,,2008,2008,Semantic segmentation,,Aerial,Hyperspectral,Hyperspectral,Single-date,Scene,Not reported,Unknown,See annotation_type,Italy,Pixel labels; 5 classes,benchmark,Unknown,Unknown,Unknown,Unknown,Likely,2026-09-15
eo_2009_dfc09,DFC09,,2009,2009,Change detection,,Satellite,Multispectral,Multispectral,Multitemporal,Scene,2,Unknown,See annotation_type,UK,Mask,benchmark,Unknown,Unknown,Unknown,Unknown,Likely,2026-09-15
eo_2009_pavia_center,Pavia Center,,2009,2009,Land-cover classification,,Aerial,Hyperspectral,Hyperspectral,Single-date,Scene,1,Unknown,See annotation_type,Italy,Pixel labels; 9 classes,benchmark,Unknown,Unknown,Unknown,Unknown,Likely,2026-09-15
eo_2009_pavia_university,Pavia University,,2009,2009,Land-cover classification,,Aerial,Hyperspectral,Hyperspectral,Single-date,Scene,1,Unknown,See annotation_type,Italy,Pixel labels; 9 classes,benchmark,Unknown,Unknown,Unknown,Unknown,Likely,2026-09-15
eo_2010_uc_merced_land_use,UC Merced Land Use,,2010,2010,Scene classification,,Satellite,Optical,Optical,Single-date,Image,2100,Unknown,See annotation_type,USA,Labels; 21 classes,benchmark,Unknown,Unknown,Unknown,Unknown,Likely,2026-09-15
eo_2011_isprs_2d_potsdam,ISPRS 2D Potsdam,,2011,2011,Semantic segmentation,,Aerial,Multispectral,Multispectral,Single-date,Scene,38,Unknown,See annotation_type,Germany,Masks; 6 classes,benchmark,Unknown,Unknown,Unknown,Unknown,Likely,2026-09-15
eo_2011_isprs_2d_vaihingen,ISPRS 2D Vaihingen,,2011,2011,Semantic segmentation,,Aerial,Multispectral,Multispectral,Single-date,Scene,33,Unknown,See annotation_type,Germany,Masks; 6 classes,benchmark,Unknown,Unknown,Unknown,Unknown,Likely,2026-09-15
eo_2012_whu_rs19,WHU-RS19,,2012,2012,Scene classification,,Satellite,Optical,Optical,Single-date,Image,1013,Unknown,See annotation_type,Unknown,Labels; 19 classes,benchmark,Unknown,Unknown,Unknown,Unknown,Likely,2026-09-15
eo_2013_abenberg_als,Abenberg ALS,,2013,2013,Change detection,,ALS,LiDAR,LiDAR,Multitemporal,Point cloud,5400000,Unknown,See annotation_type,"Abenberg, Germany",Point cloud change labels,benchmark,Unknown,Unknown,Unknown,Unknown,Likely,2026-09-15
eo_2013_aerial_image_segmentation,Aerial Image Segmentation,,2013,2013,Semantic segmentation,,Aerial,Optical,Optical,Single-date,Image,80,Unknown,See annotation_type,Synthetic,Masks,benchmark,Unknown,Unknown,Unknown,Unknown,Likely,2026-09-15
eo_2013_dfc13,DFC13,,2013,2013,Semantic segmentation,,Aerial,Multiple,Multiple,Single-date,Image,145,Unknown,See annotation_type,USA,Masks; 16 classes,benchmark,Unknown,Unknown,Unknown,Unknown,Likely,2026-09-15
eo_2014_dfc14,DFC14,,2014,2014,Semantic segmentation,,Aerial,Multiple,Multiple,Single-date,Image,Not reported,Unknown,See annotation_type,Canada,Masks; 7 classes,benchmark,Unknown,Unknown,Unknown,Unknown,Likely,2026-09-15
eo_2014_highdensematching,HighDenseMatching,,2014,2014,Dense matching,,Aerial,Optical,Optical,Single-date,Image pair,186,Unknown,See annotation_type,Switzerland,Depth/disparity,benchmark,Unknown,Unknown,Unknown,Unknown,Likely,2026-09-15
eo_2014_isprs_3d_vaihingen,ISPRS 3D Vaihingen,,2014,2014,Point-cloud classification,,ALS,LiDAR,LiDAR,Single-date,Point cloud,780879,Unknown,See annotation_type,"Vaihingen, Germany",Point labels; 9 classes,benchmark,Unknown,Unknown,Unknown,Unknown,Likely,2026-09-15
eo_2014_nwpu_vhr10,NWPU-VHR10,,2014,2014,Object detection,,Satellite,Optical,Optical,Single-date,Image,800,Unknown,See annotation_type,Global,Boxes; 10 classes,benchmark,Unknown,Unknown,Unknown,Unknown,Likely,2026-09-15
eo_2015_bcs,BCS,,2015,2015,Scene classification,,Satellite,Optical,Optical,Single-date,Patch,2876,Unknown,See annotation_type,Brazil,Labels; 2 classes,benchmark,Unknown,Unknown,Unknown,Unknown,Likely,2026-09-15
eo_2015_dfc15,DFC15,,2015,2015,Semantic segmentation,,Aerial,Multiple,Multiple,Single-date,Scene,7,Unknown,See annotation_type,Belgium,Masks,benchmark,Unknown,Unknown,Unknown,Unknown,Likely,2026-09-15
eo_2015_newfor,NEWFOR,,2015,2015,Forest classification,,ALS,LiDAR,LiDAR,Single-date,Point cloud,Not reported,Unknown,See annotation_type,Multiple locations,Point labels; 4 classes,benchmark,Unknown,Unknown,Unknown,Unknown,Likely,2026-09-15
eo_2015_pklot,PKLot,,2015,2015,Parking occupancy detection,,Drone,Optical,Optical,Single-date,Image,12417,Unknown,See annotation_type,Brazil,Labels; binary,benchmark,Unknown,Unknown,Unknown,Unknown,Likely,2026-09-15
eo_2015_rsscn7,RSSCN7,,2015,2015,Scene classification,,Satellite,Optical,Optical,Single-date,Image,2800,Unknown,See annotation_type,USA,Labels; 7 classes,benchmark,Unknown,Unknown,Unknown,Unknown,Likely,2026-09-15
eo_2015_sat_4,SAT-4,,2015,2015,Scene classification,,Aerial,Optical,Optical,Single-date,Patch,500000,Unknown,See annotation_type,USA,Labels; 4 classes,benchmark,Unknown,Unknown,Unknown,Unknown,Likely,2026-09-15
eo_2015_sat_6,SAT-6,,2015,2015,Scene classification,,Aerial,Optical,Optical,Single-date,Patch,405000,Unknown,See annotation_type,USA,Labels; 6 classes,benchmark,Unknown,Unknown,Unknown,Unknown,Likely,2026-09-15
eo_2015_vedai,VEDAI,,2015,2015,Vehicle classification / detection,,Aerial,Optical,Optical,Single-date,Image,1250,Unknown,See annotation_type,USA,Boxes; 9 classes,benchmark,Unknown,Unknown,Unknown,Unknown,Likely,2026-09-15
eo_2015_zurich_summer,Zurich Summer,,2015,2015,Semantic segmentation,,Satellite,Optical,Optical,Single-date,Scene,20,Unknown,See annotation_type,Switzerland,Masks,benchmark,Unknown,Unknown,Unknown,Unknown,Likely,2026-09-15
eo_2016_bcss,BCSS,,2016,2016,Land-cover classification,,Satellite,Multispectral,Multispectral,Single-date,Patch,1311,Unknown,See annotation_type,Brazil,Labels; 4 classes,benchmark,Unknown,Unknown,Unknown,Unknown,Likely,2026-09-15
eo_2016_carpk,CARPK,,2016,2016,Car detection/counting,,Drone,Optical,Optical,Single-date,Image,1448,Unknown,See annotation_type,Unknown,Boxes; binary,benchmark,Unknown,Unknown,Unknown,Unknown,Likely,2026-09-15
eo_2016_chikusei,Chikusei,,2016,2016,Semantic segmentation,,Aerial,Hyperspectral,Hyperspectral,Single-date,Scene,1×128,Unknown,See annotation_type,Japan,Pixel labels; 19 classes,benchmark,Unknown,Unknown,Unknown,Unknown,Likely,2026-09-15
eo_2016_cowc,COWC,,2016,2016,Car detection,,Aerial,Optical,Optical,Single-date,Patch,388435,Unknown,See annotation_type,Multiple locations,Object points/boxes,benchmark,Unknown,Unknown,Unknown,Unknown,Likely,2026-09-15
eo_2016_dfc16,DFC16,,2016,2016,Semantic segmentation,,Satellite,Optical,Optical,Multitemporal,Scene,Not reported,Unknown,See annotation_type,Canada,Masks,benchmark,Unknown,Unknown,Unknown,Unknown,Likely,2026-09-15
eo_2016_nwpu_resisc45,NWPU-RESISC45,,2016,2016,Scene classification,,Satellite,Optical,Optical,Single-date,Image,31500,Unknown,See annotation_type,Global,Labels; 45 classes,benchmark,Unknown,Unknown,Unknown,Unknown,Likely,2026-09-15
eo_2016_rsc11,RSC11,,2016,2016,Scene classification,,Satellite,Optical,Optical,Single-date,Image,1232,Unknown,See annotation_type,Unknown,Labels; 11 classes,benchmark,Unknown,Unknown,Unknown,Unknown,Likely,2026-09-15
eo_2016_siri_whu,SIRI-WHU,,2016,2016,Scene classification,,Aerial,Optical,Optical,Single-date,Image,2400,Unknown,See annotation_type,China; USA,Labels; 12 classes,benchmark,Unknown,Unknown,Unknown,Unknown,Likely,2026-09-15
eo_2016_spacenet_1,SpaceNet 1,,2016,2016,Building extraction,,Satellite,Optical,Optical,Single-date,Image,9735,Unknown,See annotation_type,Multiple locations,Building masks/vectors,benchmark,Unknown,Unknown,Unknown,Unknown,Likely,2026-09-15
eo_2016_sparcs,SPARCS,,2016,2016,Cloud/shadow detection,,Satellite,Multispectral,Multispectral,Single-date,Image,80,Unknown,See annotation_type,Unknown,Masks,benchmark,Unknown,Unknown,Unknown,Unknown,Likely,2026-09-15
eo_2016_stanford_drone_dataset,Stanford Drone Dataset,,2016,2016,Object tracking,,Drone,Optical,Optical,Multitemporal,Video,Not reported,Unknown,See annotation_type,USA,Tracks; 6 classes,benchmark,Unknown,Unknown,Unknown,Unknown,Likely,2026-09-15
eo_2017_aid,AID,,2017,2017,Scene classification,,Satellite,Optical,Optical,Single-date,Image,10000,Unknown,See annotation_type,Global,Labels; 30 classes,benchmark,Unknown,Unknown,Unknown,Unknown,Likely,2026-09-15
eo_2017_aist_building_cd,AIST Building CD,,2017,2017,Change detection,,Aerial,Optical,Optical,Multiple,Image pair,16950,Unknown,See annotation_type,Japan,Mask,benchmark,Unknown,Unknown,Unknown,Unknown,Likely,2026-09-15
eo_2017_city_osm,CITY-OSM,,2017,2017,Urban semantic segmentation,,Aerial,Optical,Optical,Single-date,Image,21,Unknown,See annotation_type,Multiple locations,OSM-derived labels,benchmark,Unknown,Unknown,Unknown,Unknown,Likely,2026-09-15
eo_2017_dfc17,DFC17,,2017,2017,Semantic segmentation,,Multiple,Multiple,Multiple,Multitemporal,Scene,Not reported,Unknown,See annotation_type,Multiple locations,Masks; 17 classes,benchmark,Unknown,Unknown,Unknown,Unknown,Likely,2026-09-15
eo_2017_gta_bev_sva,GTA_BEV_SVA,,2017,2017,Semantic segmentation,,Satellite,Optical,Optical,Single-date,Image,1000000,Unknown,See annotation_type,Synthetic,Masks,benchmark,Unknown,Unknown,Unknown,Unknown,Likely,2026-09-15
eo_2017_hrsc2016,HRSC2016,,2017,2017,Ship detection,,Satellite,Optical,Optical,Single-date,Image,1061,Unknown,See annotation_type,Unknown,Oriented boxes; 26 classes,benchmark,Unknown,Unknown,Unknown,Unknown,Likely,2026-09-15
eo_2017_hsi_cd,HSI_CD,,2017,2017,Change detection,,Multiple,Hyperspectral,Hyperspectral,Multitemporal,Patch,3×224,Unknown,See annotation_type,USA,Mask; 5 classes,benchmark,Unknown,Unknown,Unknown,Unknown,Likely,2026-09-15
eo_2017_inria_aerial_image_labeling,INRIA Aerial Image Labeling,,2017,2017,Building segmentation,,Aerial,Optical,Optical,Single-date,Image,360,Unknown,See annotation_type,Multiple locations,Masks,benchmark,Unknown,Unknown,Unknown,Unknown,Likely,2026-09-15
eo_2017_kaggle_planet_understanding_the_amazon,Kaggle Planet: Understanding the Amazon,,2017,2017,Multi-label land-use classification,,Satellite,Optical,Optical,Single-date,Image,150000,Unknown,See annotation_type,Brazil,Labels; 12 classes,benchmark,Unknown,Unknown,Unknown,Unknown,Likely,2026-09-15
eo_2017_noaa_sea_lion,NOAA Sea Lion,,2017,2017,Sea-lion detection/classification,,Aerial,Optical,Optical,Single-date,Image,950,Unknown,See annotation_type,Alaska,Boxes; 4 classes,benchmark,Unknown,Unknown,Unknown,Unknown,Likely,2026-09-15
eo_2017_opensarship,OpenSARShip,,2017,2017,SAR ship classification,,Satellite,SAR,SAR,Single-date,Image,11346,Unknown,See annotation_type,China,Labels; 17 classes,benchmark,Unknown,Unknown,Unknown,Unknown,Likely,2026-09-15
eo_2017_opensarship_2_0,OpenSARShip 2.0,,2017,2017,SAR ship classification,,Satellite,SAR,SAR,Single-date,Patch,34528,Unknown,See annotation_type,China,Labels; 17 classes,benchmark,Unknown,Unknown,Unknown,Unknown,Likely,2026-09-15
eo_2017_planesnet,PlanesNet,,2017,2017,Aircraft detection,,Satellite,Optical,Optical,Single-date,Patch,32000,Unknown,See annotation_type,USA,Labels,benchmark,Unknown,Unknown,Unknown,Unknown,Likely,2026-09-15
eo_2017_roadtracer,RoadTracer,,2017,2017,Road network extraction,,Satellite,Optical,Optical,Single-date,Image,40,Unknown,See annotation_type,Unknown,Road graphs,benchmark,Unknown,Unknown,Unknown,Unknown,Likely,2026-09-15
eo_2017_rsd46_whu,RSD46-WHU,,2017,2017,Scene classification,,Satellite,Optical,Optical,Single-date,Image,117000,Unknown,See annotation_type,Global,Labels; 46 classes,benchmark,Unknown,Unknown,Unknown,Unknown,Likely,2026-09-15
eo_2017_rsi_cb128,RSI-CB128,,2017,2017,Scene classification,,Satellite,Optical,Optical,Single-date,Image,36000,Unknown,See annotation_type,Global,Labels; 45 classes,benchmark,Unknown,Unknown,Unknown,Unknown,Likely,2026-09-15
eo_2017_rsi_cb256,RSI-CB256,,2017,2017,Scene classification,,Satellite,Optical,Optical,Single-date,Image,24000,Unknown,See annotation_type,Global,Labels; 35 classes,benchmark,Unknown,Unknown,Unknown,Unknown,Likely,2026-09-15
eo_2017_rsicd,RSICD,,2017,2017,Remote-sensing image captioning,,Satellite,Optical; text,Optical; text,Single-date,Image-text pair,10921,Unknown,See annotation_type,Global,Captions,benchmark,Unknown,Unknown,Unknown,Unknown,Likely,2026-09-15
eo_2017_rsod,RSOD,,2017,2017,Object detection,,Satellite,Optical,Optical,Single-date,Image,946,Unknown,See annotation_type,Unknown,Boxes; 4 classes,benchmark,Unknown,Unknown,Unknown,Unknown,Likely,2026-09-15
eo_2017_semantic3d,Semantic3D,,2017,2017,Point-cloud semantic segmentation,,TLS,LiDAR,LiDAR,Single-date,Point cloud,4000000000,Unknown,See annotation_type,Central Europe,Point labels; 8 classes,benchmark,Unknown,Unknown,Unknown,Unknown,Likely,2026-09-15
eo_2017_spacenet_2,SpaceNet 2,,2017,2017,Building extraction,,Satellite,Optical,Optical,Single-date,Image,24586,Unknown,See annotation_type,Multiple locations,Building masks/vectors,benchmark,Unknown,Unknown,Unknown,Unknown,Likely,2026-09-15
eo_2017_spacenet_3,SpaceNet 3,,2017,2017,Road extraction,,Satellite,Optical,Optical,Single-date,Image,3711,Unknown,See annotation_type,Multiple locations,Road masks/vectors,benchmark,Unknown,Unknown,Unknown,Unknown,Likely,2026-09-15
eo_2017_ssdd,SSDD,,2017,2017,SAR ship detection,,Satellite,SAR,SAR,Single-date,Image,1160,Unknown,See annotation_type,Global,Boxes,benchmark,Unknown,Unknown,Unknown,Unknown,Likely,2026-09-15
eo_2018_38_cloud,38-Cloud,,2018,2018,Cloud segmentation,,Satellite,Multispectral,Multispectral,Single-date,Image,17601,Unknown,See annotation_type,Global,Masks,benchmark,Unknown,Unknown,Unknown,Unknown,Likely,2026-09-15
eo_2018_aeriallanes18,AerialLanes18,,2018,2018,Lane segmentation,,Aerial,Optical,Optical,Single-date,Image,20,Unknown,See annotation_type,Unknown,Masks,benchmark,Unknown,Unknown,Unknown,Unknown,Likely,2026-09-15
eo_2018_aeroscapes,Aeroscapes,,2018,2018,Semantic segmentation,,Aerial,Optical,Optical,Single-date,Image,3269,Unknown,See annotation_type,Unknown,Masks; 11 classes,benchmark,Unknown,Unknown,Unknown,Unknown,Likely,2026-09-15
eo_2018_aicd,AICD,,2018,2018,Change detection,,Aerial,Optical,Optical,Multitemporal,Image pair,1000,Unknown,See annotation_type,Synthetic,Mask,benchmark,Unknown,Unknown,Unknown,Unknown,Likely,2026-09-15
eo_2018_aid,AID++,,2018,2018,Scene classification,,Satellite,Optical,Optical,Single-date,Image,400000,Unknown,See annotation_type,Unknown,Labels; 46 classes,benchmark,Unknown,Unknown,Unknown,Unknown,Likely,2026-09-15
eo_2018_airbus_ship_detection,Airbus Ship Detection,,2018,2018,Ship segmentation,,Satellite,Optical,Optical,Single-date,Image,192556,Unknown,See annotation_type,Unknown,Masks,benchmark,Unknown,Unknown,Unknown,Unknown,Likely,2026-09-15
eo_2018_crowdai_mapping_challenge,CrowdAI Mapping Challenge,,2018,2018,Building segmentation,,Satellite,Optical,Optical,Single-date,Image,401755,Unknown,See annotation_type,Unknown,Masks,benchmark,Unknown,Unknown,Unknown,Unknown,Likely,2026-09-15
eo_2018_deepglobe_building,DeepGlobe Building,,2018,2018,Building segmentation,,Satellite,Optical,Optical,Single-date,Image,24586,Unknown,See annotation_type,Global,Masks,benchmark,Unknown,Unknown,Unknown,Unknown,Likely,2026-09-15
eo_2018_deepglobe_land_cover,DeepGlobe Land Cover,,2018,2018,Land-cover segmentation,,Satellite,Optical,Optical,Single-date,Image,1146,Unknown,See annotation_type,Global,Masks; 7 classes,benchmark,Unknown,Unknown,Unknown,Unknown,Likely,2026-09-15
eo_2018_deepglobe_road_extraction,DeepGlobe Road Extraction,,2018,2018,Road segmentation,,Satellite,Optical,Optical,Single-date,Image,8570,Unknown,See annotation_type,Global,Masks; binary,benchmark,Unknown,Unknown,Unknown,Unknown,Likely,2026-09-15
eo_2018_dfc18,DFC18,,2018,2018,Semantic segmentation,,Aerial,Multiple,Multiple,Single-date,Scene,1,Unknown,See annotation_type,USA,Masks; 20 classes,benchmark,Unknown,Unknown,Unknown,Unknown,Likely,2026-09-15
eo_2018_dlrsd,DLRSD,,2018,2018,Scene classification,,Satellite,Optical,Optical,Single-date,Image,2100,Unknown,See annotation_type,USA,Labels; 21 classes,benchmark,Unknown,Unknown,Unknown,Unknown,Likely,2026-09-15
eo_2018_dota,DOTA,,2018,2018,Oriented object detection,,Aerial,Optical,Optical,Single-date,Image,2806,Unknown,See annotation_type,Global,Oriented boxes; 15 classes,benchmark,Unknown,Unknown,Unknown,Unknown,Likely,2026-09-15
eo_2018_eu_flood,EU Flood,,2018,2018,Flood classification,,Aerial,Optical,Optical,Single-date,Image,3710,Unknown,See annotation_type,Europe,Labels; 4 classes,benchmark,Unknown,Unknown,Unknown,Unknown,Likely,2026-09-15
eo_2018_eurosat,EuroSAT,,2018,2018,Land-use/land-cover classification,,Satellite,Sentinel-2,Sentinel-2,Single-date,Patch,27000×13,Unknown,See annotation_type,Europe,Labels; 10 classes,benchmark,Unknown,Unknown,Unknown,Unknown,Likely,2026-09-15
eo_2018_fmow,fMoW,,2018,2018,Functional map of the world classification,,Satellite,Optical,Optical,Single-date,Image,523846,Unknown,See annotation_type,Global,Labels; 63 classes,benchmark,Unknown,Unknown,Unknown,Unknown,Likely,2026-09-15
eo_2018_gaofen_image_dataset_gid,Gaofen Image Dataset (GID),,2018,2018,Land-cover classification,,Satellite,Multispectral,Multispectral,Single-date,Scene,150,Unknown,See annotation_type,China,Masks; 15 classes,benchmark,Unknown,Unknown,Unknown,Unknown,Likely,2026-09-15
eo_2018_humpback_whale_identification,Humpback Whale Identification,,2018,2018,Individual whale identification,,Multiple,Optical,Optical,Single-date,Image,25460,Unknown,See annotation_type,Multiple locations,Identity labels,benchmark,Unknown,Unknown,Unknown,Unknown,Likely,2026-09-15
eo_2018_iceberg_detection,Iceberg Detection,,2018,2018,Iceberg classification,,Satellite,SAR,SAR,Single-date,Patch,10028,Unknown,See annotation_type,Canada,Labels,benchmark,Unknown,Unknown,Unknown,Unknown,Likely,2026-09-15
eo_2018_masati_v2,MASATI-v2,,2018,2018,Maritime scene classification,,Satellite,Optical,Optical,Single-date,Image,7389,Unknown,See annotation_type,Global,Labels; 7 classes,benchmark,Unknown,Unknown,Unknown,Unknown,Likely,2026-09-15
eo_2018_oneracd,OneraCD,,2018,2018,Change detection,,Satellite,Multispectral,Multispectral,Multitemporal,Image pair,24,Unknown,See annotation_type,Global,Mask; binary,benchmark,Unknown,Unknown,Unknown,Unknown,Likely,2026-09-15
eo_2018_patternnet,PatternNet,,2018,2018,Scene classification,,Satellite,Optical,Optical,Single-date,Image,30400,Unknown,See annotation_type,USA,Labels; 38 classes,benchmark,Unknown,Unknown,Unknown,Unknown,Likely,2026-09-15
eo_2018_proba_v_super_resolution,Proba-V Super Resolution,,2018,2018,Super-resolution,,Satellite,Multispectral,Multispectral,Single-date,Image,1160,Unknown,See annotation_type,Global,High/low resolution pairs,benchmark,Unknown,Unknown,Unknown,Unknown,Likely,2026-09-15
eo_2018_rit_18,RIT-18,,2018,2018,Semantic segmentation,,Drone,Multispectral,Multispectral,Single-date,Scene,1,Unknown,See annotation_type,USA,Masks,benchmark,Unknown,Unknown,Unknown,Unknown,Likely,2026-09-15
eo_2018_roofn3d,RoofN3D,,2018,2018,Roof modelling,,ALS,LiDAR,LiDAR,Single-date,Point cloud,118100,Unknown,See annotation_type,"New York, USA",Point labels; 3 classes,benchmark,Unknown,Unknown,Unknown,Unknown,Likely,2026-09-15
eo_2018_sanfranbay_ships_planet,SanFranBay Ships Planet,,2018,2018,Ship detection,,Satellite,Optical,Optical,Single-date,Patch,4000,Unknown,See annotation_type,USA,Labels; binary,benchmark,Unknown,Unknown,Unknown,Unknown,Likely,2026-09-15
eo_2018_sen1_2,SEN1-2,,2018,2018,SAR-optical translation / SSL,,Satellite,Sentinel-1; Sentinel-2,Sentinel-1; Sentinel-2,Single-date,Patch,282384,Unknown,See annotation_type,Global,Paired SAR-optical imagery,mixed,Unknown,Unknown,Unknown,Unknown,Likely,2026-09-15
eo_2018_spacenet_4,SpaceNet 4,,2018,2018,Building/road extraction,,Satellite,Optical,Optical,Single-date,Image,60000,Unknown,See annotation_type,USA,Masks/vectors,benchmark,Unknown,Unknown,Unknown,Unknown,Likely,2026-09-15
eo_2018_synthaer,SynthAer,,2018,2018,Semantic segmentation,,Aerial,Optical,Optical,Single-date,Image,765,Unknown,See annotation_type,Synthetic,Masks; 8 classes,benchmark,Unknown,Unknown,Unknown,Unknown,Likely,2026-09-15
eo_2018_synthetic_and_real_change_detection,Synthetic and Real Change Detection,,2018,2018,Change detection,,Aerial,Optical,Optical,Single-date,Image pair,16000,Unknown,See annotation_type,Synthetic,Mask,benchmark,Unknown,Unknown,Unknown,Unknown,Likely,2026-09-15
eo_2018_whu_building,WHU Building,,2018,2018,Building extraction,,Aerial,Optical,Optical,Single-date,Image,25577,Unknown,See annotation_type,New Zealand,Masks; binary,benchmark,Unknown,Unknown,Unknown,Unknown,Likely,2026-09-15
eo_2018_xview,xView,,2018,2018,Object detection,,Satellite,Optical,Optical,Single-date,Image,1413,Unknown,See annotation_type,Global,Boxes; 60 classes,benchmark,Unknown,Unknown,Unknown,Unknown,Likely,2026-09-15
eo_2018_xview2,xView2,,2018,2018,Damage assessment / change detection,,Satellite,Optical,Optical,Multitemporal,Image pair,22068,Unknown,See annotation_type,Multiple locations,Building damage masks; 4 classes,benchmark,Unknown,Unknown,Unknown,Unknown,Likely,2026-09-15
eo_2019_aerorit,AeroRIT,,2019,2019,Hyperspectral segmentation,,Aerial,Hyperspectral,Hyperspectral,Single-date,Scene,1,Unknown,See annotation_type,USA,Pixel labels,benchmark,Unknown,Unknown,Unknown,Unknown,Likely,2026-09-15
eo_2019_air_sarship_1_0,AIR-SARShip-1.0,,2019,2019,SAR ship detection,,Satellite,SAR,SAR,Single-date,Image,31,Unknown,See annotation_type,Multiple locations,Boxes,benchmark,Unknown,Unknown,Unknown,Unknown,Likely,2026-09-15
eo_2019_airs,AIRS,,2019,2019,Building segmentation,,Aerial,Optical,Optical,Single-date,Image,1047,Unknown,See annotation_type,Unknown,Masks,benchmark,Unknown,Unknown,Unknown,Unknown,Likely,2026-09-15
eo_2019_bigearthnet_mm,BigEarthNet-MM,,2019,2019,Multi-label land-cover classification,,Satellite,Sentinel-1; Sentinel-2,Sentinel-1; Sentinel-2,Single-date,Patch,590326×12,Unknown,See annotation_type,Europe,Multi-label classes,benchmark,Unknown,Unknown,Unknown,Unknown,Likely,2026-09-15
eo_2019_bridges,Bridges,,2019,2019,Bridge detection,,Satellite,Optical,Optical,Single-date,Image,500,Unknown,See annotation_type,Global,Boxes; binary,benchmark,Unknown,Unknown,Unknown,Unknown,Likely,2026-09-15
eo_2019_chesapeake_land_cover,Chesapeake Land Cover,,2019,2019,Land-cover segmentation,,Satellite,Multispectral,Multispectral,Single-date,Patch,250000,Unknown,See annotation_type,USA,Masks; 16 classes,benchmark,Unknown,Unknown,Unknown,Unknown,Likely,2026-09-15
eo_2019_dfc19_3d,DFC19 3D,,2019,2019,Point-cloud classification,,ALS,LiDAR,LiDAR,Single-date,Point cloud,167400000,Unknown,See annotation_type,USA,Point labels; 6 classes,benchmark,Unknown,Unknown,Unknown,Unknown,Likely,2026-09-15
eo_2019_dior,DIOR,,2019,2019,Object detection,,Satellite,Optical,Optical,Single-date,Image,23463,Unknown,See annotation_type,Unknown,Boxes; 20 classes,benchmark,Unknown,Unknown,Unknown,Unknown,Likely,2026-09-15
eo_2019_dlr_skyscapes,DLR-SkyScapes,,2019,2019,Semantic segmentation,,Aerial,Optical,Optical,Single-date,Image,16,Unknown,See annotation_type,Germany,Masks; 31 classes,benchmark,Unknown,Unknown,Unknown,Unknown,Likely,2026-09-15
eo_2019_dota_v1_5,DOTA v1.5,,2019,2019,Oriented object detection,,Aerial,Optical,Optical,Single-date,Image,2806,Unknown,See annotation_type,Global,Oriented boxes; 16 classes,benchmark,Unknown,Unknown,Unknown,Unknown,Likely,2026-09-15
eo_2019_dublincity,DublinCity,,2019,2019,Point-cloud semantic segmentation,,ALS,LiDAR,LiDAR,Single-date,Point cloud,260000000,Unknown,See annotation_type,"Dublin, Ireland",Point labels; 13 classes,benchmark,Unknown,Unknown,Unknown,Unknown,Likely,2026-09-15
eo_2019_forestcanopyheight,ForestCanopyHeight,,2019,2019,Canopy-height estimation,,Aerial,Multiple,Multiple,Single-date,Image,1105,Unknown,See annotation_type,Mexico,Regression target,benchmark,Unknown,Unknown,Unknown,Unknown,Likely,2026-09-15
eo_2019_hrscd,HRSCD,,2019,2019,Change detection,,Aerial,Optical,Optical,Multitemporal,Image pair,582,Unknown,See annotation_type,Europe,Mask,benchmark,Unknown,Unknown,Unknown,Unknown,Likely,2026-09-15
eo_2019_icones_hsi,ICONES-HSI,,2019,2019,Scene classification,,Aerial,Hyperspectral,Hyperspectral,Single-date,Patch,468×224,Unknown,See annotation_type,Unknown,Labels; 9 classes,benchmark,Unknown,Unknown,Unknown,Unknown,Likely,2026-09-15
eo_2019_kaggle_cloud_detection,Kaggle Cloud Detection,,2019,2019,Cloud segmentation,,Satellite,Optical,Optical,Single-date,Image,9244,Unknown,See annotation_type,Unknown,Masks; 4 classes,benchmark,Unknown,Unknown,Unknown,Unknown,Likely,2026-09-15
eo_2019_kaggle_satellite_hurricane_damage,Kaggle Satellite Hurricane Damage,,2019,2019,Damage classification,,Satellite,Optical,Optical,Single-date,Patch,16000,Unknown,See annotation_type,USA,Labels,benchmark,Unknown,Unknown,Unknown,Unknown,Likely,2026-09-15
eo_2019_manipaluavid,ManipalUAVid,,2019,2019,Semantic segmentation,,Drone,Optical,Optical,Single-date,Image,711,Unknown,See annotation_type,India,Masks; 4 classes,benchmark,Unknown,Unknown,Unknown,Unknown,Likely,2026-09-15
eo_2019_midair,MidAir,,2019,2019,Aerial perception,,Drone,Multiple,Multiple,Single-date,Image,420000,Unknown,See annotation_type,Synthetic,Depth/segmentation/flow,benchmark,Unknown,Unknown,Unknown,Unknown,Likely,2026-09-15
eo_2019_mtarsi,MTARSI,,2019,2019,Object detection,,Satellite,Optical,Optical,Single-date,Image,9385,Unknown,See annotation_type,Global,Boxes,benchmark,Unknown,Unknown,Unknown,Unknown,Likely,2026-09-15
eo_2019_mts_wh,MtS-WH,,2019,2019,Change detection,,Satellite,Optical,Optical,Multitemporal,Image pair,190,Unknown,See annotation_type,China,Mask; binary,benchmark,Unknown,Unknown,Unknown,Unknown,Likely,2026-09-15
eo_2019_oil_storage_tanks,Oil Storage Tanks,,2019,2019,Tank detection,,Satellite,Optical,Optical,Single-date,Image,10000,Unknown,See annotation_type,Global,Boxes; binary,benchmark,Unknown,Unknown,Unknown,Unknown,Likely,2026-09-15
eo_2019_polsf,PolSF,,2019,2019,SAR segmentation/classification,,Satellite,SAR,SAR,Single-date,Scene,5,Unknown,See annotation_type,USA,Labels; 6 classes,benchmark,Unknown,Unknown,Unknown,Unknown,Likely,2026-09-15
eo_2019_sar_ship_detection,SAR Ship Detection,,2019,2019,Ship detection,,Satellite,SAR,SAR,Single-date,Image,43819,Unknown,See annotation_type,Asia,Boxes,benchmark,Unknown,Unknown,Unknown,Unknown,Likely,2026-09-15
eo_2019_satstereo,SatStereo,,2019,2019,Satellite stereo reconstruction,,Satellite,Optical,Optical,Single-date,Image pair,144,Unknown,See annotation_type,Multiple locations,Depth/disparity,benchmark,Unknown,Unknown,Unknown,Unknown,Likely,2026-09-15
eo_2019_semantic_drone_dataset,Semantic Drone Dataset,,2019,2019,Semantic segmentation,,Drone,Optical,Optical,Single-date,Image,400,Unknown,See annotation_type,Austria,Masks; 20 classes,benchmark,Unknown,Unknown,Unknown,Unknown,Likely,2026-09-15
eo_2019_sen12ms,SEN12MS,,2019,2019,Multimodal representation learning,,Satellite,Sentinel-1; Sentinel-2,Sentinel-1; Sentinel-2,Single-date,Patch,180662,Unknown,See annotation_type,Global,Unlabelled / weak labels,pretraining,Unknown,Unknown,Unknown,Unknown,Likely,2026-09-15
eo_2019_ship_classification,Ship Classification,,2019,2019,Ship classification,,Satellite,Optical,Optical,Single-date,Image,1951,Unknown,See annotation_type,Global,Labels; 7 classes,benchmark,Unknown,Unknown,Unknown,Unknown,Likely,2026-09-15
eo_2019_simd,SIMD,,2019,2019,Object detection,,Satellite,Optical,Optical,Single-date,Image,5000,Unknown,See annotation_type,Global,Boxes; 15 classes,benchmark,Unknown,Unknown,Unknown,Unknown,Likely,2026-09-15
eo_2019_slovenialandcover,SloveniaLandCover,,2019,2019,Land-cover classification,,Satellite,Multispectral,Multispectral,Single-date,Image,940,Unknown,See annotation_type,Slovenia,Labels; 10 classes,benchmark,Unknown,Unknown,Unknown,Unknown,Likely,2026-09-15
eo_2019_so2sat_lcz42,So2Sat LCZ42,,2019,2019,Local climate-zone classification,,Satellite,Sentinel-1; Sentinel-2,Sentinel-1; Sentinel-2,Single-date,Patch,400673,Unknown,See annotation_type,Global,LCZ labels,benchmark,Unknown,Unknown,Unknown,Unknown,Likely,2026-09-15
eo_2019_spacenet_5,SpaceNet 5,,2019,2019,Road network extraction,,Satellite,Optical,Optical,Single-date,Image,2369,Unknown,See annotation_type,Multiple locations,Road vectors,benchmark,Unknown,Unknown,Unknown,Unknown,Likely,2026-09-15
eo_2019_speed,SPEED,,2019,2019,Satellite pose estimation,,Satellite,Optical,Optical,Single-date,Image,15300,Unknown,See annotation_type,Unknown,Pose labels,benchmark,Unknown,Unknown,Unknown,Unknown,Likely,2026-09-15
eo_2019_stgan_cloud_removal,STGAN Cloud Removal,,2019,2019,Cloud removal,,Satellite,Optical,Optical,Single-date,Image,217190,Unknown,See annotation_type,Global,Cloud-free targets,benchmark,Unknown,Unknown,Unknown,Unknown,Likely,2026-09-15
eo_2019_ustc_smokers,USTC_SmokeRS,,2019,2019,Smoke detection,,Satellite,Optical,Optical,Single-date,Image,6225,Unknown,See annotation_type,Global,Labels; 6 classes,benchmark,Unknown,Unknown,Unknown,Unknown,Likely,2026-09-15
eo_2020_95_cloud,95-Cloud,,2020,2020,Cloud segmentation,,Satellite,Multispectral,Multispectral,Single-date,Image,34701,Unknown,See annotation_type,Global,Masks,benchmark,Unknown,Unknown,Unknown,Unknown,Likely,2026-09-15
eo_2020_activefirel8,ActiveFireL8,,2020,2020,Active-fire detection,,Satellite,Multispectral,Multispectral,Single-date,Patch,2000000×10,Unknown,See annotation_type,South America,Masks,benchmark,Unknown,Unknown,Unknown,Unknown,Likely,2026-09-15
eo_2020_agriculture_vision,Agriculture-Vision,,2020,2020,Agricultural anomaly segmentation,,Aerial,Multispectral,Multispectral,Single-date,Image,94986,Unknown,See annotation_type,USA,Masks; 6 classes,benchmark,Unknown,Unknown,Unknown,Unknown,Likely,2026-09-15
eo_2020_ai_tod,AI-TOD,,2020,2020,Tiny object detection,,Satellite,Optical,Optical,Single-date,Image,28036,Unknown,See annotation_type,Unknown,Boxes,benchmark,Unknown,Unknown,Unknown,Unknown,Likely,2026-09-15
eo_2020_air_cd,AIR-CD,,2020,2020,Change detection,,Satellite,Multispectral,Multispectral,Single-date,Scene,34,Unknown,See annotation_type,China,Masks,benchmark,Unknown,Unknown,Unknown,Unknown,Likely,2026-09-15
eo_2020_air_sarship_2,AIR-SARShip-2,,2020,2020,SAR ship detection,,Satellite,SAR,SAR,Single-date,Image,300,Unknown,See annotation_type,Multiple locations,Boxes,benchmark,Unknown,Unknown,Unknown,Unknown,Likely,2026-09-15
eo_2020_airbus_wind_turbine_patches,Airbus Wind Turbine Patches,,2020,2020,Wind-turbine detection,,Satellite,Optical,Optical,Single-date,Patch,358000,Unknown,See annotation_type,Global,Labels; binary,benchmark,Unknown,Unknown,Unknown,Unknown,Likely,2026-09-15
eo_2020_airound,AiRound,,2020,2020,Scene classification,,Multiple,Multiple,Multiple,Single-date,Image,11753,Unknown,See annotation_type,Global,Labels; 11 classes,benchmark,Unknown,Unknown,Unknown,Unknown,Likely,2026-09-15
eo_2020_alpaca,ALPACA,,2020,2020,Hyperspectral analysis,,Drone,Hyperspectral,Hyperspectral,Single-date,Scene,Not reported,Unknown,See annotation_type,Peru,Labels,benchmark,Unknown,Unknown,Unknown,Unknown,Likely,2026-09-15
eo_2020_arch,ArCH,,2020,2020,Point-cloud classification,,Multiple,LiDAR,LiDAR,Single-date,Point cloud,136138423,Unknown,See annotation_type,Multiple locations,Point labels; 10 classes,benchmark,Unknown,Unknown,Unknown,Unknown,Likely,2026-09-15
eo_2020_au_air,AU-AIR,,2020,2020,Object detection,,Drone,Optical,Optical,Multitemporal,Image,32823,Unknown,See annotation_type,Denmark,Boxes; 8 classes,benchmark,Unknown,Unknown,Unknown,Unknown,Likely,2026-09-15
eo_2020_bhpools_watertanks,BHPools&WaterTanks,,2020,2020,Pool/tank segmentation,,Aerial,Optical,Optical,Single-date,Image,350,Unknown,See annotation_type,Brazil,Masks,benchmark,Unknown,Unknown,Unknown,Unknown,Likely,2026-09-15
eo_2020_bijie_landslide,Bijie Landslide,,2020,2020,Landslide detection,,Satellite,Multiple,Multiple,Single-date,Image,2773,Unknown,See annotation_type,China,Labels; binary,benchmark,Unknown,Unknown,Unknown,Unknown,Likely,2026-09-15
eo_2020_birdsai,BIRDSAI,,2020,2020,Object detection,,Drone,Multispectral,Multispectral,Multitemporal,Image,162000,Unknown,See annotation_type,South Africa,Boxes,benchmark,Unknown,Unknown,Unknown,Unknown,Likely,2026-09-15
eo_2020_brazildam,BrazilDAM,,2020,2020,Dam detection,,Satellite,Multiple,Multiple,Single-date,Image,769,Unknown,See annotation_type,Brazil,Masks; binary,benchmark,Unknown,Unknown,Unknown,Unknown,Likely,2026-09-15
eo_2020_campus3d,Campus3D,,2020,2020,Point-cloud semantic segmentation,,Drone,LiDAR,LiDAR,Single-date,Point cloud,937000000,Unknown,See annotation_type,Singapore,Point labels; 24 classes,benchmark,Unknown,Unknown,Unknown,Unknown,Likely,2026-09-15
eo_2020_cloudcast,CloudCast,,2020,2020,Cloud forecasting,,Satellite,Multispectral,Multispectral,Multitemporal,Time series,70080,Unknown,See annotation_type,Europe,Forecast targets,benchmark,Unknown,Unknown,Unknown,Unknown,Likely,2026-09-15
eo_2020_cv_brct,CV-BrCT,,2020,2020,Scene classification,,Multiple,Optical,Optical,Single-date,Image,24000,Unknown,See annotation_type,Brazil,Labels; 9 classes,benchmark,Unknown,Unknown,Unknown,Unknown,Likely,2026-09-15
eo_2020_cv4a_kenya,CV4A Kenya,,2020,2020,Land-cover classification,,Satellite,Multispectral,Multispectral,Multitemporal,Image,8788,Unknown,See annotation_type,Kenya,Labels; 7 classes,benchmark,Unknown,Unknown,Unknown,Unknown,Likely,2026-09-15
eo_2020_dales,DALES,,2020,2020,Point-cloud semantic segmentation,,ALS,LiDAR,LiDAR,Single-date,Point cloud,505000000,Unknown,See annotation_type,"Surrey, British Columbia, Canada",Point labels; 8 classes,benchmark,Unknown,Unknown,Unknown,Unknown,Likely,2026-09-15
eo_2020_dfc20,DFC20,,2020,2020,Land-cover segmentation,,Satellite,Multiple,Multiple,Single-date,Image,180662,Unknown,See annotation_type,Global,Masks; 17 classes,benchmark,Unknown,Unknown,Unknown,Unknown,Likely,2026-09-15
eo_2020_dota_v2_0,DOTA v2.0,,2020,2020,Oriented object detection,,Aerial,Optical,Optical,Single-date,Image,11268,Unknown,See annotation_type,Global,Oriented boxes; 18 classes,benchmark,Unknown,Unknown,Unknown,Unknown,Likely,2026-09-15
eo_2020_dronergbt,DroneRGBT,,2020,2020,Vehicle detection,,Drone,RGB; thermal,RGB; thermal,Single-date,Image,3600,Unknown,See annotation_type,China,Boxes; binary,benchmark,Unknown,Unknown,Unknown,Unknown,Likely,2026-09-15
eo_2020_dsifn,DSIFN,,2020,2020,Change detection,,Satellite,Optical,Optical,Multitemporal,Image pair,394,Unknown,See annotation_type,China,Mask; binary,benchmark,Unknown,Unknown,Unknown,Unknown,Likely,2026-09-15
eo_2020_dubaisemseg,DubaiSemSeg,,2020,2020,Semantic segmentation,,Satellite,Optical,Optical,Single-date,Image,72,Unknown,See annotation_type,UAE,Masks; 6 classes,benchmark,Unknown,Unknown,Unknown,Unknown,Likely,2026-09-15
eo_2020_eagle,EAGLE,,2020,2020,Object detection,,Aerial,Optical,Optical,Single-date,Image,8820,Unknown,See annotation_type,Unknown,Boxes,benchmark,Unknown,Unknown,Unknown,Unknown,Likely,2026-09-15
eo_2020_eoc,EoC,,2020,2020,Object detection,,Aerial,Optical,Optical,Single-date,Image,2800,Unknown,See annotation_type,Unknown,Boxes; 14 classes,benchmark,Unknown,Unknown,Unknown,Unknown,Likely,2026-09-15
eo_2020_era,ERA,,2020,2020,Aerial perception,,Drone,Optical,Optical,Single-date,Image,343680,Unknown,See annotation_type,Global,Labels,benchmark,Unknown,Unknown,Unknown,Unknown,Likely,2026-09-15
eo_2020_fair1m,FAIR1M,,2020,2020,Fine-grained oriented object detection,,Satellite,Optical,Optical,Single-date,Image,15266,Unknown,See annotation_type,Global,Oriented boxes; 37 classes,benchmark,Unknown,Unknown,Unknown,Unknown,Likely,2026-09-15
eo_2020_fgsd,FGSD,,2020,2020,Fine-grained ship detection,,Satellite,Optical,Optical,Single-date,Image,4736,Unknown,See annotation_type,Unknown,Boxes; 43 classes,benchmark,Unknown,Unknown,Unknown,Unknown,Likely,2026-09-15
eo_2020_flame,FLAME,,2020,2020,Fire segmentation,,Drone,Multispectral,Multispectral,Multitemporal,Image,47992,Unknown,See annotation_type,USA,Masks; 2 classes,benchmark,Unknown,Unknown,Unknown,Unknown,Likely,2026-09-15
eo_2020_fusar_map,FUSAR-Map,,2020,2020,SAR semantic segmentation,,Satellite,SAR,SAR,Single-date,Image,610,Unknown,See annotation_type,China,Masks; 4 classes,benchmark,Unknown,Unknown,Unknown,Unknown,Likely,2026-09-15
eo_2020_fusar_ship,FUSAR-Ship,,2020,2020,SAR ship detection,,Satellite,SAR,SAR,Single-date,Image,5000,Unknown,See annotation_type,Unknown,Boxes; 113 classes,benchmark,Unknown,Unknown,Unknown,Unknown,Likely,2026-09-15
eo_2020_geolifeclef,GeoLifeCLEF,,2020,2020,Species distribution modelling,,Multiple,Multiple,Multiple,Single-date,Image/observation,6700000,Unknown,See annotation_type,Multiple locations,Species labels,benchmark,Unknown,Unknown,Unknown,Unknown,Likely,2026-09-15
eo_2020_ghana_crop_type,Ghana Crop Type,,2020,2020,Crop-type classification,,Satellite,Multispectral,Multispectral,Multitemporal,Time series,2881×14×25,Unknown,See annotation_type,Ghana,Labels; 5 classes,benchmark,Unknown,Unknown,Unknown,Unknown,Likely,2026-09-15
eo_2020_gta_v_sid,GTA-V SID,,2020,2020,Semantic segmentation,,Satellite,Optical,Optical,Single-date,Image,121,Unknown,See annotation_type,Synthetic,Masks,benchmark,Unknown,Unknown,Unknown,Unknown,Likely,2026-09-15
eo_2020_hi_ucd,Hi-UCD,,2020,2020,Change detection,,Aerial,Optical,Optical,Multitemporal,Image pair,1293,Unknown,See annotation_type,Estonia,Mask; 9 classes,benchmark,Unknown,Unknown,Unknown,Unknown,Likely,2026-09-15
eo_2020_hkh_glacier_mapping,HKH Glacier Mapping,,2020,2020,Glacier mapping,,Satellite,Multispectral,Multispectral,Single-date,Time series,14190×15,Unknown,See annotation_type,Asia,Masks; 2 classes,benchmark,Unknown,Unknown,Unknown,Unknown,Likely,2026-09-15
eo_2020_hrsid,HRSID,,2020,2020,SAR ship detection,,Satellite,SAR,SAR,Single-date,Image,5604,Unknown,See annotation_type,Multiple locations,Boxes,benchmark,Unknown,Unknown,Unknown,Unknown,Likely,2026-09-15
eo_2020_idtrees,IDTReeS,,2020,2020,Individual tree detection/classification,,Multiple,Multiple,Multiple,Single-date,Patch,591×369,Unknown,See annotation_type,USA,Labels; 33 classes,benchmark,Unknown,Unknown,Unknown,Unknown,Likely,2026-09-15
eo_2020_isaid,iSAID,,2020,2020,Instance segmentation,,Aerial,Optical,Optical,Single-date,Image,2806,Unknown,See annotation_type,Global,Instance masks; 15 classes,benchmark,Unknown,Unknown,Unknown,Unknown,Likely,2026-09-15
eo_2020_kaggle_massachusetts_buildings,Kaggle Massachusetts Buildings,,2020,2020,Building segmentation,,Satellite,Optical,Optical,Single-date,Image,151,Unknown,See annotation_type,USA,Masks,benchmark,Unknown,Unknown,Unknown,Unknown,Likely,2026-09-15
eo_2020_kaggle_satellite_buildings,Kaggle Satellite Buildings,,2020,2020,Building segmentation,,Satellite,Optical,Optical,Single-date,Image,6038,Unknown,See annotation_type,Unknown,Masks,benchmark,Unknown,Unknown,Unknown,Unknown,Likely,2026-09-15
eo_2020_kaggle_satellite_water_bodies,Kaggle Satellite Water Bodies,,2020,2020,Water segmentation,,Satellite,Multispectral,Multispectral,Single-date,Image,2841,Unknown,See annotation_type,Global,Masks,benchmark,Unknown,Unknown,Unknown,Unknown,Likely,2026-09-15
eo_2020_landcoverai,LandCoverAI,,2020,2020,Land-cover segmentation,,Aerial,Optical,Optical,Single-date,Scene,41,Unknown,See annotation_type,Poland,Masks,benchmark,Unknown,Unknown,Unknown,Unknown,Likely,2026-09-15
eo_2020_landcovernet,LandCoverNet,,2020,2020,Land-cover classification,,Satellite,Multispectral,Multispectral,Multitemporal,Patch,8934 total across regional releases,Unknown,See annotation_type,Global,Masks; 7 classes,benchmark,Unknown,Unknown,Unknown,Unknown,Likely,2026-09-15
eo_2020_lasdu,LASDU,,2020,2020,Point-cloud semantic segmentation,,ALS,LiDAR,LiDAR,Single-date,Point cloud,3120000,Unknown,See annotation_type,"Heihe River, China",Point labels; 6 classes,benchmark,Unknown,Unknown,Unknown,Unknown,Likely,2026-09-15
eo_2020_levir_cd,LEVIR-CD,,2020,2020,Change detection,,Satellite,Optical,Optical,Single-date,Image pair,637,Unknown,See annotation_type,USA,Mask; binary,benchmark,Unknown,Unknown,Unknown,Unknown,Likely,2026-09-15
eo_2020_ls_ssdd,LS-SSDD,,2020,2020,SAR ship detection,,Satellite,SAR,SAR,Single-date,Image,15,Unknown,See annotation_type,Unknown,Boxes,benchmark,Unknown,Unknown,Unknown,Unknown,Likely,2026-09-15
eo_2020_mafat_challenge,MAFAT Challenge,,2020,2020,SAR target classification,,Satellite,SAR,SAR,Single-date,Sample,Not reported,Unknown,See annotation_type,Unknown,Labels,benchmark,Unknown,Unknown,Unknown,Unknown,Likely,2026-09-15
eo_2020_mlrsnet,MLRSNet,,2020,2020,Multi-label scene classification,,Satellite,Optical,Optical,Single-date,Image,109161,Unknown,See annotation_type,Global,Labels; 46 classes,benchmark,Unknown,Unknown,Unknown,Unknown,Likely,2026-09-15
eo_2020_mor_uav,MOR-UAV,,2020,2020,Object detection,,Drone,Optical,Optical,Multitemporal,Image,10948,Unknown,See annotation_type,Unknown,Boxes; 2 classes,benchmark,Unknown,Unknown,Unknown,Unknown,Likely,2026-09-15
eo_2020_opensarurban,OpenSARUrban,,2020,2020,Urban SAR classification,,Satellite,SAR,SAR,Single-date,Patch,33358,Unknown,See annotation_type,China,Labels; 10 classes,benchmark,Unknown,Unknown,Unknown,Unknown,Likely,2026-09-15
eo_2020_overhead_mnist,Overhead MNIST,,2020,2020,Scene classification,,Satellite,Optical,Optical,Single-date,Patch,1000,Unknown,See annotation_type,Global,Labels; 9 classes,benchmark,Unknown,Unknown,Unknown,Unknown,Likely,2026-09-15
eo_2020_rareplanes,RarePlanes,,2020,2020,Aircraft detection,,Satellite,Optical,Optical,Single-date,Image,713348,Unknown,See annotation_type,Global,Boxes; 110 classes,benchmark,Unknown,Unknown,Unknown,Unknown,Likely,2026-09-15
eo_2020_rsoc,RSOC,,2020,2020,Object detection,,Aerial,Optical,Optical,Single-date,Image,3057,Unknown,See annotation_type,Unknown,Boxes; 4 classes,benchmark,Unknown,Unknown,Unknown,Unknown,Likely,2026-09-15
eo_2020_rsvqa_hr,RSVQA-HR,,2020,2020,Visual question answering,,Aerial,Optical; text,Optical; text,Single-date,Image-QA pair,10659,Unknown,See annotation_type,USA,QA pairs,benchmark,Unknown,Unknown,Unknown,Unknown,Likely,2026-09-15
eo_2020_rsvqa_lr,RSVQA-LR,,2020,2020,Visual question answering,,Satellite,Optical; text,Optical; text,Single-date,Image-QA pair,772,Unknown,See annotation_type,Netherlands,QA pairs,benchmark,Unknown,Unknown,Unknown,Unknown,Likely,2026-09-15
eo_2020_rwanda_built_up,Rwanda Built-Up,,2020,2020,Built-up segmentation,,Satellite,Optical,Optical,Single-date,Image,787,Unknown,See annotation_type,Rwanda,Masks,benchmark,Unknown,Unknown,Unknown,Unknown,Likely,2026-09-15
eo_2020_s2_cloud_mask_catalogue,S2 Cloud Mask Catalogue,,2020,2020,Cloud masking,,Satellite,Sentinel-2,Sentinel-2,Single-date,Image,513×13,Unknown,See annotation_type,Unknown,Masks; 25 classes,benchmark,Unknown,Unknown,Unknown,Unknown,Likely,2026-09-15
eo_2020_s2mtcitypair,S2MTcityPair,,2020,2020,Change detection,,Satellite,Multispectral,Multispectral,Multitemporal,Image pair,1520×13,Unknown,See annotation_type,Global,Mask; binary,benchmark,Unknown,Unknown,Unknown,Unknown,Likely,2026-09-15
eo_2020_sar_based_sea_ice_dataset,SAR-based Sea Ice Dataset,,2020,2020,Sea-ice classification,,Satellite,SAR,SAR,Single-date,Patch,98754,Unknown,See annotation_type,Norway,Labels; 6 classes,benchmark,Unknown,Unknown,Unknown,Unknown,Likely,2026-09-15
eo_2020_satellite_pose_estimation,Satellite Pose Estimation,,2020,2020,Satellite pose estimation,,Satellite,Optical,Optical,Single-date,Image,15300,Unknown,See annotation_type,Unknown,Pose labels,benchmark,Unknown,Unknown,Unknown,Unknown,Likely,2026-09-15
eo_2020_second,SECOND,,2020,2020,Change detection,,Satellite,Optical,Optical,Multitemporal,Image pair,4662,Unknown,See annotation_type,China,Mask; 30 semantic classes,benchmark,Unknown,Unknown,Unknown,Unknown,Likely,2026-09-15
eo_2020_semcity_toulouse,SemCity Toulouse,,2020,2020,Semantic segmentation,,Aerial,Multispectral,Multispectral,Single-date,Scene,16,Unknown,See annotation_type,France,Masks,benchmark,Unknown,Unknown,Unknown,Unknown,Likely,2026-09-15
eo_2020_sen12_flood,SEN12-FLOOD,,2020,2020,Flood mapping,,Satellite,Sentinel-1; Sentinel-2,Sentinel-1; Sentinel-2,Multitemporal,Scene,336,Unknown,See annotation_type,Global,Flood masks,benchmark,Unknown,Unknown,Unknown,Unknown,Likely,2026-09-15
eo_2020_sen12ms_cr,SEN12MS-CR,,2020,2020,Cloud removal,,Satellite,Sentinel-1; Sentinel-2,Sentinel-1; Sentinel-2,Single-date,Patch,122218,Unknown,See annotation_type,Global,Cloud-free reconstruction targets,benchmark,Unknown,Unknown,Unknown,Unknown,Likely,2026-09-15
eo_2020_sensaturban,SensatUrban,,2020,2020,Point-cloud semantic segmentation,,Photogrammetry,Point cloud,Multiple,Single-date,Point cloud,2847000000,Unknown,See annotation_type,United Kingdom,Point labels; 13 classes,benchmark,Unknown,Unknown,Unknown,Unknown,Likely,2026-09-15
eo_2020_south_sudan_crop_type,South Sudan Crop Type,,2020,2020,Crop-type classification,,Satellite,Multispectral,Multispectral,Multitemporal,Time series,687×14×25,Unknown,See annotation_type,South Sudan,Labels; 5 classes,benchmark,Unknown,Unknown,Unknown,Unknown,Likely,2026-09-15
eo_2020_spacenet_6,SpaceNet 6,,2020,2020,Building footprint extraction,,Satellite,Multiple,Multiple,Single-date,Image,3401,Unknown,See annotation_type,Netherlands,Polygons/masks,benchmark,Unknown,Unknown,Unknown,Unknown,Likely,2026-09-15
eo_2020_spacenet_7,SpaceNet 7,,2020,2020,Multi-temporal building detection,,Satellite,Optical,Optical,Multitemporal,Image,1525,Unknown,See annotation_type,Global,Building masks/vectors,benchmark,Unknown,Unknown,Unknown,Unknown,Likely,2026-09-15
eo_2020_synthinel_1,Synthinel-1,,2020,2020,Building segmentation,,Aerial,Optical,Optical,Single-date,Image,2108,Unknown,See annotation_type,Synthetic,Masks,benchmark,Unknown,Unknown,Unknown,Unknown,Likely,2026-09-15
eo_2020_tgrs_hrrsd,TGRS-HRRSD,,2020,2020,Object detection,,Satellite,Optical,Optical,Single-date,Image,21761,Unknown,See annotation_type,Unknown,Boxes; 13 classes,benchmark,Unknown,Unknown,Unknown,Unknown,Likely,2026-09-15
eo_2020_toronto3d,Toronto3D,,2020,2020,Point-cloud semantic segmentation,,MLS,LiDAR,LiDAR,Single-date,Point cloud,78300000,Unknown,See annotation_type,"Toronto, Canada",Point labels; 8 classes,benchmark,Unknown,Unknown,Unknown,Unknown,Likely,2026-09-15
eo_2020_ttpla,TTPLA,,2020,2020,Transmission-line segmentation,,Aerial,Optical,Optical,Single-date,Image,1100,Unknown,See annotation_type,USA,Masks,benchmark,Unknown,Unknown,Unknown,Unknown,Likely,2026-09-15
eo_2020_uavid,UAVid,,2020,2020,Semantic segmentation,,Drone,Optical,Optical,Single-date,Image,420,Unknown,See annotation_type,Unknown,Masks,benchmark,Unknown,Unknown,Unknown,Unknown,Likely,2026-09-15
eo_2020_valid,VALID,,2020,2020,Object detection / segmentation,,Aerial,Multiple,Multiple,Single-date,Image,6690,Unknown,See annotation_type,Synthetic,Boxes/masks; 30 classes,benchmark,Unknown,Unknown,Unknown,Unknown,Likely,2026-09-15
eo_2020_visdrone,VisDrone,,2020,2020,Object detection,,Drone,Optical,Optical,Multitemporal,Image,275437,Unknown,See annotation_type,China,Boxes,benchmark,Unknown,Unknown,Unknown,Unknown,Likely,2026-09-15
eo_2020_whu_cloud,WHU Cloud,,2020,2020,Cloud segmentation,,Satellite,Multispectral,Multispectral,Single-date,Image,859,Unknown,See annotation_type,China,Masks,benchmark,Unknown,Unknown,Unknown,Unknown,Likely,2026-09-15
eo_2020_whu_multi_view,WHU Multi-View,,2020,2020,Multi-view reconstruction,,Aerial,Optical,Optical,Single-date,Image,28400,Unknown,See annotation_type,China,Camera geometry/depth,benchmark,Unknown,Unknown,Unknown,Unknown,Likely,2026-09-15
eo_2020_whu_mvs_stereo,WHU MVS/Stereo,,2020,2020,Stereo reconstruction,,Aerial,Optical,Optical,Single-date,Image,1776,Unknown,See annotation_type,China,Depth/disparity,benchmark,Unknown,Unknown,Unknown,Unknown,Likely,2026-09-15
eo_2020_whu_stereo,WHU Stereo,,2020,2020,Stereo reconstruction,,Aerial,Optical,Optical,Single-date,Image,21868,Unknown,See annotation_type,China,Depth/disparity,benchmark,Unknown,Unknown,Unknown,Unknown,Likely,2026-09-15
eo_2020_whu_hi,WHU-Hi,,2020,2020,Hyperspectral semantic segmentation,,Drone,Hyperspectral,Hyperspectral,Single-date,Scene,3,Unknown,See annotation_type,Unknown,Masks; 11 classes,benchmark,Unknown,Unknown,Unknown,Unknown,Likely,2026-09-15
eo_2021_2019_mali_croptype,2019 Mali CropType,,2021,2021,Crop-type classification,,Satellite,Multispectral,Multispectral,Multitemporal,Time series,33×13×41,Unknown,See annotation_type,Mali,Labels; 4 classes,benchmark,Unknown,Unknown,Unknown,Unknown,Likely,2026-09-15
eo_2021_afo,AFO,,2021,2021,Object detection,,Drone,Optical,Optical,Single-date,Image,3647,Unknown,See annotation_type,Unknown,Boxes; 2 classes,benchmark,Unknown,Unknown,Unknown,Unknown,Likely,2026-09-15
eo_2021_africa_minicubes,Africa MiniCubes,,2021,2021,EO representation learning,,Satellite,Multiple,Multiple,Multitemporal,Data cube,Not reported,Unknown,See annotation_type,Africa,Mixed/SSL,pretraining,Unknown,Unknown,Unknown,Unknown,Likely,2026-09-15
eo_2021_airbus_aircraft_detection,Airbus Aircraft Detection,,2021,2021,Aircraft detection,,Satellite,Optical,Optical,Single-date,Image,103,Unknown,See annotation_type,Global,Boxes; binary,benchmark,Unknown,Unknown,Unknown,Unknown,Likely,2026-09-15
eo_2021_airbus_oil_storage_detection,Airbus Oil Storage Detection,,2021,2021,Tank detection,,Satellite,Optical,Optical,Single-date,Image,98,Unknown,See annotation_type,Global,Boxes; binary,benchmark,Unknown,Unknown,Unknown,Unknown,Likely,2026-09-15
eo_2021_alsat_2b,ALSAT-2B,,2021,2021,Super-resolution,,Satellite,Optical,Optical,Single-date,Patch,5518,Unknown,See annotation_type,Multiple locations,High/low resolution pairs,benchmark,Unknown,Unknown,Unknown,Unknown,Likely,2026-09-15
eo_2021_amd,AMD,,2021,2021,Object detection,,Drone,Optical,Optical,Single-date,Image,508,Unknown,See annotation_type,Unknown,Boxes; 5 classes,benchmark,Unknown,Unknown,Unknown,Unknown,Likely,2026-09-15
eo_2021_animaldrone,AnimalDrone,,2021,2021,Animal detection,,Drone,Optical,Optical,Single-date,Image,53644,Unknown,See annotation_type,Unknown,Boxes,benchmark,Unknown,Unknown,Unknown,Unknown,Likely,2026-09-15
eo_2021_arcticseals,ArcticSeals,,2021,2021,Seal detection,,Aerial,Multispectral,Multispectral,Single-date,Image,88000,Unknown,See annotation_type,Alaska,Boxes; binary,benchmark,Unknown,Unknown,Unknown,Unknown,Likely,2026-09-15
eo_2021_cancropland,CanCropland,,2021,2021,Crop-type classification,,Satellite,Multispectral,Multispectral,Single-date,Patch,78536×15,Unknown,See annotation_type,Canada,Labels; 10 classes,benchmark,Unknown,Unknown,Unknown,Unknown,Likely,2026-09-15
eo_2021_cropharvest,CropHarvest,,2021,2021,Crop classification,,Multiple,Multiple,Multiple,Multitemporal,Point/time series,95186,Unknown,See annotation_type,Global,Crop labels,benchmark,Unknown,Unknown,Unknown,Unknown,Likely,2026-09-15
eo_2021_croprotation,CropRotation,,2021,2021,Crop rotation prediction,,Satellite,Multispectral,Multispectral,Multitemporal,Time series,Not reported,Unknown,See annotation_type,France,Crop labels,benchmark,Unknown,Unknown,Unknown,Unknown,Likely,2026-09-15
eo_2021_dales_object,DALES Object,,2021,2021,Point-cloud object detection,,ALS,LiDAR,LiDAR,Single-date,Point cloud,492000000,Unknown,See annotation_type,"Surrey, British Columbia, Canada",Point labels; 8 classes,benchmark,Unknown,Unknown,Unknown,Unknown,Likely,2026-09-15
eo_2021_denethor,DENETHOR,,2021,2021,Land-cover classification,,Satellite,Multispectral,Multispectral,Multitemporal,Time series,2×(365 + 60×14),Unknown,See annotation_type,Germany,Labels; 9 classes,benchmark,Unknown,Unknown,Unknown,Unknown,Likely,2026-09-15
eo_2021_densematchaerial,DenseMatchAerial,,2021,2021,Dense matching,,Aerial,Optical,Optical,Single-date,Image pair,1092×2,Unknown,See annotation_type,Germany,Depth/disparity,benchmark,Unknown,Unknown,Unknown,Unknown,Likely,2026-09-15
eo_2021_dfc21_dse,DFC21-DSE,,2021,2021,Crop classification,,Satellite,Multiple,Multiple,Single-date,Patch,6000,Unknown,See annotation_type,Malawi,Labels; 4 classes,benchmark,Unknown,Unknown,Unknown,Unknown,Likely,2026-09-15
eo_2021_dfc21_msd,DFC21-MSD,,2021,2021,Change detection,,Aerial,Multiple,Multiple,Multiple,Image pair,2250×9,Unknown,See annotation_type,USA,Mask,benchmark,Unknown,Unknown,Unknown,Unknown,Likely,2026-09-15
eo_2021_dlr_hysu,DLR-HySU,,2021,2021,Hyperspectral analysis,,Aerial,Hyperspectral,Hyperspectral,Single-date,Scene,1×135,Unknown,See annotation_type,Germany,Labels,benchmark,Unknown,Unknown,Unknown,Unknown,Likely,2026-09-15
eo_2021_dorianet,DoriaNet,,2021,2021,Road segmentation,,Drone,Optical,Optical,Multitemporal,Image,2409,Unknown,See annotation_type,USA,Masks; 3 classes,benchmark,Unknown,Unknown,Unknown,Unknown,Likely,2026-09-15
eo_2021_dream,DREAM,,2021,2021,Geospatial machine learning,,Multiple,Multiple,Multiple,Single-date,Image,Not reported,Unknown,See annotation_type,Multiple locations,Mixed labels,benchmark,Unknown,Unknown,Unknown,Unknown,Likely,2026-09-15
eo_2021_dronevehicle,DroneVehicle,,2021,2021,Vehicle detection,,Drone,Multiple,Multiple,Single-date,Image,56878,Unknown,See annotation_type,China,Boxes; 5 classes,benchmark,Unknown,Unknown,Unknown,Unknown,Likely,2026-09-15
eo_2021_dssdd,DSSDD,,2021,2021,SAR ship detection,,Satellite,SAR,SAR,Single-date,Image,1236,Unknown,See annotation_type,Unknown,Boxes,benchmark,Unknown,Unknown,Unknown,Unknown,Likely,2026-09-15
eo_2021_earthnet2021,EarthNet2021,,2021,2021,Earth-surface forecasting,,Satellite,Multispectral,Multispectral,Multitemporal,Time series,32000,Unknown,See annotation_type,Global,Forecast targets,benchmark,Unknown,Unknown,Unknown,Unknown,Likely,2026-09-15
eo_2021_etci2021,ETCI2021,,2021,2021,Change detection,,Satellite,SAR,SAR,Single-date,Image,66810,Unknown,See annotation_type,Multiple locations,Masks; 2 classes,benchmark,Unknown,Unknown,Unknown,Unknown,Likely,2026-09-15
eo_2021_extremeearth,ExtremeEarth,,2021,2021,Extreme-event EO analysis,,Satellite,Multiple,Multiple,Multitemporal,Mixed,Not reported,Unknown,See annotation_type,Greenland,Mixed labels,benchmark,Unknown,Unknown,Unknown,Unknown,Likely,2026-09-15
eo_2021_fgscr_42,FGSCR-42,,2021,2021,Fine-grained scene classification,,Satellite,Optical,Optical,Single-date,Image,9320,Unknown,See annotation_type,Global,Labels; 42 classes,benchmark,Unknown,Unknown,Unknown,Unknown,Likely,2026-09-15
eo_2021_floatingobjects,FloatingObjects,,2021,2021,Floating-object detection,,Satellite,Multispectral,Multispectral,Single-date,Image,Not reported,Unknown,See annotation_type,Global,Boxes/masks,benchmark,Unknown,Unknown,Unknown,Unknown,Likely,2026-09-15
eo_2021_floodnet,FloodNet,,2021,2021,Post-flood semantic segmentation,,Drone,Optical,Optical,Single-date,Image,2343,Unknown,See annotation_type,USA,Masks; 10 classes,benchmark,Unknown,Unknown,Unknown,Unknown,Likely,2026-09-15
eo_2021_flying_airplanes,Flying Airplanes,,2021,2021,Aircraft detection,,Satellite,Optical,Optical,Multitemporal,Image,8000,Unknown,See annotation_type,Europe,Boxes; binary,benchmark,Unknown,Unknown,Unknown,Unknown,Likely,2026-09-15
eo_2021_forest_damages_larch_casebearer,Forest Damages – Larch Casebearer,,2021,2021,Forest damage detection,,Drone,Optical,Optical,Single-date,Image,1543,Unknown,See annotation_type,Sweden,Masks/labels; 4 classes,benchmark,Unknown,Unknown,Unknown,Unknown,Likely,2026-09-15
eo_2021_hessigheim_3d,Hessigheim 3D,,2021,2021,Point-cloud semantic segmentation,,Drone,LiDAR,LiDAR,Multitemporal,Point cloud,73909354,Unknown,See annotation_type,"Hessigheim, Germany",Point labels; 11 classes,benchmark,Unknown,Unknown,Unknown,Unknown,Likely,2026-09-15
eo_2021_hurricane_wind_speed,Hurricane Wind Speed,,2021,2021,Wind-speed regression,,Satellite,Multispectral,Multispectral,Single-date,Image,114634,Unknown,See annotation_type,Global,Regression target,benchmark,Unknown,Unknown,Unknown,Unknown,Likely,2026-09-15
eo_2021_levir_ship,LEVIR-Ship,,2021,2021,Ship detection,,Satellite,Optical,Optical,Single-date,Image,3896,Unknown,See annotation_type,Unknown,Boxes; binary,benchmark,Unknown,Unknown,Unknown,Unknown,Likely,2026-09-15
eo_2021_lisurveying,LiSurveying,,2021,2021,Object detection / semantic segmentation,,TLS,LiDAR,LiDAR,Single-date,Point cloud,2450000000,Unknown,See annotation_type,"British Columbia, Canada",Point labels; 54 classes,benchmark,Unknown,Unknown,Unknown,Unknown,Likely,2026-09-15
eo_2021_loveda,LoveDA,,2021,2021,Land-cover semantic segmentation,,Satellite,Optical,Optical,Single-date,Image,5987,Unknown,See annotation_type,China,Masks; 7 classes,benchmark,Unknown,Unknown,Unknown,Unknown,Likely,2026-09-15
eo_2021_marida,MARIDA,,2021,2021,Marine debris detection,,Satellite,Multispectral,Multispectral,Single-date,Patch,1381×10,Unknown,See annotation_type,Global,Masks; 15 classes,benchmark,Unknown,Unknown,Unknown,Unknown,Likely,2026-09-15
eo_2021_muesli,MUESLI,,2021,2021,Semantic segmentation,,Aerial,Multiple,Multiple,Single-date,Scene,1×415,Unknown,See annotation_type,France,Masks; 41 classes,benchmark,Unknown,Unknown,Unknown,Unknown,Likely,2026-09-15
eo_2021_multidrone,MultiDrone,,2021,2021,Object detection,,Drone,Optical,Optical,Multitemporal,Image,259793,Unknown,See annotation_type,China,Boxes; 9 classes,benchmark,Unknown,Unknown,Unknown,Unknown,Likely,2026-09-15
eo_2021_multimodalben,MultimodalBen,,2021,2021,Multimodal semantic segmentation,,Multiple,Multiple,Multiple,Single-date,Image,568,Unknown,See annotation_type,Multiple locations,Masks; 30 classes,benchmark,Unknown,Unknown,Unknown,Unknown,Likely,2026-09-15
eo_2021_multimodalsupcd,MultimodalSupCD,,2021,2021,Multimodal change detection,,Satellite,Multiple,Multiple,Multitemporal,Image pair,Not reported,Unknown,See annotation_type,Global,Masks,benchmark,Unknown,Unknown,Unknown,Unknown,Likely,2026-09-15
eo_2021_multiscene,MultiScene,,2021,2021,Scene classification,,Aerial,Optical,Optical,Single-date,Image,100000,Unknown,See annotation_type,Global,Labels; 36 classes,benchmark,Unknown,Unknown,Unknown,Unknown,Likely,2026-09-15
eo_2021_muno21,MUNO21,,2021,2021,Change detection,,Aerial,Optical,Optical,Multitemporal,Image pair,156,Unknown,See annotation_type,USA,Mask,benchmark,Unknown,Unknown,Unknown,Unknown,Likely,2026-09-15
eo_2021_nasadebris,NASAdebris,,2021,2021,Debris detection,,Satellite,Optical,Optical,Single-date,Image,707,Unknown,See annotation_type,Multiple locations,Boxes; binary,benchmark,Unknown,Unknown,Unknown,Unknown,Likely,2026-09-15
eo_2021_nasc_tg2,NaSC-TG2,,2021,2021,Scene classification,,Satellite,Optical,Optical,Single-date,Image,20000,Unknown,See annotation_type,Unknown,Labels; 10 classes,benchmark,Unknown,Unknown,Unknown,Unknown,Likely,2026-09-15
eo_2021_neon_tree_dataset,NEON Tree Dataset,,2021,2021,Tree detection,,Aerial,Multiple,Multiple,Single-date,Patch,2174×426,Unknown,See annotation_type,USA,Boxes,benchmark,Unknown,Unknown,Unknown,Unknown,Likely,2026-09-15
eo_2021_olive_tree,Olive Tree,,2021,2021,Olive-tree detection,,Satellite,Multiple,Multiple,Single-date,Image,10,Unknown,See annotation_type,Unknown,Labels,benchmark,Unknown,Unknown,Unknown,Unknown,Likely,2026-09-15
eo_2021_opengf,OpenGF,,2021,2021,Ground filtering,,ALS,LiDAR,LiDAR,Single-date,Point cloud,542100000,Unknown,See annotation_type,Multiple locations,Point labels; 3 classes,benchmark,Unknown,Unknown,Unknown,Unknown,Likely,2026-09-15
eo_2021_pairmax_airbus,PAirMAX (Airbus),,2021,2021,Super-resolution,,Satellite,Multispectral,Multispectral,Single-date,Image,Not reported,Unknown,See annotation_type,Multiple locations,High/low resolution pairs,benchmark,Unknown,Unknown,Unknown,Unknown,Likely,2026-09-15
eo_2021_pairmax_maxar,PAirMAX (MAXAR),,2021,2021,Super-resolution,,Satellite,Optical,Optical,Single-date,Image,14,Unknown,See annotation_type,Multiple locations,High/low resolution pairs,benchmark,Unknown,Unknown,Unknown,Unknown,Likely,2026-09-15
eo_2021_pastis,PASTIS,,2021,2021,Crop classification/segmentation,,Satellite,Multispectral,Multispectral,Multitemporal,Time series,2433×45×10,Unknown,See annotation_type,France,Masks; 18 classes,benchmark,Unknown,Unknown,Unknown,Unknown,Likely,2026-09-15
eo_2021_pastis_r,PASTIS-R,,2021,2021,Crop segmentation,,Satellite,Multiple,Multiple,Multitemporal,Patch,2433,Unknown,See annotation_type,France,Masks; 18 classes,benchmark,Unknown,Unknown,Unknown,Unknown,Likely,2026-09-15
eo_2021_pushframesr,PushFrameSR,,2021,2021,Super-resolution,,Satellite,Optical,Optical,Multitemporal,Time series,960×15,Unknown,See annotation_type,Unknown,High/low resolution pairs,benchmark,Unknown,Unknown,Unknown,Unknown,Likely,2026-09-15
eo_2021_qxs_saropt,QXS-SAROPT,,2021,2021,SAR-optical fusion,,Satellite,SAR; optical,SAR; optical,Single-date,Patch,40000,Unknown,See annotation_type,Multiple locations,Paired imagery,mixed,Unknown,Unknown,Unknown,Unknown,Likely,2026-09-15
eo_2021_rescuenet,RescueNet,,2021,2021,Post-disaster semantic segmentation,,Drone,Optical,Optical,Single-date,Image,4494,Unknown,See annotation_type,USA,Masks; 12 classes,benchmark,Unknown,Unknown,Unknown,Unknown,Likely,2026-09-15
eo_2021_rsitmd,RSITMD,,2021,2021,Remote-sensing image captioning,,Satellite,Optical; text,Optical; text,Single-date,Image-text pair,4743,Unknown,See annotation_type,Global,Captions,benchmark,Unknown,Unknown,Unknown,Unknown,Likely,2026-09-15
eo_2021_rsvqaxben,RSVQAxBEN,,2021,2021,Visual question answering,,Satellite,Optical; text,Optical; text,Single-date,Image-QA pair,590326,Unknown,See annotation_type,Global,QA pairs,benchmark,Unknown,Unknown,Unknown,Unknown,Likely,2026-09-15
eo_2021_s2_ships,S2-SHIPS,,2021,2021,Ship detection,,Satellite,Multispectral,Multispectral,Single-date,Scene,16×16,Unknown,See annotation_type,Unknown,Labels; 3 classes,benchmark,Unknown,Unknown,Unknown,Unknown,Likely,2026-09-15
eo_2021_s2looking,S2Looking,,2021,2021,Change detection,,Satellite,Optical,Optical,Multitemporal,Image pair,5000×2,Unknown,See annotation_type,Unknown,Mask; binary,benchmark,Unknown,Unknown,Unknown,Unknown,Likely,2026-09-15
eo_2021_sarnet,SaRNet,,2021,2021,Object detection,,Satellite,Optical,Optical,Single-date,Image,2552,Unknown,See annotation_type,USA,Boxes,benchmark,Unknown,Unknown,Unknown,Unknown,Likely,2026-09-15
eo_2021_seabirdsdetection,SeabirdsDetection,,2021,2021,Seabird detection,,Aerial,Optical,Optical,Single-date,Scene,1,Unknown,See annotation_type,West Africa,Boxes; binary,benchmark,Unknown,Unknown,Unknown,Unknown,Likely,2026-09-15
eo_2021_seaiceclassification,SeaIceClassification,,2021,2021,Sea-ice classification,,Satellite,SAR,SAR,Single-date,Patch,6400,Unknown,See annotation_type,Greenland,Labels; 8 classes,benchmark,Unknown,Unknown,Unknown,Unknown,Likely,2026-09-15
eo_2021_seaicecontent,SeaIceContent,,2021,2021,Sea-ice content estimation,,Satellite,SAR,SAR,Multitemporal,Scene,6,Unknown,See annotation_type,Greenland,Regression target,benchmark,Unknown,Unknown,Unknown,Unknown,Likely,2026-09-15
eo_2021_seasonal_contrast,Seasonal Contrast,,2021,2021,Self-supervised learning / change detection,,Satellite,Multispectral,Multispectral,Seasonal,Patch/time series,200000×5×12,Unknown,See annotation_type,Global,Unlabelled / SSL,pretraining,Unknown,Unknown,Unknown,Unknown,Likely,2026-09-15
eo_2021_sen12ms_cr_ts,SEN12MS-CR-TS,,2021,2021,Cloud removal,,Satellite,Sentinel-1; Sentinel-2,Sentinel-1; Sentinel-2,Multitemporal,Scene/time series,53,Unknown,See annotation_type,Global,Cloud-free reconstruction targets,benchmark,Unknown,Unknown,Unknown,Unknown,Likely,2026-09-15
eo_2021_sen4agrinet,Sen4AgriNet,,2021,2021,Crop-type classification,,Satellite,Multispectral,Multispectral,Multitemporal,Time series,Not reported,Unknown,See annotation_type,France; Spain,Crop labels,benchmark,Unknown,Unknown,Unknown,Unknown,Likely,2026-09-15
eo_2021_shiprsimagenet,ShipRSImageNet,,2021,2021,Ship classification,,Satellite,Optical,Optical,Single-date,Image,3435,Unknown,See annotation_type,Unknown,Labels,benchmark,Unknown,Unknown,Unknown,Unknown,Likely,2026-09-15
eo_2021_smallholderplant,SmallholderPlant,,2021,2021,Crop classification,,Satellite,Multispectral,Multispectral,Single-date,Patch,70×13,Unknown,See annotation_type,Benin,Labels; 6 classes,benchmark,Unknown,Unknown,Unknown,Unknown,Likely,2026-09-15
eo_2021_so2sat_pop,So2Sat POP,,2021,2021,Population estimation,,Satellite,Multiple,Multiple,Single-date,Patch,Not reported,Unknown,See annotation_type,Europe,Regression target,benchmark,Unknown,Unknown,Unknown,Unknown,Likely,2026-09-15
eo_2021_speed,SPEED+,,2021,2021,Satellite pose estimation,,Satellite,Optical,Optical,Single-date,Image,69531,Unknown,See annotation_type,Unknown,Pose labels,benchmark,Unknown,Unknown,Unknown,Unknown,Likely,2026-09-15
eo_2021_spystuf,SPYSTUF,,2021,2021,Hyperspectral analysis,,Aerial,Hyperspectral,Hyperspectral,Single-date,Scene,1×128,Unknown,See annotation_type,Finland,Labels,benchmark,Unknown,Unknown,Unknown,Unknown,Likely,2026-09-15
eo_2021_srsdd_v1_0,SRSDD-v1.0,,2021,2021,SAR ship detection,,Satellite,SAR,SAR,Single-date,Image,666,Unknown,See annotation_type,Asia,Boxes; 6 classes,benchmark,Unknown,Unknown,Unknown,Unknown,Likely,2026-09-15
eo_2021_sustainbench,SustainBench,,2021,2021,Sustainability prediction,,Multiple,Multiple,Multiple,Multitemporal,Mixed,Not reported,Unknown,See annotation_type,Global,Mixed labels,benchmark,Unknown,Unknown,Unknown,Unknown,Likely,2026-09-15
eo_2021_swim,SWIM,,2021,2021,Waterbody segmentation,,Satellite,Optical,Optical,Single-date,Image,14610,Unknown,See annotation_type,Global,Masks,benchmark,Unknown,Unknown,Unknown,Unknown,Likely,2026-09-15
eo_2021_sysu_cd,SYSU-CD,,2021,2021,Change detection,,Satellite,Optical,Optical,Multitemporal,Image pair,20000×2,Unknown,See annotation_type,China,Mask; 5 classes,benchmark,Unknown,Unknown,Unknown,Unknown,Likely,2026-09-15
eo_2021_tirmss,TIRMSS,,2021,2021,Thermal imagery analysis,,Satellite,Multispectral,Multispectral,Single-date,Image,16000,Unknown,See annotation_type,Unknown,Labels,benchmark,Unknown,Unknown,Unknown,Unknown,Likely,2026-09-15
eo_2021_topoboundary,TopoBoundary,,2021,2021,Building footprint extraction,,Aerial,Optical,Optical,Single-date,Image,25297,Unknown,See annotation_type,USA,Polygons; 8 classes,benchmark,Unknown,Unknown,Unknown,Unknown,Likely,2026-09-15
eo_2021_uopnoa,UOPNOA,,2021,2021,Semantic segmentation,,Multiple,Multiple,Multiple,Single-date,Image,36000,Unknown,See annotation_type,Spain,Masks,benchmark,Unknown,Unknown,Unknown,Unknown,Likely,2026-09-15
eo_2021_urban_tree_crown_detection,Urban Tree Crown Detection,,2021,2021,Tree crown detection,,Aerial,Optical,Optical,Single-date,Image,220,Unknown,See annotation_type,Brazil,Masks; binary,benchmark,Unknown,Unknown,Unknown,Unknown,Likely,2026-09-15
eo_2021_whus2_cd,WHUS2-CD+,,2021,2021,Change detection,,Satellite,Multispectral,Multispectral,Single-date,Image,36,Unknown,See annotation_type,China,Masks,benchmark,Unknown,Unknown,Unknown,Unknown,Likely,2026-09-15
eo_2021_xview3_sar,xView3-SAR,,2021,2021,SAR vessel detection,,Satellite,SAR,SAR,Single-date,Scene,991×2,Unknown,See annotation_type,Global,Objects; 2 classes,benchmark,Unknown,Unknown,Unknown,Unknown,Likely,2026-09-15
eo_2021_yosemite_tree,Yosemite Tree,,2021,2021,Tree detection,,Aerial,Optical,Optical,Single-date,Scene,1,Unknown,See annotation_type,USA,Boxes; binary,benchmark,Unknown,Unknown,Unknown,Unknown,Likely,2026-09-15
eo_2021_zuericrop,ZueriCrop,,2021,2021,Crop-type classification,,Satellite,Multispectral,Multispectral,Multitemporal,Time series,28000×71,Unknown,See annotation_type,Switzerland,Labels; 48 classes,benchmark,Unknown,Unknown,Unknown,Unknown,Likely,2026-09-15
eo_2022_advance,ADVANCE,,2022,2022,Scene classification,,Satellite,Optical,Optical,Single-date,Image,5075,Unknown,See annotation_type,Global,Labels; 13 classes,benchmark,Unknown,Unknown,Unknown,Unknown,Likely,2026-09-15
eo_2022_agrifieldnet,AgriFieldNet,,2022,2022,Crop segmentation,,Satellite,Multispectral,Multispectral,Single-date,Patch,1217×12,Unknown,See annotation_type,India,Masks; 13 classes,benchmark,Unknown,Unknown,Unknown,Unknown,Likely,2026-09-15
eo_2022_ai4arctic_sea_ice,AI4Arctic Sea Ice,,2022,2022,Sea-ice mapping,,Satellite,SAR,SAR,Single-date,Scene,Not reported,Unknown,See annotation_type,Arctic,Masks/labels,benchmark,Unknown,Unknown,Unknown,Unknown,Likely,2026-09-15
eo_2022_aisd,AISD,,2022,2022,Aerial object detection,,Aerial,Optical,Optical,Single-date,Image,Not reported,Unknown,See annotation_type,Unknown,Boxes,benchmark,Unknown,Unknown,Unknown,Unknown,Likely,2026-09-15
eo_2022_anthroprotect,AnthroProtect,,2022,2022,Anthropogenic land-use classification,,Satellite,Optical,Optical,Multitemporal,Patch,23919,Unknown,See annotation_type,Europe,Labels; binary,benchmark,Unknown,Unknown,Unknown,Unknown,Likely,2026-09-15
eo_2022_argo,ARGO,,2022,2022,Agricultural segmentation,,Satellite,Multispectral,Multispectral,Single-date,Image,1750,Unknown,See annotation_type,Unknown,Masks; 2 classes,benchmark,Unknown,Unknown,Unknown,Unknown,Likely,2026-09-15
eo_2022_burned_area_delineation,Burned Area Delineation,,2022,2022,Burned-area segmentation,,Satellite,Multispectral,Multispectral,Multitemporal,Scene,Not reported,Unknown,See annotation_type,Europe,Masks,benchmark,Unknown,Unknown,Unknown,Unknown,Likely,2026-09-15
eo_2022_c2s_ms,C2S-MS,,2022,2022,Cloud/shadow segmentation,,Satellite,Multiple,Multiple,Single-date,Image,1800,Unknown,See annotation_type,Global,Masks; 3 classes,benchmark,Unknown,Unknown,Unknown,Unknown,Likely,2026-09-15
eo_2022_dfc22_ssl,DFC22-SSL,,2022,2022,Semantic segmentation / SSL,,Aerial,Multiple,Multiple,Single-date,Image,5000,Unknown,See annotation_type,France,Masks; 14 classes,benchmark,Unknown,Unknown,Unknown,Unknown,Likely,2026-09-15
eo_2022_dronecrowd,DroneCrowd,,2022,2022,Crowd counting,,Drone,Optical,Optical,Multitemporal,Image,33600,Unknown,See annotation_type,China,Point annotations,benchmark,Unknown,Unknown,Unknown,Unknown,Likely,2026-09-15
eo_2022_dynamicearthnet,DynamicEarthNet,,2022,2022,Change detection / semantic segmentation,,Satellite,Multispectral,Multispectral,Multitemporal,Image/time series,54750,Unknown,See annotation_type,Global,Masks; 7 classes,benchmark,Unknown,Unknown,Unknown,Unknown,Likely,2026-09-15
eo_2022_firecube,FireCube,,2022,2022,Wildfire segmentation/prediction,,Multiple,Multiple,Multiple,Multitemporal,Time series,4314×58,Unknown,See annotation_type,Greece,Masks,benchmark,Unknown,Unknown,Unknown,Unknown,Likely,2026-09-15
eo_2022_flair_1,FLAIR #1,,2022,2022,Land-cover segmentation,,Aerial,Optical,Optical,Single-date,Image,77412,Unknown,See annotation_type,France,Masks; 13 classes,benchmark,Unknown,Unknown,Unknown,Unknown,Likely,2026-09-15
eo_2022_geonrw,GeoNRW,,2022,2022,Semantic segmentation,,Aerial,Multiple,Multiple,Single-date,Image,7783×3,Unknown,See annotation_type,Germany,Masks; 10 classes,benchmark,Unknown,Unknown,Unknown,Unknown,Likely,2026-09-15
eo_2022_growliflower,GrowliFlower,,2022,2022,Crop/flower segmentation,,Drone,Multispectral,Multispectral,Multitemporal,Image,8402,Unknown,See annotation_type,Germany,Masks; 4 classes,benchmark,Unknown,Unknown,Unknown,Unknown,Likely,2026-09-15
eo_2022_helixnet,HelixNet,,2022,2022,Point-cloud semantic segmentation,,MLS,LiDAR,LiDAR,Multitemporal,Point cloud,8850000000,Unknown,See annotation_type,Multiple locations,Point labels; 9 classes,benchmark,Unknown,Unknown,Unknown,Unknown,Likely,2026-09-15
eo_2022_hephaestus,Hephaestus,,2022,2022,SAR representation learning,,Satellite,SAR,SAR,Multitemporal,Patch,110573,Unknown,See annotation_type,Global,Unlabelled / SSL,pretraining,Unknown,Unknown,Unknown,Unknown,Likely,2026-09-15
eo_2022_hosd,HOSD,,2022,2022,Oil-spill segmentation,,Aerial,Hyperspectral,Hyperspectral,Single-date,Patch,18×224,Unknown,See annotation_type,Gulf of Mexico,Masks,benchmark,Unknown,Unknown,Unknown,Unknown,Likely,2026-09-15
eo_2022_hrplanesv2,HRPlanesv2,,2022,2022,Aircraft detection,,Satellite,Optical,Optical,Single-date,Image,2120,Unknown,See annotation_type,Global,Boxes,benchmark,Unknown,Unknown,Unknown,Unknown,Likely,2026-09-15
eo_2022_jilin1_vidsr,Jilin1_VidSR,,2022,2022,Video super-resolution,,Satellite,Optical,Optical,Multitemporal,Video,6250,Unknown,See annotation_type,Unknown,High/low resolution pairs,benchmark,Unknown,Unknown,Unknown,Unknown,Likely,2026-09-15
eo_2022_landslide4sense,Landslide4Sense,,2022,2022,Landslide segmentation,,Satellite,Multiple,Multiple,Single-date,Patch,4844×14,Unknown,See annotation_type,Global,Masks,benchmark,Unknown,Unknown,Unknown,Unknown,Likely,2026-09-15
eo_2022_mapinwild,MapInWild,,2022,2022,Land-cover segmentation,,Satellite,Multiple,Multiple,Single-date,Image,1018×8,Unknown,See annotation_type,Global,Masks; 11 classes,benchmark,Unknown,Unknown,Unknown,Unknown,Likely,2026-09-15
eo_2022_mdas,MDAS,,2022,2022,Geospatial analysis,,Multiple,Multiple,Multiple,Single-date,Mixed,Not reported,Unknown,See annotation_type,Germany,Mixed labels,benchmark,Unknown,Unknown,Unknown,Unknown,Likely,2026-09-15
eo_2022_minifrance,MiniFrance,,2022,2022,Land-cover segmentation,,Aerial,Optical,Optical,Single-date,Image,2121,Unknown,See annotation_type,France,Masks; 12 classes,benchmark,Unknown,Unknown,Unknown,Unknown,Likely,2026-09-15
eo_2022_mmflood,MMFlood,,2022,2022,Flood segmentation,,Satellite,SAR,SAR,Multitemporal,Image pair,1748×2,Unknown,See annotation_type,Global,Masks,benchmark,Unknown,Unknown,Unknown,Unknown,Likely,2026-09-15
eo_2022_msar,MSAR,,2022,2022,SAR object detection,,Satellite,SAR,SAR,Single-date,Image,28449,Unknown,See annotation_type,Unknown,Boxes; 4 classes,benchmark,Unknown,Unknown,Unknown,Unknown,Likely,2026-09-15
eo_2022_msds900,MSDS900,,2022,2022,Object detection,,Satellite,Optical,Optical,Single-date,Image,2993,Unknown,See annotation_type,Unknown,Boxes,benchmark,Unknown,Unknown,Unknown,Unknown,Likely,2026-09-15
eo_2022_msdsfull,MSDSfull,,2022,2022,Object detection,,Satellite,Optical,Optical,Single-date,Image,200,Unknown,See annotation_type,Unknown,Boxes,benchmark,Unknown,Unknown,Unknown,Unknown,Likely,2026-09-15
eo_2022_mu_s2,Mu-S2,,2022,2022,Super-resolution,,Satellite,Multispectral,Multispectral,Single-date,Patch,1274,Unknown,See annotation_type,Unknown,High/low resolution pairs,benchmark,Unknown,Unknown,Unknown,Unknown,Likely,2026-09-15
eo_2022_multiexposuresr,MultiExposureSR,,2022,2022,Super-resolution,,Satellite,Multispectral,Multispectral,Multitemporal,Image,Not reported,Unknown,See annotation_type,Unknown,High/low exposure-resolution pairs,benchmark,Unknown,Unknown,Unknown,Unknown,Likely,2026-09-15
eo_2022_multisenge,MultiSenGE,,2022,2022,Semantic segmentation,,Satellite,Multiple,Multiple,Multitemporal,Image/time series,1084260×12,Unknown,See annotation_type,France,Masks; 14 classes,benchmark,Unknown,Unknown,Unknown,Unknown,Likely,2026-09-15
eo_2022_nasa_harvest,NASA-Harvest,,2022,2022,Crop mapping,,Satellite,Multispectral,Multispectral,Multitemporal,Scene,70,Unknown,See annotation_type,Rwanda,Masks,benchmark,Unknown,Unknown,Unknown,Unknown,Likely,2026-09-15
eo_2022_ndws,NDWS,,2022,2022,Wildfire segmentation,,Multiple,Multiple,Multiple,Multitemporal,Time series,18445×12,Unknown,See annotation_type,USA,Masks,benchmark,Unknown,Unknown,Unknown,Unknown,Likely,2026-09-15
eo_2022_oncloudn,OnCloudN,,2022,2022,Cloud segmentation,,Satellite,Optical,Optical,Single-date,Image,22728,Unknown,See annotation_type,Africa,Masks,benchmark,Unknown,Unknown,Unknown,Unknown,Likely,2026-09-15
eo_2022_onlyplanes,OnlyPlanes,,2022,2022,Aircraft detection,,Satellite,Optical,Optical,Single-date,Image,12500,Unknown,See annotation_type,Synthetic,Boxes,benchmark,Unknown,Unknown,Unknown,Unknown,Likely,2026-09-15
eo_2022_openearthmap,OpenEarthMap,,2022,2022,Land-cover semantic segmentation,,Satellite,Optical,Optical,Single-date,Image,5000,Unknown,See annotation_type,Global,Masks; 8 classes,benchmark,Unknown,Unknown,Unknown,Unknown,Likely,2026-09-15
eo_2022_opensentinelmap,OpenSentinelMap,,2022,2022,Land-cover semantic segmentation,,Satellite,Multispectral,Multispectral,Multitemporal,Patch,137045,Unknown,See annotation_type,Global,Masks; 15 classes,benchmark,Unknown,Unknown,Unknown,Unknown,Likely,2026-09-15
eo_2022_phenology,Phenology,,2022,2022,Phenology prediction,,Satellite,Multispectral,Multispectral,Multitemporal,Time series,114×24×5,Unknown,See annotation_type,North America,Time-series targets,benchmark,Unknown,Unknown,Unknown,Unknown,Likely,2026-09-15
eo_2022_planet_cr_m3r_cr,Planet-CR (M3R-CR),,2022,2022,Cloud removal,,Satellite,Planet optical,Planet optical,Multitemporal,Patch,63000,Unknown,See annotation_type,Global,Cloud-free reconstruction targets,benchmark,Unknown,Unknown,Unknown,Unknown,Likely,2026-09-15
eo_2022_plp,PLP,,2022,2022,Geospatial analysis,,Multiple,Multiple,Multiple,Single-date,Mixed,Not reported,Unknown,See annotation_type,Greece,Mixed labels,benchmark,Unknown,Unknown,Unknown,Unknown,Likely,2026-09-15
eo_2022_prisma_pan_sharp,PRISMA Pan Sharp,,2022,2022,Pan-sharpening,,Satellite,Hyperspectral,Hyperspectral,Single-date,Scene,4,Unknown,See annotation_type,Italy,High/low resolution pairs,benchmark,Unknown,Unknown,Unknown,Unknown,Likely,2026-09-15
eo_2022_psds,PSDS,,2022,2022,Object detection,,Satellite,Optical,Optical,Single-date,Image,1310,Unknown,See annotation_type,Peru,Boxes,benchmark,Unknown,Unknown,Unknown,Unknown,Likely,2026-09-15
eo_2022_rampbuilding,RampBuilding,,2022,2022,Building detection,,Satellite,Optical,Optical,Single-date,Image,96284,Unknown,See annotation_type,Global,Boxes,benchmark,Unknown,Unknown,Unknown,Unknown,Likely,2026-09-15
eo_2022_rdcme,RDCME,,2022,2022,Road damage/change mapping,,Satellite,Optical,Optical,Single-date,Image,775,Unknown,See annotation_type,Unknown,Masks,benchmark,Unknown,Unknown,Unknown,Unknown,Likely,2026-09-15
eo_2022_reforestree,ReforesTree,,2022,2022,Tree detection/classification,,Drone,Optical,Optical,Single-date,Image,100,Unknown,See annotation_type,Ecuador,Boxes; 6 classes,benchmark,Unknown,Unknown,Unknown,Unknown,Likely,2026-09-15
eo_2022_rsdd_sar,RSDD-SAR,,2022,2022,SAR detection,,Satellite,SAR,SAR,Single-date,Image,7000,Unknown,See annotation_type,Unknown,Boxes,benchmark,Unknown,Unknown,Unknown,Unknown,Likely,2026-09-15
eo_2022_s12_scotind_cloud,S12_ScotInd_Cloud,,2022,2022,Cloud segmentation,,Satellite,Multispectral,Multispectral,Multitemporal,Scene,Not reported,Unknown,See annotation_type,Scotland; India,Masks,benchmark,Unknown,Unknown,Unknown,Unknown,Likely,2026-09-15
eo_2022_s2_agri,S2-Agri,,2022,2022,Agriculture mapping,,Satellite,Multispectral,Multispectral,Multitemporal,Time series,Not reported,Unknown,See annotation_type,Unknown,Labels,benchmark,Unknown,Unknown,Unknown,Unknown,Likely,2026-09-15
eo_2022_sadd,SADD,,2022,2022,SAR ship detection,,Satellite,SAR,SAR,Single-date,Image,2966,Unknown,See annotation_type,Unknown,Boxes,benchmark,Unknown,Unknown,Unknown,Unknown,Likely,2026-09-15
eo_2022_sar2opt,SAR2Opt,,2022,2022,SAR-to-optical translation,,Satellite,SAR; optical,SAR; optical,Single-date,Image pair,Not reported,Unknown,See annotation_type,Global,Paired imagery,mixed,Unknown,Unknown,Unknown,Unknown,Likely,2026-09-15
eo_2022_sat_burn_area,Sat_Burn_Area,,2022,2022,Burned-area segmentation,,Satellite,Multispectral,Multispectral,Multitemporal,Scene,73×14,Unknown,See annotation_type,Europe,Masks,benchmark,Unknown,Unknown,Unknown,Unknown,Likely,2026-09-15
eo_2022_satellite_pool_detection,Satellite Pool Detection,,2022,2022,Pool detection,,Satellite,Optical,Optical,Single-date,Image,14912,Unknown,See annotation_type,Unknown,Boxes,benchmark,Unknown,Unknown,Unknown,Unknown,Likely,2026-09-15
eo_2022_seasonet,SeasoNet,,2022,2022,Land-cover classification,,Satellite,Multispectral,Multispectral,Single-date,Patch,1759830,Unknown,See annotation_type,Germany,Labels; 33 classes,benchmark,Unknown,Unknown,Unknown,Unknown,Likely,2026-09-15
eo_2022_sen2ven_s,SEN2VENµS,,2022,2022,Super-resolution,,Satellite,Multispectral,Multispectral,Single-date,Patch,132955,Unknown,See annotation_type,Multiple locations,High/low resolution pairs,benchmark,Unknown,Unknown,Unknown,Unknown,Likely,2026-09-15
eo_2022_spacenet_8,SpaceNet 8,,2022,2022,Flood-related building/road mapping,,Satellite,Optical,Optical,Multitemporal,Image pair,1200×2,Unknown,See annotation_type,Multiple locations,Masks; 2 classes,benchmark,Unknown,Unknown,Unknown,Unknown,Likely,2026-09-15
eo_2022_ssl4eo_s12,SSL4EO-S12,,2022,2022,Self-supervised EO learning,,Satellite,Sentinel-1; Sentinel-2,Sentinel-1; Sentinel-2,Multitemporal,Patch/time series,251079,Unknown,See annotation_type,Global,Unlabelled / SSL,pretraining,Unknown,Unknown,Unknown,Unknown,Likely,2026-09-15
eo_2022_stpls3d,STPLS3D,,2022,2022,Synthetic point-cloud segmentation,,Photogrammetry,Point cloud,Multiple,Single-date,Point cloud,Not reported,Unknown,See annotation_type,Synthetic,Point labels; 20 classes,benchmark,Unknown,Unknown,Unknown,Unknown,Likely,2026-09-15
eo_2022_syntcities,SyntCities,,2022,2022,Semantic segmentation,,Multiple,Optical,Optical,Single-date,Image,16200,Unknown,See annotation_type,Synthetic,Masks; 13 classes,benchmark,Unknown,Unknown,Unknown,Unknown,Likely,2026-09-15
eo_2022_treesatai,TreeSatAI,,2022,2022,Tree-species classification,,Multiple,Multispectral,Multispectral,Single-date,Patch,50381,Unknown,See annotation_type,Germany,Labels; 47 classes,benchmark,Unknown,Unknown,Unknown,Unknown,Likely,2026-09-15
eo_2022_uae_rs,UAE-RS,,2022,2022,Scene classification,,Multiple,Optical,Optical,Single-date,Image,6050,Unknown,See annotation_type,Multiple locations,Labels,benchmark,Unknown,Unknown,Unknown,Unknown,Likely,2026-09-15
eo_2022_uavod_10,UAVOD-10,,2022,2022,Object detection,,Drone,Optical,Optical,Single-date,Image,844,Unknown,See annotation_type,Unknown,Boxes; 10 classes,benchmark,Unknown,Unknown,Unknown,Unknown,Likely,2026-09-15
eo_2022_ubc,UBC,,2022,2022,Scene classification,,Satellite,Optical,Optical,Single-date,Image,800,Unknown,See annotation_type,Multiple locations,Labels; 61 classes,benchmark,Unknown,Unknown,Unknown,Unknown,Likely,2026-09-15
eo_2022_viso,VISO,,2022,2022,Object detection,,Satellite,Optical,Optical,Multitemporal,Image,15455,Unknown,See annotation_type,Unknown,Boxes; 4 classes,benchmark,Unknown,Unknown,Unknown,Unknown,Likely,2026-09-15
eo_2022_wildfiredanger,WildfireDanger,,2022,2022,Wildfire danger prediction,,Multiple,Multiple,Multiple,Multitemporal,Sample,Not reported,Unknown,See annotation_type,Unknown,Labels,benchmark,Unknown,Unknown,Unknown,Unknown,Likely,2026-09-15
eo_2022_wildforest3d,WildForest3D,,2022,2022,Forest point-cloud segmentation,,Drone,LiDAR,LiDAR,Single-date,Point cloud,7000000,Unknown,See annotation_type,"Aquitaine, France",Point labels; 6 classes,benchmark,Unknown,Unknown,Unknown,Unknown,Likely,2026-09-15
eo_2022_worldstrat,WorldStrat,,2022,2022,Super-resolution,,Satellite,Multispectral,Multispectral,Single-date,Image,3928,Unknown,See annotation_type,Global,High/low resolution pairs,benchmark,Unknown,Unknown,Unknown,Unknown,Likely,2026-09-15
eo_2022_xai4sar,XAI4SAR,,2022,2022,SAR classification / explainability,,Satellite,SAR,SAR,Single-date,Patch,5915,Unknown,See annotation_type,Multiple locations,Labels,benchmark,Unknown,Unknown,Unknown,Unknown,Likely,2026-09-15
eo_2023_dfc23,DFC23,,2023,2023,Semantic segmentation/classification,,Satellite,Multiple,Multiple,Single-date,Scene,Not reported,Unknown,See annotation_type,Global,Labels; 12 classes,benchmark,Unknown,Unknown,Unknown,Unknown,Likely,2026-09-15
eo_2023_firerisk,FireRisk,,2023,2023,Wildfire risk classification,,Satellite,Optical,Optical,Single-date,Sample,91872,Unknown,See annotation_type,USA,Labels; 7 classes,benchmark,Unknown,Unknown,Unknown,Unknown,Likely,2026-09-15
eo_2023_mdmt,MDMT,,2023,2023,Object detection,,Drone,Optical,Optical,Multitemporal,Image,39678,Unknown,See annotation_type,China,Boxes,benchmark,Unknown,Unknown,Unknown,Unknown,Likely,2026-09-15
eo_2023_mesogeos,mesogeos,,2023,2023,Mesoscale geospatial modelling,,Multiple,Multiple,Multiple,Multitemporal,Mixed,Not reported,Unknown,See annotation_type,Multiple locations,Mixed labels,mixed,Unknown,Unknown,Unknown,Unknown,Likely,2026-09-15
eo_2023_sen12tp,SEN12TP,,2023,2023,Temporal prediction,,Satellite,Sentinel-1; Sentinel-2,Sentinel-1; Sentinel-2,Multitemporal,Time series,2319,Unknown,See annotation_type,Global,Future/temporal targets,benchmark,Unknown,Unknown,Unknown,Unknown,Likely,2026-09-15
eo_2024_allclear,AllClear,AllClear cloud removal benchmark,2024,2024,Cloud removal,Cloud gap filling; temporal reconstruction,Satellite,Sentinel-1; Sentinel-2; Landsat-8; Landsat-9,SAR; multispectral,Multitemporal,Spatiotemporal sample,"4,354,652 images",10–30 m,Cloud-free target imagery,Global,Paired reconstruction targets,benchmark,Unknown,https://allclear.cs.cornell.edu/,https://papers.nips.cc/paper_files/paper/2024/file/60095e1d7ebb292dbba93c4d8f7b2463-Paper-Datasets_and_Benchmarks_Track.pdf,https://github.com/Zhou-Hangyu/allclear,Verified,2026-09-15
eo_2024_chatearthnet,ChatEarthNet,ChatEarthNet,2024,2024,Image captioning,Image-text retrieval; VLM pretraining,Satellite,Sentinel-2,Multispectral; text,Single-date,Image-text pair,"173,488",10 m,Natural-language captions,Global,Caption,mixed,Unknown,https://github.com/ManSkywalker/ChatEarthNet,https://arxiv.org/abs/2402.11325,https://github.com/ManSkywalker/ChatEarthNet,Verified,2026-09-15
eo_2024_choice,CHOICE,CHOICE,2024,2025,EO vision-language evaluation,Hierarchical perception and reasoning,Satellite,Optical remote sensing imagery,Optical; text,Single-date,Problem/QA,"10,507 problems; 50 cities; 23 task types",Varies,Answers across hierarchical task taxonomy,Global city sample,QA,benchmark,Unknown,Unknown,https://arxiv.org/abs/2411.18145,Unknown,Verified,2026-09-15
eo_2024_earthdial,EarthDial,EarthDial,2024,2025,EO instruction tuning,Dialogue; VQA; grounding; image understanding,Multiple,RGB; SAR; multispectral; NIR; infrared,Multimodal; text,Mixed,Instruction pair,>11.11M pairs,Varies,Instruction-response pairs,Multiple locations,Instruction/QA,pretraining,Unknown,Unknown,https://arxiv.org/html/2412.15190v1,Unknown,Verified,2026-09-15
eo_2024_earthloc,EarthLoc,EarthLoc,2024,2024,Astronaut photo geolocation,Image retrieval/localization,Spaceborne,Astronaut photography; Sentinel-2 reference,Optical,Long-horizon,Image,>4.5M source photographs,Varies,Geolocation labels,Global,Coordinates/geolocation,benchmark,Unknown,Unknown,https://openaccess.thecvf.com/content/CVPR2024/html/Berton_EarthLoc_Astronaut_Photography_Localization_by_Indexing_Earth_from_Space_CVPR_2024_paper.html,Unknown,Verified,2026-09-15
eo_2024_eurocropsml,EuroCropsML,EuroCropsML,2024,2024,Few-shot crop-type classification,Crop mapping,Satellite,Sentinel-2,Multispectral,Seasonal,Labeled point/time series,"706,683",10 m,176 crop classes,Europe,Class labels,benchmark,Unknown,https://github.com/dida-do/eurocropsml,Unknown,https://github.com/dida-do/eurocropsml,Verified,2026-09-15
eo_2024_fusu,FUSU,FUSU,2024,2024,Land-use change segmentation,Multi-temporal change analysis,Satellite,Sentinel-1; Sentinel-2,SAR; multispectral,Monthly multitemporal,Patch/time series,>30B pixels,10 m,Pixel masks; 17 land-use classes,Multiple locations,Segmentation masks,benchmark,Unknown,Unknown,https://papers.nips.cc/paper_files/paper/2024/file/eeb3df2d70affd52f65ff3b9abb32487-Paper-Datasets_and_Benchmarks_Track.pdf,Unknown,Verified,2026-09-15
eo_2024_geoplant,GeoPlant,GeoPlant,2024,2024,Plant species distribution modelling,Species presence/absence prediction,Multiple,Satellite; climate; soil; environmental data,Multimodal,Long-horizon,Observation/location,~5M presences; ~90K surveys,Varies,10K+ species,Europe,Species labels,benchmark,Unknown,Unknown,NeurIPS 2024 Datasets and Benchmarks,Unknown,Verified,2026-09-15
eo_2024_m3leo,M3LEO,M3LEO dataset,2024,2024,Multimodal self-supervised learning,Multi-label classification; SAR-optical fusion,Satellite,Sentinel-1; Sentinel-2,SAR; multispectral,Multitemporal,Patch,~10M chips; ~17.5 TB,10 m,Multi-label land-cover targets,Six regions,Labels; aligned modalities,mixed,Unknown,https://github.com/ai4eo/m3leo,https://arxiv.org/abs/2406.04230,https://huggingface.co/papers/2406.04230,Verified,2026-09-15
eo_2024_majortom_core,MajorTOM-Core,MajorTOM Core; MajorTOM-Core-S2L2A,2024,2024,Foundation-model pretraining,Generative modelling; representation learning,Satellite,Sentinel-1; Sentinel-2; DEM,SAR; multispectral; DEM,Single-season,Patch,~1.4M samples,10 m,Unlabelled/aligned geospatial data,Global,None/auxiliary metadata,pretraining,Unknown,https://github.com/ESA-PhiLab/Major-TOM,https://arxiv.org/abs/2407.???,https://github.com/ESA-PhiLab/Major-TOM,Likely,2026-09-15
eo_2024_mmearth,MMEarth,MMEarth dataset,2024,2024,Multimodal EO representation learning,Transfer learning; modality fusion,Satellite,Sentinel-1; Sentinel-2; DEM; GCHM; LULC,SAR; multispectral; DEM; auxiliary rasters,Multiseasonal,Location/patch,~1.2M,10–30 m,Auxiliary labels,Global,Multimodal aligned data,pretraining,Unknown,https://vishalned.github.io/mmearth/,https://www.ecva.net/papers/eccv_2024/papers_ECCV/papers/08085.pdf,https://github.com/vishalned/MMEarth-train,Verified,2026-09-15
eo_2024_phileo_bench,PhilEO Bench,PhilEO-Bench,2024,2024,Building density estimation,Road segmentation; land-cover classification,Satellite,Sentinel-2,Multispectral,Mixed,Patch,~400 GB,10 m,Building density; roads; land cover,Global,Regression; masks,benchmark,Unknown,https://phileo-bench.github.io/,https://arxiv.org/abs/2401.04464,https://github.com/ESA-PhiLab/PhilEO-Bench,Verified,2026-09-15
eo_2024_solarcube,SolarCube,SolarCube,2024,2024,Solar-energy forecasting,Spatiotemporal forecasting,Satellite / in-situ,Satellite imagery; in-situ; meteorology,Multimodal,Multitemporal,Data cube/time series,Not reported,Varies,Solar generation/irradiance targets,Not stated,Regression targets,benchmark,Unknown,https://doi.org/10.5281/zenodo.11498739,NeurIPS 2024 Datasets and Benchmarks,https://zenodo.org/records/11498739,Verified,2026-09-15
eo_2024_urbansarfloods,UrbanSARFloods,UrbanSARFloods,2024,2024,Flood extent mapping,Urban vs open-area flood segmentation,Satellite,Sentinel-1 SLC,SAR,Event-based multitemporal,Chip,"8,879 chips; 18 events",~10 m,Flood masks,Multiple locations,Segmentation masks,benchmark,Unknown,Unknown,CVPRW 2024,https://huggingface.co/datasets,Likely,2026-09-15
eo_2024_vrsbench,VRSBench,VRSBench,2024,2024,Remote-sensing vision-language evaluation,Captioning; visual grounding; VQA,Satellite,Optical sources,Optical; text,Single-date,Image-text/QA pair,"29,614 images; 123,221 QA pairs",Varies,Captions; referring expressions; QA,Multiple locations,Caption; referring expression; QA,benchmark,Unknown,https://vrsbench.github.io/,https://papers.nips.cc/paper_files/paper/2024/file/05b7f821234f66b78f99e7803fffa78a-Paper-Datasets_and_Benchmarks_Track.pdf,https://github.com/NNNNAI/VRSBench,Verified,2026-09-15
eo_2025_copernicus_bench,Copernicus-Bench,CopernicusBench,2025,2025,EO foundation-model evaluation,15 Sentinel-based downstream datasets,Satellite,Sentinel-1; Sentinel-2; Sentinel-3; Sentinel-5P,Multimodal,Mixed,Benchmark suite,15 component datasets,Varies,Task-specific,Global/multiple,Mixed labels,benchmark,Unknown,https://huggingface.co/datasets/wangyi111/Copernicus-Bench,https://openaccess.thecvf.com/content/ICCV2025/html/Wang_Towards_a_Unified_Copernicus_Foundation_Model_for_Earth_Vision_ICCV_2025_paper.html,https://huggingface.co/datasets/wangyi111/Copernicus-Bench,Verified,2026-09-15
eo_2025_copernicus_pretrain,Copernicus-Pretrain,Copernicus Pretrain,2025,2025,Copernicus foundation-model pretraining,Multimodal representation learning,Satellite,Sentinel-1; Sentinel-2; Sentinel-3; Sentinel-5P,SAR; multispectral; ocean/atmospheric,Multitemporal,Aligned image set,18.7M aligned images,Varies,Unlabelled/aligned,Global,Aligned imagery,pretraining,Unknown,Unknown,https://openaccess.thecvf.com/content/ICCV2025/html/Wang_Towards_a_Unified_Copernicus_Foundation_Model_for_Earth_Vision_ICCV_2025_paper.html,https://huggingface.co/datasets/wangyi111/Copernicus-Bench,Verified,2026-09-15
eo_2025_earthview,EarthView,EarthView,2025,2025,Self-supervised EO learning,Cross-sensor representation learning,Multiple,NEON; Sentinel; Satellogic,Hyperspectral; multispectral; topographic,2017–2022,Image/patch,~15 terapixels,Varies,Unlabelled/SSL,Global,None/auxiliary metadata,pretraining,Unknown,Unknown,https://arxiv.org/abs/2501.08111,Unknown,Verified,2026-09-15
eo_2025_geo_bench_2,GEO-Bench-2,GEO-Bench 2,2025,2026,Foundation-model capability evaluation,Classification; segmentation; regression; detection; instance segmentation,Multiple,19 permissively licensed datasets,Multimodal,Mixed,Benchmark suite,19 datasets,Varies,Mixed labels,Multiple locations,Mixed labels,benchmark,Unknown,Unknown,https://arxiv.org/abs/2511.15658,Unknown,Verified,2026-09-15
eo_2025_ideabench,IDEABench,IDEABench,2025,2026,Urban deprivation mapping,Informal-settlement/deprived-area mapping,Satellite,Sentinel-1; Sentinel-2; built-up density,SAR; multispectral; auxiliary,Single-date,Patch,"47,476 patches; 8 cities",10 m,Urban deprivation labels,8 global cities,Class/mask labels,benchmark,Unknown,https://doi.org/10.17026/PT/X4NJII,https://research.utwente.nl/en/publications/user-and-data-centric-artificial-intelligence-for-mapping-and-ben/,Unknown,Verified,2026-09-15
eo_2025_landsat_bench,Landsat-Bench,LandsatBench,2025,2025,Landsat foundation-model evaluation,Land-cover and scene classification,Satellite,Landsat,Multispectral,Single-date,Benchmark suite,"EuroSAT-L 27K; BigEarthNet-L 590,326; LC100-L ~21,690",30 m,Task-specific classes,Global/inherited,Class labels,benchmark,Unknown,Unknown,https://arxiv.org/html/2506.08780v1,Unknown,Verified,2026-09-15
eo_2025_openearthmap_sar,OpenEarthMap-SAR,OpenEarthMap SAR,2025,2025,All-weather land-cover segmentation,SAR land-cover mapping,Satellite,SAR; optical/aerial reference,SAR; optical,Single-date,Image/segment,"~1.5M segments; 5,033 images",Varies,Masks; 8 classes,Japan; France; USA,Segmentation masks,benchmark,Unknown,https://github.com/cliffbb/OpenEarthMap-SAR,Unknown,https://github.com/cliffbb/OpenEarthMap-SAR,Verified,2026-09-15
eo_2025_plantationbench,PlantationBench,PlantationBench,2025,2025,Plantation mapping,Distribution-shift evaluation,Multiple,Multiscale multimodal EO,Optical; SAR; auxiliary,Multitemporal,Location/patch,Not reported,Varies,Hierarchical plantation/forest labels,Africa,Hierarchical labels,benchmark,Unknown,Unknown,https://openaccess.thecvf.com/content/ICCV2025W/SEA/papers/Tsao_PlantationBench_A_Multiscale_Multimodal_Remote_Sensing_Benchmark_for_Plantation_Mapping_ICCVW_2025_paper.pdf,Unknown,Verified,2026-09-15
eo_2025_reobench,REOBench,REOBench,2025,2025,Robustness evaluation,Classification; segmentation; detection; captioning; VQA,Multiple,AID; ISPRS Potsdam; DIOR; VRSBench subsets,Optical; text,Shifted/mixed,Benchmark suite,Six evaluation subsets,Varies,Existing task labels,Multiple locations,Mixed labels,benchmark,Unknown,Unknown,https://arxiv.org/html/2505.16793v2,Unknown,Verified,2026-09-15
eo_2025_rscc,RSCC,Remote Sensing Change Caption dataset,2025,2025,Disaster change captioning,Bi-temporal image-to-text generation,Satellite,Optical satellite imagery,Optical; text,Bi-temporal,Image pair-caption,"62,351 pairs; 31 events",Varies,Change captions,Global,Captions,benchmark,Unknown,Unknown,https://papers.nips.cc/paper_files/paper/2025/file/62867024377cac4233195949b9db0ebd-Paper-Datasets_and_Benchmarks_Track.pdf,Unknown,Verified,2026-09-15
eo_2025_rsvlm_qa,RSVLM-QA,RSVLM-QA,2025,2025,Remote-sensing VQA,Visual question answering,Multiple,WHU; LoveDA; INRIA; iSAID-derived imagery,Optical; text,Single-date,Image-QA pair,"13,820 images; 162,373 QA pairs",Varies,QA pairs,Multiple locations,QA,benchmark,Unknown,Unknown,https://arxiv.org/abs/2508.07918,Unknown,Verified,2026-09-15
eo_2025_ssl4eo_s12_v1_1,SSL4EO-S12 v1.1,SSL4EO-S12 v1.1,2025,2025,Foundation-model pretraining,Self-supervised multimodal learning,Satellite,Sentinel-1; Sentinel-2,SAR; multispectral,Multiseasonal,Location/time series,"246,144 locations × 4 timestamps",10 m,Unlabelled/SSL,Global,Aligned imagery,pretraining,Unknown,Unknown,https://arxiv.org/abs/2503.00168,https://huggingface.co/datasets,Verified,2026-09-15
eo_2025_terramesh,TerraMesh,TerraMesh,2025,2025,Multimodal EO foundation-model pretraining,Any-to-any generative EO modelling,Satellite,Sentinel-1; Sentinel-2; DEM; NDVI; LULC,SAR; multispectral; DEM; auxiliary rasters,Multitemporal,Spatial-temporal sample,~9M samples,10 m/varies,Aligned multimodal layers,Global,Aligned multimodal data,pretraining,Unknown,Unknown,https://arxiv.org/html/2504.11172v2,https://github.com/IBM/terramind,Verified,2026-09-15
eo_2026_belde,BELDE,BELDE,2026,2026,Land-cover segmentation,European RGB land-cover mapping,Satellite,Sentinel-2; ESA WorldCover,Optical/RGB; multispectral,Single-date,Image-mask pair,"1,088,385 pairs",10 m,Masks; 7 classes,Europe,Segmentation masks,benchmark,Unknown,Unknown,https://arxiv.org/abs/2606.20909,Unknown,Verified,2026-09-15
eo_2026_bigearthnet_txt,BigEarthNet.txt,BigEarthNet dot txt,2026,2026,EO vision-language learning,Captioning; VQA; referring expression detection,Satellite,Sentinel-1; Sentinel-2,SAR; multispectral; text,Single-date,Image-text pair,"464,044 pairs; ~9.6M text annotations",10 m,Text annotations and tasks,Europe,Captions; QA; referring expressions,mixed,Unknown,https://txt.bigearth.net/,https://arxiv.org/abs/2603.29630,https://huggingface.co/datasets/cs-Nikhil/BigEarthNet.txt,Verified,2026-09-15
eo_2026_chronoearth_492k,ChronoEarth-492K,ChronoEarth-492K,2026,2026,Long-horizon EO understanding,"Static, short- and long-horizon temporal tasks",Satellite,Hyperspectral and geospatial products,Hyperspectral; multisource,Long-horizon,Spatiotemporal sequence,492K,Varies,Task-specific targets,Multiple locations,Mixed targets,mixed,Unknown,Unknown,https://arxiv.org/html/2605.15666v1,Unknown,Verified,2026-09-15
eo_2026_clears,CLeaRS,CLeaRS,2026,2026,Continual EO vision-language learning,"Continual learning across classification, QA, detection, disaster tasks",Multiple,AID; VRSBench; SARDet-100K; SARLANG-1M; DroneVehicle; FireRisk; RescueNet-VQA,Optical; SAR; text,Mixed,Benchmark suite,7 component datasets,Varies,Mixed labels,Multiple locations,Mixed labels,benchmark,Unknown,Unknown,https://arxiv.org/html/2604.00820,Unknown,Verified,2026-09-15
eo_2026_cropclimatex,CropClimateX,CropClimateX,2026,2026,Climate-aware crop monitoring,Crop prediction and climate-aware modelling,Multiple,Satellite; climate; soil; terrain,Multimodal,Multitemporal,Data cube,"15,500 cubes; 1,527 counties; >6.3 TB",Varies,Agricultural targets,USA,Regression/class labels,benchmark,Unknown,Unknown,Unknown,Unknown,Likely,2026-09-15
eo_2026_earthshift,EarthShift,EarthShift,2026,2026,Out-of-distribution EO evaluation,"Temporal, geographic, sensor, scale and resolution shift robustness",Multiple,Multiple EO sources,Multimodal,Shifted/mixed,Benchmark suite,11 tasks; five shift types,Varies,Existing task labels,Multiple locations,Mixed labels,benchmark,Unknown,Unknown,https://arxiv.org/abs/2605.29330v1,Unknown,Verified,2026-09-15
eo_2026_fair_eo_cd_benchmark,FAIR-EO CD Benchmark,FAIR-EO change detection benchmark,2026,2026,Change detection evaluation,Reproducible EO change-detection benchmarking,Multiple,Multiple EO change-detection datasets,Multimodal,Bi-temporal/mixed,Benchmark suite,Not reported,Varies,Change masks,Multiple locations,Segmentation masks,benchmark,Unknown,https://huggingface.co/bvlabs/FAIR-EO-CD-benchmark,https://arxiv.org/abs/2608.28247,https://huggingface.co/bvlabs/FAIR-EO-CD-benchmark,Verified,2026-09-15
eo_2026_groundset,GroundSet,GroundSet,2026,2026,Cadastral-grounded spatial understanding,Object identification and spatial reasoning,Aerial/Satellite,High-resolution imagery; vector cadastral data,Optical; vector,Single-date,Image/object,510K images; 3.8M objects; 135 categories,Varies,Object/vector annotations,Multiple locations,Vectors; categories,benchmark,Unknown,Unknown,https://arxiv.org/abs/2603.14609,Unknown,Verified,2026-09-15
eo_2026_levirdet_159,LEVIRDet-159,LEVIRDet,2026,2026,Remote-sensing object detection,Universal detection,Satellite,High-resolution optical imagery,Optical,Single-date,Image,~700K images; 2.56M boxes; 159 categories,Varies,Bounding boxes,Multiple locations,Bounding boxes,benchmark,Unknown,Unknown,https://arxiv.org/abs/2606.25312,Unknown,Verified,2026-09-15
eo_2026_mmearth_bench,MMEarth-Bench,MMEarth Bench,2026,2026,Multimodal EO evaluation,"Adaptation, OOD generalization, test-time learning",Satellite,Multimodal EO,Multimodal,Mixed,Benchmark suite,5 global tasks,Varies,Task labels,Global,Mixed labels,benchmark,Unknown,Unknown,https://arxiv.org/html/2602.06285v3,Unknown,Verified,2026-09-15
eo_2026_rsrcc,RSRCC,RSRCC,2026,2026,Regional change comprehension,Bi-temporal change question answering,Satellite,Remote-sensing imagery,Optical; text,Bi-temporal,Image pair-QA,~126K questions,Varies,QA,Multiple locations,QA,benchmark,Unknown,Unknown,https://arxiv.org/html/2604.20623v1,Unknown,Verified,2026-09-15
eo_2026_sentinel2cap,Sentinel2Cap,Sentinel2Cap,2026,2026,EO image captioning,Image-text retrieval and description,Satellite,Sentinel-2 and other EO sensors,Multispectral; text,Single-date,Image-caption pair,Not reported,Varies,Human captions,Multiple regions,Caption,benchmark,Unknown,Unknown,https://arxiv.org/html/2605.03189v1,Unknown,Verified,2026-09-15
eo_2026_spectralearth_mm,SpectralEarth-MM,SpectralEarth Multimodal,2026,2026,Hyperspectral foundation-model pretraining,Multimodal representation learning,Multiple,Hyperspectral; optical; SAR; thermal,Hyperspectral; optical; SAR; thermal,Multitemporal,Patch/location,~2M locations; ~25M patches; >40 TB,Varies,Unlabelled/aligned,Global,Aligned data,pretraining,Unknown,Unknown,Unknown,Unknown,Likely,2026-09-15
eo_2026_swisscrop25,SwissCrop25,SwissCrop25,2026,2026,Crop-type mapping,Operational crop classification,Satellite,Sentinel-2; daily temperature,Multispectral; tabular,Seasonal 2019–2025,Time series,7 seasons; 73 crop classes,10 m,Crop labels,Switzerland,Class labels,benchmark,Unknown,Unknown,https://terrabytes-workshop.github.io/,https://github.com/satellite-image-deep-learning/datasets,Verified,2026-09-15
eo_2026_yieldsat,YieldSAT,YieldSAT,2026,2026,Crop-yield prediction,Field/subfield yield regression,Multiple,Sentinel-2; weather; soil; harvester data,Multispectral; tabular,Seasonal,Yield sample/field,"12.2M samples; 2,173 fields",10 m,Yield regression target,Argentina; Brazil; Uruguay; Germany,Regression target,benchmark,Unknown,Unknown,https://arxiv.org/abs/2604.00940,Unknown,Verified,2026-09-15
