task,name,year,size_gb,modality,samples,sample_size,resolution,classes,geography,source,priority,norm,url,link_type
Change detection,DFC21-MSD,2021,325,"MS,MT",2250*9,4000,1∼30m,15,USA,EOD/Schmitt,0,dfc21 msd,https://www.google.com/search?q=site%3Aeod-grss-ieee.com%2Fdataset-detail+%22DFC21-MSD%22,EOD lookup
Change detection,AIST Building CD,2017,1.82,Optical (Aerial),16950,160,--,1,Japan,EOD/Schmitt,0,aist building cd,https://github.com/gistairc/ABCDdataset,direct
Change detection,Synthetic & Real,2018,2.7,Optical (Aerial),16000,256,--,--,Synthetic,EOD/Schmitt,0,synthetic real,https://www.google.com/search?q=site%3Aeod-grss-ieee.com%2Fdataset-detail+%22Synthetic+%26+Real%22,EOD lookup
Change detection,AICD,2018,1.7,Optical (Aerial),1000,800,--,--,Synthetic,EOD/Schmitt,0,aicd,https://www.google.com/search?q=site%3Aeod-grss-ieee.com%2Fdataset-detail+%22AICD%22,EOD lookup
Change detection,HRSCD,2019,5.06,RGB,582,10000,0.5m,7,Europe,EOD/Schmitt,0,hrscd,https://rcdaudt.github.io/hrscd/,direct
Change detection,SECOND,2020,2.2,RGB,4662,512,0.5∼3m,30,China,EOD/Schmitt,0,second,https://www.google.com/search?q=site%3Aeod-grss-ieee.com%2Fdataset-detail+%22SECOND%22,EOD lookup
Change detection,Hi-UCD,2020,--,RGB,1293,1024,0.1m,9,Estonia,EOD/Schmitt,0,hi ucd,https://www.google.com/search?q=site%3Aeod-grss-ieee.com%2Fdataset-detail+%22Hi-UCD%22,EOD lookup
Change detection,MUNO21,2021,14.3,Optical (Aerial),156,12000,--,1,USA,EOD/Schmitt,0,muno21,https://www.google.com/search?q=site%3Aeod-grss-ieee.com%2Fdataset-detail+%22MUNO21%22,EOD lookup
Change detection,HSI CD _,2017,1.7,Hyperspectral (Multiple),3*224,800,--,5,USA,EOD/Schmitt,0,hsi cd,https://www.google.com/search?q=site%3Aeod-grss-ieee.com%2Fdataset-detail+%22HSI+CD+_%22,EOD lookup
Change detection,DFC09,2009,0.098,Multiple (Satellite),2,--,--,--,UK,EOD/Schmitt,0,dfc09,https://www.google.com/search?q=site%3Aeod-grss-ieee.com%2Fdataset-detail+%22DFC09%22,EOD lookup
Change detection,OneraCD,2018,0.489,Multispectral (Satellite),24,600,--,2,Global,EOD/Schmitt,0,oneracd,https://rcdaudt.github.io/oscd/,direct
Change detection,S2MTcityPair,2020,10.6,Multispectral (Satellite),1520*13,600,--,1,Global,EOD/Schmitt,0,s2mtcitypair,https://www.google.com/search?q=site%3Aeod-grss-ieee.com%2Fdataset-detail+%22S2MTcityPair%22,EOD lookup
Change detection,xView2,2018,51,RGB,22068,1024,0.5m,4,Multiple Locations,EOD/Schmitt,0,xview2,https://xview2.org/,direct
Change detection,MtS-WH,2019,0.459,RGB-NIR,190,150,1m,1,China,EOD/Schmitt,0,mts wh,https://www.google.com/search?q=site%3Aeod-grss-ieee.com%2Fdataset-detail+%22MtS-WH%22,EOD lookup
Change detection,LEVIR-CD,2020,2.7,RGB,637,1024,0.5m,1,USA,EOD/Schmitt,0,levir cd,https://justchenhao.github.io/LEVIR/,direct
Change detection,DSIFN,2020,0.454,RGB,394,512,10m,1,China,EOD/Schmitt,0,dsifn,https://www.google.com/search?q=site%3Aeod-grss-ieee.com%2Fdataset-detail+%22DSIFN%22,EOD lookup
Change detection,SYSU-CD,2021,5.1,RGB,20000*2,256,0.5m,5,China,EOD/Schmitt,0,sysu cd,https://www.google.com/search?q=site%3Aeod-grss-ieee.com%2Fdataset-detail+%22SYSU-CD%22,EOD lookup
Change detection,S2Looking,2021,10.2,RGB,5000*2,1024,0.5∼0.8m,1,--,EOD/Schmitt,0,s2looking,https://www.google.com/search?q=site%3Aeod-grss-ieee.com%2Fdataset-detail+%22S2Looking%22,EOD lookup
Change detection; classification,Seasonal Contrast,2021,36.3,Multispectral (Satellite),200000*5*12,265,--,--,Global,EOD/Schmitt,0,seasonal contrast,https://www.google.com/search?q=site%3Aeod-grss-ieee.com%2Fdataset-detail+%22Seasonal+Contrast%22,EOD lookup
Change detection; semantic segmentation,DynamicEarthNet,2022,524,Multispectral (Satellite),54750,1024,--,7,Global,EOD/Schmitt,0,dynamicearthnet,https://www.google.com/search?q=site%3Aeod-grss-ieee.com%2Fdataset-detail+%22DynamicEarthNet%22,EOD lookup
Classification,Indian Pines,2000,0.006,Hyperspectral (Aerial),1,145,20m,16,USA,EOD/Schmitt,0,indian pines,https://www.google.com/search?q=site%3Aeod-grss-ieee.com%2Fdataset-detail+%22Indian+Pines%22,EOD lookup
Classification,Salinas,2000,0.027,Hyperspectral (Aerial),1,365,3.7m,16,USA,EOD/Schmitt,0,salinas,https://www.google.com/search?q=site%3Aeod-grss-ieee.com%2Fdataset-detail+%22Salinas%22,EOD lookup
Classification,Botswana,2005,0.079,Hyperspectral (Aerial),1,875,30m,14,South Africa,EOD/Schmitt,0,botswana,https://www.google.com/search?q=site%3Aeod-grss-ieee.com%2Fdataset-detail+%22Botswana%22,EOD lookup
Classification,Kennedy Space Center,2005,0.057,Hyperspectral (Aerial),1,550,0.18m,13,USA,EOD/Schmitt,0,kennedy space center,https://www.google.com/search?q=site%3Aeod-grss-ieee.com%2Fdataset-detail+%22Kennedy+Space+Center%22,EOD lookup
Classification,Pavia Center,2009,0.124,Hyperspectral (Aerial),1,1096,--,9,Italy,EOD/Schmitt,0,pavia center,https://www.google.com/search?q=site%3Aeod-grss-ieee.com%2Fdataset-detail+%22Pavia+Center%22,EOD lookup
Classification,Pavia University,2009,0.033,Hyperspectral (Aerial),1,610,--,9,Italy,EOD/Schmitt,0,pavia university,https://www.google.com/search?q=site%3Aeod-grss-ieee.com%2Fdataset-detail+%22Pavia+University%22,EOD lookup
Classification,ICONES-HSI,2019,11.5,Hyperspectral (Aerial),468*224,300,--,9,--,EOD/Schmitt,0,icones hsi,https://www.google.com/search?q=site%3Aeod-grss-ieee.com%2Fdataset-detail+%22ICONES-HSI%22,EOD lookup
Classification,SAT-4,2015,1.15,RGB-NIR,500000,28,1∼6m,4,USA,EOD/Schmitt,0,sat 4,http://csc.lsu.edu/~saikat/deepsat/,direct
Classification,SAT-6,2015,1.15,RGB-NIR,405000,28,1m,6,USA,EOD/Schmitt,0,sat 6,http://csc.lsu.edu/~saikat/deepsat/,direct
Classification,VEDAI,2015,3.99,IRGB,1250,1024,0.125m,9,USA,EOD/Schmitt,0,vedai,https://www.google.com/search?q=site%3Aeod-grss-ieee.com%2Fdataset-detail+%22VEDAI%22,EOD lookup
Classification,SIRI-WHU,2016,0.7,RGB,2400,200,2m,12,"China, USA",EOD/Schmitt,0,siri whu,https://www.google.com/search?q=site%3Aeod-grss-ieee.com%2Fdataset-detail+%22SIRI-WHU%22,EOD lookup
Classification,MultiScene,2021,6,RGB,100000,512,0.3∼0.6m,36,Global,EOD/Schmitt,0,multiscene,https://www.google.com/search?q=site%3Aeod-grss-ieee.com%2Fdataset-detail+%22MultiScene%22,EOD lookup
Classification,Kag. Find a Car Park,2019,2.75,RGB,3262,1296,--,2,--,EOD/Schmitt,0,kaggle find a car park,https://www.google.com/search?q=site%3Aeod-grss-ieee.com%2Fdataset-detail+%22Kag.+Find+a+Car+Park%22,EOD lookup
Classification,AIDER,2019,0.275,Optical (Drone),2645,240,--,4,--,EOD/Schmitt,0,aider,https://www.google.com/search?q=site%3Aeod-grss-ieee.com%2Fdataset-detail+%22AIDER%22,EOD lookup
Classification,Rwanda Crop Type,2020,56,Optical (Drone),6450,200,--,6,Rwanda,EOD/Schmitt,0,rwanda crop type,https://www.google.com/search?q=site%3Aeod-grss-ieee.com%2Fdataset-detail+%22Rwanda+Crop+Type%22,EOD lookup
Classification,DND-SB,2020,49,Optical (Drone),5648,7296,--,7,Germany,EOD/Schmitt,0,dnd sb,https://www.google.com/search?q=site%3Aeod-grss-ieee.com%2Fdataset-detail+%22DND-SB%22,EOD lookup
Classification,AiRound,2020,33,"RGB,Sentinel-2,Ground,Aerial",11753,300,--,11,Global,EOD/Schmitt,0,airound,http://www.patreo.dcc.ufmg.br/2020/07/22/multi-view-datasets/,direct
Classification,TreeSatAI,2022,16.3,"Sentinel-1,Sentinel-2,RGB",50381,304,"10m,0.2m",47,Germany,EOD/Schmitt,0,treesatai,https://www.google.com/search?q=site%3Aeod-grss-ieee.com%2Fdataset-detail+%22TreeSatAI%22,EOD lookup
Classification,CV-BrCT,2020,9.2,RGB,24000,500,--,9,Brazil,EOD/Schmitt,0,cv brct,http://www.patreo.dcc.ufmg.br/2020/07/22/multi-view-datasets/,direct
Classification,BigEarthNet-MM,2019,121,"Sentinel-1,Sentinel-2 10m, 20m,",590326*12,120,60m,19,Global,EOD/Schmitt,0,bigearthnet mm,https://www.google.com/search?q=site%3Aeod-grss-ieee.com%2Fdataset-detail+%22BigEarthNet-MM%22,EOD lookup
Classification,So2Sat LCZ42,2019,51.8,"Sentinel-1,Sentinel-2",400673,32,10m,--,Global,EOD/Schmitt,0,so2sat lcz42,https://www.google.com/search?q=site%3Aeod-grss-ieee.com%2Fdataset-detail+%22So2Sat+LCZ42%22,EOD lookup
Classification,BrazilDAM,2020,57,RGB,769,384,10∼60m,2,Brazil,EOD/Schmitt,0,brazildam,http://www.patreo.dcc.ufmg.br/2020/01/27/brazildam-dataset/,direct
Classification,Bijie Landslide,2020,0.513,RGB,2773,200,0.68m,1,China,EOD/Schmitt,0,bijie landslide,http://gpcv.whu.edu.cn/data/Bijie_pages.html,direct
Classification,LandCoverNet As,2020,610,Multiple (Satellite),2753,256,--,7,Asia,EOD/Schmitt,0,landcovernet as,https://www.google.com/search?q=site%3Aeod-grss-ieee.com%2Fdataset-detail+%22LandCoverNet+As%22,EOD lookup
Classification,LandCoverNet Af,2020,632,Multiple (Satellite),1980,256,--,7,Africa,EOD/Schmitt,0,landcovernet af,https://www.google.com/search?q=site%3Aeod-grss-ieee.com%2Fdataset-detail+%22LandCoverNet+Af%22,EOD lookup
Classification,LandCoverNet Au,2020,126,Multiple (Satellite),600,256,--,7,Australia,EOD/Schmitt,0,landcovernet au,https://www.google.com/search?q=site%3Aeod-grss-ieee.com%2Fdataset-detail+%22LandCoverNet+Au%22,EOD lookup
Classification,LandCoverNet Eu,2020,249,Multiple (Satellite),840,256,--,7,Europe,EOD/Schmitt,0,landcovernet eu,https://www.google.com/search?q=site%3Aeod-grss-ieee.com%2Fdataset-detail+%22LandCoverNet+Eu%22,EOD lookup
Classification,LandCoverNet NA,2020,351,Multiple (Satellite),1561,256,--,7,"USA, Canada",EOD/Schmitt,0,landcovernet na,https://www.google.com/search?q=site%3Aeod-grss-ieee.com%2Fdataset-detail+%22LandCoverNet+NA%22,EOD lookup
Classification,LandCoverNet SA,2020,215,Multiple (Satellite),1200,256,--,7,South America,EOD/Schmitt,0,landcovernet sa,https://www.google.com/search?q=site%3Aeod-grss-ieee.com%2Fdataset-detail+%22LandCoverNet+SA%22,EOD lookup
Classification,DENETHOR,2021,254,"Sentinel-1,Sentinel-2",2*(365 + 60*14),8000,3m,9,Germany,EOD/Schmitt,0,denethor,https://www.google.com/search?q=site%3Aeod-grss-ieee.com%2Fdataset-detail+%22DENETHOR%22,EOD lookup
Classification,BCSS,2016,0.011,Multispectral (Satellite),1311,64,--,4,Brazil,EOD/Schmitt,0,bcss,http://www.patreo.dcc.ufmg.br/2017/11/12/brazilian-cerrado-savanna-scenes-dataset/,direct
Classification,EuroSAT,2018,1.92,Sentinel-2,27000*13,64,10m,10,Europe,EOD/Schmitt,0,eurosat,https://github.com/phelber/EuroSAT,direct
Classification,Gaofen Image (GID),2018,47,RGB-NIR,150,7200,4m,15,China,EOD/Schmitt,0,gaofen image,https://x-ytong.github.io/project/GID.html,direct
Classification,SloveniaLandCover,2019,190,Multispectral (Satellite),940,500,--,10,Slovenia,EOD/Schmitt,0,slovenialandcover,https://www.google.com/search?q=site%3Aeod-grss-ieee.com%2Fdataset-detail+%22SloveniaLandCover%22,EOD lookup
Classification,CV4A Kenya,2020,3.5,Sentinel-2,8788,2500,10m,7,Kenya,EOD/Schmitt,0,cv4a kenya,https://www.google.com/search?q=site%3Aeod-grss-ieee.com%2Fdataset-detail+%22CV4A+Kenya%22,EOD lookup
Classification,2019 Mali CropType,2021,0.456,Multispectral (Satellite),33*13*41,256,--,4,Mali,EOD/Schmitt,0,2019 mali croptype,https://www.google.com/search?q=site%3Aeod-grss-ieee.com%2Fdataset-detail+%222019+Mali+CropType%22,EOD lookup
Classification,ZueriCrop,2021,38.5,Sentinel-2,28000*71,24,10m,48,Switzerland,EOD/Schmitt,0,zuericrop,https://github.com/0zgur0/ZurichCrop,direct
Classification,CanCropland,2021,--,Multispectral (Satellite),78536*15,64,--,10,Canada,EOD/Schmitt,0,cancropland,https://www.google.com/search?q=site%3Aeod-grss-ieee.com%2Fdataset-detail+%22CanCropland%22,EOD lookup
Classification,CropRotation,2021,53.4,Multispectral (Satellite),--,--,--,--,France,EOD/Schmitt,0,croprotation,https://www.google.com/search?q=site%3Aeod-grss-ieee.com%2Fdataset-detail+%22CropRotation%22,EOD lookup
Classification,AgriFieldNet,2022,0.32,Multispectral (Satellite),1217*12,256,--,13,India,EOD/Schmitt,0,agrifieldnet,https://www.google.com/search?q=site%3Aeod-grss-ieee.com%2Fdataset-detail+%22AgriFieldNet%22,EOD lookup
Classification,ARGO,2022,14.3,Multispectral (Satellite),1750,1400,--,2,--,EOD/Schmitt,0,argo,https://www.google.com/search?q=site%3Aeod-grss-ieee.com%2Fdataset-detail+%22ARGO%22,EOD lookup
Classification,S2-Agri,2022,10.8,Multispectral (Satellite),--,32,--,--,--,EOD/Schmitt,0,s2 agri,https://www.google.com/search?q=site%3Aeod-grss-ieee.com%2Fdataset-detail+%22S2-Agri%22,EOD lookup
Classification,UC Merced,2010,0.317,RGB,2100,256,0.3m,21,USA,EOD/Schmitt,0,uc merced,http://weegee.vision.ucmerced.edu/datasets/landuse.html,direct
Classification,WHU-RS19,2012,0.1,RGB,1013,600,0.5m,19,--,EOD/Schmitt,0,whu rs19,https://www.google.com/search?q=site%3Aeod-grss-ieee.com%2Fdataset-detail+%22WHU-RS19%22,EOD lookup
Classification,BCS,2015,0.0045,Optical (Satellite),2876,64,--,2,Brazil,EOD/Schmitt,0,bcs,https://www.google.com/search?q=site%3Aeod-grss-ieee.com%2Fdataset-detail+%22BCS%22,EOD lookup
Classification,RSSCN7,2015,0.086,RGB,2800,400,--,7,USA,EOD/Schmitt,0,rsscn7,https://figshare.com/articles/dataset/RSSCN7_Image_dataset/7006946,direct
Classification,NWPU-RESISC45,2016,0.405,RGB,31500,256,0.2∼30m,45,Global,EOD/Schmitt,0,nwpu resisc45,https://github.com/tensorflow/datasets/blob/master/docs/catalog/resisc45.md,direct
Classification,RSC11,2016,--,RGB,1232,512,--,11,--,EOD/Schmitt,0,rsc11,https://www.google.com/search?q=site%3Aeod-grss-ieee.com%2Fdataset-detail+%22RSC11%22,EOD lookup
Classification,AID,2017,2.44,RGB,10000,600,3m,30,Global,EOD/Schmitt,0,aid,https://captain-whu.github.io/AID/,direct
Classification,RSD46-WHU,2017,--,RGB,117000,256,0.5∼2m,46,Global,EOD/Schmitt,0,rsd46 whu,https://www.google.com/search?q=site%3Aeod-grss-ieee.com%2Fdataset-detail+%22RSD46-WHU%22,EOD lookup
Classification,RSI-CB256,2017,2.24,RGB,24000,256,0.3∼3m,35,Global,EOD/Schmitt,0,rsi cb256,https://www.google.com/search?q=site%3Aeod-grss-ieee.com%2Fdataset-detail+%22RSI-CB256%22,EOD lookup
Classification,RSI-CB128,2017,0.879,RGB,36000,128,0.3∼3m,45,Global,EOD/Schmitt,0,rsi cb128,https://www.google.com/search?q=site%3Aeod-grss-ieee.com%2Fdataset-detail+%22RSI-CB128%22,EOD lookup
Classification,Kag. Planet Forest,2017,33,Optical (Satellite),150000,256,--,12,Brazil,EOD/Schmitt,0,kaggle planet forest,https://www.google.com/search?q=site%3Aeod-grss-ieee.com%2Fdataset-detail+%22Kag.+Planet+Forest%22,EOD lookup
Classification,PatternNet,2018,1.3,RGB,30400,256,0.062∼4.693m,38,USA,EOD/Schmitt,0,patternnet,https://sites.google.com/view/zhouwx/dataset,direct
Classification,FMoW,2018,3.5e+03,"RGB,MS",523846,--,0.3m,63,Global,EOD/Schmitt,0,fmow,https://github.com/fMoW/dataset,direct
Classification,xView,2018,20,"RGB,MS",1413,3000,0.3m,60,Global,EOD/Schmitt,0,xview,https://challenge.xviewdataset.org/welcome,direct
Classification,DeepGlobe-Road,2018,3.84,Optical (Satellite),8570,1024,--,1,Global,EOD/Schmitt,0,deepglobe road,https://www.google.com/search?q=site%3Aeod-grss-ieee.com%2Fdataset-detail+%22DeepGlobe-Road%22,EOD lookup
Classification,MASATI-v2,2018,2.3,RGB,7389,512,0.08∼2m,7,Global,EOD/Schmitt,0,masati v2,https://www.iuii.ua.es/datasets/masati/,direct
Classification,SanFranBay Ships Planet _ _,2018,0.194,Optical (Satellite),4000,80,--,1,USA,EOD/Schmitt,0,sanfranbay ships planet,https://www.google.com/search?q=site%3Aeod-grss-ieee.com%2Fdataset-detail+%22SanFranBay+Ships+Planet+_+_%22,EOD lookup
Classification,Ship Classification,2019,--,Optical (Satellite),1951,--,--,7,Global,EOD/Schmitt,0,classification,https://www.google.com/search?q=site%3Aeod-grss-ieee.com%2Fdataset-detail+%22Ship+Classification%22,EOD lookup
Classification,Kaggle Cloud Detection,2019,6,RGB,9244,1750,--,4,--,EOD/Schmitt,0,kaggle cloud detection,https://www.google.com/search?q=site%3Aeod-grss-ieee.com%2Fdataset-detail+%22Kaggle+Cloud+Detection%22,EOD lookup
Classification,USTC SmokeRS _,2019,0.795,RGB,6225,256,1000m,6,Global,EOD/Schmitt,0,ustc smokers,https://www.google.com/search?q=site%3Aeod-grss-ieee.com%2Fdataset-detail+%22USTC+SmokeRS+_%22,EOD lookup
Classification,Kag. Satellite Hurricane Damage,2019,0.064,RGB,16000,128,1m,--,USA,EOD/Schmitt,0,kaggle satellite hurricane damage,https://www.google.com/search?q=site%3Aeod-grss-ieee.com%2Fdataset-detail+%22Kag.+Satellite+Hurricane+Damage%22,EOD lookup
Classification,OVERHEAD MNIST,2020,0.0175,Grayscale,1000,28,--,9,Global,EOD/Schmitt,0,overhead mnist,https://www.google.com/search?q=site%3Aeod-grss-ieee.com%2Fdataset-detail+%22OVERHEAD+MNIST%22,EOD lookup
Classification,MLRSNet,2020,1.25,RGB,109161,256,0.1∼10m,46,Global,EOD/Schmitt,0,mlrsnet,https://www.google.com/search?q=site%3Aeod-grss-ieee.com%2Fdataset-detail+%22MLRSNet%22,EOD lookup
Classification,Airbus Wind Turbines Patches,2020,1,"RGB,MS",358000,128,1.5m,1,Global,EOD/Schmitt,0,airbus wind turbines patches,https://www.google.com/search?q=site%3Aeod-grss-ieee.com%2Fdataset-detail+%22Airbus+Wind+Turbines+Patches%22,EOD lookup
Classification,FGSCR-42,2021,--,RGB,9320,500,--,42,Global,EOD/Schmitt,0,fgscr 42,https://www.google.com/search?q=site%3Aeod-grss-ieee.com%2Fdataset-detail+%22FGSCR-42%22,EOD lookup
Classification,NaSC-TG2,2021,--,RGB-NIR,20000,256,100m,10,--,EOD/Schmitt,0,nasc tg2,https://www.google.com/search?q=site%3Aeod-grss-ieee.com%2Fdataset-detail+%22NaSC-TG2%22,EOD lookup
Classification,AnthroProtect,2022,18.1,Optical (Satellite),23919,256,--,2,Europe,EOD/Schmitt,0,anthroprotect,https://www.google.com/search?q=site%3Aeod-grss-ieee.com%2Fdataset-detail+%22AnthroProtect%22,EOD lookup
Classification,ADVANCE,2022,4.4,Optical (Satellite),5075,256,--,13,Global,EOD/Schmitt,0,advance,https://www.google.com/search?q=site%3Aeod-grss-ieee.com%2Fdataset-detail+%22ADVANCE%22,EOD lookup
Classification,FireRisk,2023,14,Optical (Satellite),91872,--,--,7,USA,EOD/Schmitt,0,firerisk,https://www.google.com/search?q=site%3Aeod-grss-ieee.com%2Fdataset-detail+%22FireRisk%22,EOD lookup
Classification,SAR-based Sea Ice Dataset,2020,0.14,SAR (Satellite),98754,28,--,6,Norway,EOD/Schmitt,0,sar based sea ice dataset,https://www.google.com/search?q=site%3Aeod-grss-ieee.com%2Fdataset-detail+%22SAR-based+Sea+Ice+Dataset%22,EOD lookup
Classification,SeaIceClassification,2021,2.9,SAR (Satellite),6400,256,--,8,Greenland,EOD/Schmitt,0,seaiceclassification,https://www.google.com/search?q=site%3Aeod-grss-ieee.com%2Fdataset-detail+%22SeaIceClassification%22,EOD lookup
Classification,XAI4SAR,2022,0.691,SAR (Satellite),5915,256,--,--,Multiple Locations,EOD/Schmitt,0,xai4sar,https://www.google.com/search?q=site%3Aeod-grss-ieee.com%2Fdataset-detail+%22XAI4SAR%22,EOD lookup
Classification; other,CropHarvest,2021,22.7,"Sentinel-1,Sentinel-2,ERA5,DEM",95186,--,10∼60m,--,Global,EOD/Schmitt,0,cropharvest,https://www.google.com/search?q=site%3Aeod-grss-ieee.com%2Fdataset-detail+%22CropHarvest%22,EOD lookup
Cloud removal,SEN12MS-CR,2020,272,"MS,SAR",122218,256,10m,--,Global,EOD/Schmitt,0,sen12ms cr,https://mediatum.ub.tum.de/1554803,direct
Cloud removal,SEN12MS-CR-TS,2021,649,"MS,SAR",53,4000,10m,--,Global,EOD/Schmitt,0,sen12ms cr ts,https://www.google.com/search?q=site%3Aeod-grss-ieee.com%2Fdataset-detail+%22SEN12MS-CR-TS%22,EOD lookup
Cloud removal,Planet-CR (M3R-CR),2022,--,Multiple (Satellite),63000,300,--,--,Global,EOD/Schmitt,0,planet cr,https://www.google.com/search?q=site%3Aeod-grss-ieee.com%2Fdataset-detail+%22Planet-CR+%28M3R-CR%29%22,EOD lookup
Object detection,HSI Vehicle _,2016,--,Hyperspectral (Aerial),157,--,--,1,Synthetic,EOD/Schmitt,0,hsi vehicle,https://www.google.com/search?q=site%3Aeod-grss-ieee.com%2Fdataset-detail+%22HSI+Vehicle+_%22,EOD lookup
Object detection,Agriculture-Vision,2020,4.39,Hyperspectral (Aerial),94986,512,0.463m,6,USA,EOD/Schmitt,0,vision,https://www.agriculture-vision.com/,direct
Object detection,ArcticSeals,2021,1e+03,Multispectral (Aerial),88000,6576,--,1,Alaska,EOD/Schmitt,0,arcticseals,https://www.google.com/search?q=site%3Aeod-grss-ieee.com%2Fdataset-detail+%22ArcticSeals%22,EOD lookup
Object detection,VIVID - PETS2005,2007,--,Optical (Aerial),9283,640,--,1,--,EOD/Schmitt,0,vivid pets2005,https://www.google.com/search?q=site%3Aeod-grss-ieee.com%2Fdataset-detail+%22VIVID+-+PETS2005%22,EOD lookup
Object detection,TaS,2008,0.97,RGB,30,792,0.5m,1,Belgium,EOD/Schmitt,0,tas,https://www.google.com/search?q=site%3Aeod-grss-ieee.com%2Fdataset-detail+%22TaS%22,EOD lookup
Object detection,SZTAKI AirChange,2012,0.042,RGB,13,800,1.5m,2,Hungary,EOD/Schmitt,0,sztaki airchange,http://web.eee.sztaki.hu/remotesensing/airchange_benchmark.html,direct
Object detection,Massachusetts Roads,2013,7.55,RGB,1171,1500,1m,--,USA,EOD/Schmitt,0,massachusetts roads,https://www.cs.toronto.edu/~vmnih/data/,direct
Object detection,COWC,2016,64,RGB,388435,256,0.15m,1,Multiple Locations,EOD/Schmitt,0,cowc,https://gdo152.llnl.gov/cowc/,direct
Object detection,WAMI DIRSIG,2017,0.327,Hyperspectral (Aerial),55226,64,0.3m,1,Synthetic,EOD/Schmitt,0,wami dirsig,https://www.google.com/search?q=site%3Aeod-grss-ieee.com%2Fdataset-detail+%22WAMI+DIRSIG%22,EOD lookup
Object detection,DOTA v1.0,2018,18,RGB,2806,4000,--,15,Global,EOD/Schmitt,0,dota v1 0,https://captain-whu.github.io/DOTA/index.html,direct
Object detection,ITCVD,2018,1.3,RGB,173,5616,0.1m,1,--,EOD/Schmitt,0,itcvd,https://www.google.com/search?q=site%3Aeod-grss-ieee.com%2Fdataset-detail+%22ITCVD%22,EOD lookup
Object detection,DOTA v1.5,2019,18,RGB,2806,4000,--,16,Global,EOD/Schmitt,0,dota v1 5,https://captain-whu.github.io/DOTA/index.html,direct
Object detection,DLR-ACD,2019,--,Optical (Aerial),33,4458,--,1,Germany,EOD/Schmitt,0,dlr acd,https://www.google.com/search?q=site%3Aeod-grss-ieee.com%2Fdataset-detail+%22DLR-ACD%22,EOD lookup
Object detection,NYCPlanimetric,2019,2,Optical (Aerial),2147,5000,--,24,USA,EOD/Schmitt,0,nycplanimetric,https://www.google.com/search?q=site%3Aeod-grss-ieee.com%2Fdataset-detail+%22NYCPlanimetric%22,EOD lookup
Object detection,DOTA v2.0,2020,34.3,RGB,11268,4000,0.1∼0.81,18,Global,EOD/Schmitt,0,dota v2 0,https://captain-whu.github.io/DOTA/index.html,direct
Object detection,EAGLE,2020,--,RGB,8820,936,0.05∼0.45m,--,--,EOD/Schmitt,0,eagle,https://www.google.com/search?q=site%3Aeod-grss-ieee.com%2Fdataset-detail+%22EAGLE%22,EOD lookup
Object detection,EoC,2020,0.217,Optical (Aerial),2800,256,--,14,--,EOD/Schmitt,0,eoc,https://www.google.com/search?q=site%3Aeod-grss-ieee.com%2Fdataset-detail+%22EoC%22,EOD lookup
Object detection,RSOC,2020,--,RGB,3057,2500,--,4,--,EOD/Schmitt,0,rsoc,https://www.google.com/search?q=site%3Aeod-grss-ieee.com%2Fdataset-detail+%22RSOC%22,EOD lookup
Object detection,SeabirdsDetection,2021,2.2,Optical (Aerial),1,28814,--,1,West Africa,EOD/Schmitt,0,seabirdsdetection,https://www.google.com/search?q=site%3Aeod-grss-ieee.com%2Fdataset-detail+%22SeabirdsDetection%22,EOD lookup
Object detection,TopoBoundary,2021,20,Optical (Aerial),25297,1000,--,8,USA,EOD/Schmitt,0,topoboundary,https://www.google.com/search?q=site%3Aeod-grss-ieee.com%2Fdataset-detail+%22TopoBoundary%22,EOD lookup
Object detection,Urban Tree Crown Detection,2021,0.2,Optical (Aerial),220,512,--,1,Brazil,EOD/Schmitt,0,urban tree crown detection,https://www.google.com/search?q=site%3Aeod-grss-ieee.com%2Fdataset-detail+%22Urban+Tree+Crown+Detection%22,EOD lookup
Object detection,Yosemite Tree,2021,2.7,Optical (Aerial),1,38400,--,1,USA,EOD/Schmitt,0,yosemite tree,https://www.google.com/search?q=site%3Aeod-grss-ieee.com%2Fdataset-detail+%22Yosemite+Tree%22,EOD lookup
Object detection,AISD,2022,--,RGB,--,--,--,--,--,EOD/Schmitt,0,aisd,https://www.google.com/search?q=site%3Aeod-grss-ieee.com%2Fdataset-detail+%22AISD%22,EOD lookup
Object detection,SAR Vehicle _,2005,7.5,SAR (Aerial),104,--,--,1,USA,EOD/Schmitt,0,sar vehicle,https://www.google.com/search?q=site%3Aeod-grss-ieee.com%2Fdataset-detail+%22SAR+Vehicle+_%22,EOD lookup
Object detection,SAR VD _,2019,7.5,SAR (Aerial),104,980,--,1,--,EOD/Schmitt,0,sar vd,https://www.google.com/search?q=site%3Aeod-grss-ieee.com%2Fdataset-detail+%22SAR+VD+_%22,EOD lookup
Object detection,DroneRGBT,2020,--,Multiple (Drone),3600,640,--,1,China,EOD/Schmitt,0,dronergbt,https://www.google.com/search?q=site%3Aeod-grss-ieee.com%2Fdataset-detail+%22DroneRGBT%22,EOD lookup
Object detection,DroneVehicle,2021,--,RGB-Infrared,56878,840,UAV@100m,5,China,EOD/Schmitt,0,dronevehicle,https://www.google.com/search?q=site%3Aeod-grss-ieee.com%2Fdataset-detail+%22DroneVehicle%22,EOD lookup
Object detection,BIRDSAI,2020,43.2,Thermal,162000,640,UAV@60-120m,--,South Africa,EOD/Schmitt,0,birdsai,https://sites.google.com/view/elizabethbondi/dataset,direct
Object detection,PKLot,2015,4.6,RGB,12417,1280,UAV,1,Brazil,EOD/Schmitt,0,pklot,https://www.google.com/search?q=site%3Aeod-grss-ieee.com%2Fdataset-detail+%22PKLot%22,EOD lookup
Object detection,Stanford Drone Dataset,2016,69,RGB Video,--,--,0.025m,6,USA,EOD/Schmitt,0,stanford drone dataset,https://www.google.com/search?q=site%3Aeod-grss-ieee.com%2Fdataset-detail+%22Stanford+Drone+Dataset%22,EOD lookup
Object detection,CARPK,2016,2,RGB,1448,1280,UAV,1,--,EOD/Schmitt,0,carpk,https://www.google.com/search?q=site%3Aeod-grss-ieee.com%2Fdataset-detail+%22CARPK%22,EOD lookup
Object detection,AU-AIR,2020,2.2,RGB,32823,1920,UAV@30m,8,Denmark,EOD/Schmitt,0,au air,https://bozcani.github.io/auairdataset,direct
Object detection,VisDrone,2020,85,RGB,275437,1400,UAV,--,China,EOD/Schmitt,0,visdrone,http://aiskyeye.com/,direct
Object detection,MOR-UAV,2020,--,RGB,10948,608,UAV,2,--,EOD/Schmitt,0,mor uav,https://www.google.com/search?q=site%3Aeod-grss-ieee.com%2Fdataset-detail+%22MOR-UAV%22,EOD lookup
Object detection,AMD,2021,0.037,Optical (Drone),508,800,--,5,--,EOD/Schmitt,0,amd,https://www.google.com/search?q=site%3Aeod-grss-ieee.com%2Fdataset-detail+%22AMD%22,EOD lookup
Object detection,AFO,2021,5,RGB,3647,3840,--,2,--,EOD/Schmitt,0,afo,https://www.google.com/search?q=site%3Aeod-grss-ieee.com%2Fdataset-detail+%22AFO%22,EOD lookup
Object detection,MultiDrone,2021,--,Optical (Drone),259793,1280,--,9,China,EOD/Schmitt,0,multidrone,https://www.google.com/search?q=site%3Aeod-grss-ieee.com%2Fdataset-detail+%22MultiDrone%22,EOD lookup
Object detection,AnimalDrone,2021,--,Optical (Drone),53644,--,--,--,--,EOD/Schmitt,0,animaldrone,https://www.google.com/search?q=site%3Aeod-grss-ieee.com%2Fdataset-detail+%22AnimalDrone%22,EOD lookup
Object detection,DroneCrowd,2022,10.4,Optical (Drone),33600,1920,--,1,China,EOD/Schmitt,0,dronecrowd,https://www.google.com/search?q=site%3Aeod-grss-ieee.com%2Fdataset-detail+%22DroneCrowd%22,EOD lookup
Object detection,UAVOD-10,2022,0.902,Optical (Drone),844,4800,--,10,--,EOD/Schmitt,0,uavod 10,https://www.google.com/search?q=site%3Aeod-grss-ieee.com%2Fdataset-detail+%22UAVOD-10%22,EOD lookup
Object detection,MDMT,2023,25.8,Optical (Drone),39678,--,--,--,China,EOD/Schmitt,0,mdmt,https://www.google.com/search?q=site%3Aeod-grss-ieee.com%2Fdataset-detail+%22MDMT%22,EOD lookup
Object detection,WHU Building,2018,25,RGB,25577,512,0.3m,1,New Zealand,EOD/Schmitt,0,whu building,http://gpcv.whu.edu.cn/data/building_dataset.html,direct
Object detection,EU Flood,2018,5.6,Optical (Multiple),3710,1280,--,4,Europe,EOD/Schmitt,0,eu flood,https://www.google.com/search?q=site%3Aeod-grss-ieee.com%2Fdataset-detail+%22EU+Flood%22,EOD lookup
Object detection,DSTL16B,2016,7.3,Multispectral (Satellite),1350,3391,--,10,--,EOD/Schmitt,0,dstl16b,https://www.google.com/search?q=site%3Aeod-grss-ieee.com%2Fdataset-detail+%22DSTL16B%22,EOD lookup
Object detection,ALCD,2019,0.234,"MS,Sentinel-2",38,1830,10∼60m,--,--,EOD/Schmitt,0,alcd,https://www.google.com/search?q=site%3Aeod-grss-ieee.com%2Fdataset-detail+%22ALCD%22,EOD lookup
Object detection,WHUS2-CD+,2021,27.8,Sentinel-2,36,10980,10m,--,China,EOD/Schmitt,0,whus2 cd,https://www.google.com/search?q=site%3Aeod-grss-ieee.com%2Fdataset-detail+%22WHUS2-CD%2B%22,EOD lookup
Object detection,NWPU-VHR10,2014,0.073,"RGB,IRRG",800,1000,0.08∼2m,10,Global,EOD/Schmitt,0,nwpu vhr10,https://github.com/chaozhong2010/VHR-10_dataset_coco,direct
Object detection,DSTL3B,2016,12.9,Optical (Satellite),450,3391,--,10,--,EOD/Schmitt,0,dstl3b,https://www.google.com/search?q=site%3Aeod-grss-ieee.com%2Fdataset-detail+%22DSTL3B%22,EOD lookup
Object detection,HRSC2016,2017,8,RGB,1061,1100,0.4∼2m,26,--,EOD/Schmitt,0,hrsc2016,https://www.google.com/search?q=site%3Aeod-grss-ieee.com%2Fdataset-detail+%22HRSC2016%22,EOD lookup
Object detection,RSOD,2017,0.309,RGB,946,1000,0.3∼3m,4,--,EOD/Schmitt,0,rsod,https://github.com/RSIA-LIESMARS-WHU/RSOD-Dataset-,direct
Object detection,PlanesNet,2017,0.39,Optical (Satellite),32000,20,--,--,USA,EOD/Schmitt,0,planesnet,https://www.google.com/search?q=site%3Aeod-grss-ieee.com%2Fdataset-detail+%22PlanesNet%22,EOD lookup
Object detection,SpaceNet-4,2018,186,"MS,WorldView2",60000,900,0.3m,--,USA,EOD/Schmitt,0,spacenet 4,https://spacenet.ai/off-nadir-building-detection/,direct
Object detection,Kag. Airbus Ship Detection,2018,30,RGB,192556,768,--,--,--,EOD/Schmitt,0,kaggle airbus ship detection,https://www.kaggle.com/c/airbus-ship-detection,direct
Object detection,Oil Storage Tanks,2019,3,RGB,10000,512,0.5m,1,Global,EOD/Schmitt,0,oil storage tanks,https://www.kaggle.com/towardsentropy/oil-storage-tanks,direct
Object detection,Bridges,2019,1.45,RGB,500,3822,0.5m,1,Global,EOD/Schmitt,0,bridges,http://www.patreo.dcc.ufmg.br/2019/07/10/bridge-dataset/,direct
Object detection,MTARSI,2019,0.48,RGB,9385,256,--,1,Global,EOD/Schmitt,0,mtarsi,https://www.google.com/search?q=site%3Aeod-grss-ieee.com%2Fdataset-detail+%22MTARSI%22,EOD lookup
Object detection,SIMD,2019,1,RGB,5000,1024,UAV@150m,15,Global,EOD/Schmitt,0,simd,https://www.google.com/search?q=site%3Aeod-grss-ieee.com%2Fdataset-detail+%22SIMD%22,EOD lookup
Object detection,built-structure-count,2019,2,RGB,5364,512,0.3m,--,Global,EOD/Schmitt,0,built structure count,https://www.google.com/search?q=site%3Aeod-grss-ieee.com%2Fdataset-detail+%22built-structure-count%22,EOD lookup
Object detection,RarePlanes,2020,318,"MS,WorldView3",713348,512,0.3∼1.5m,110,Global,EOD/Schmitt,0,rareplanes,https://spacenet.ai/rareplanes/,direct
Object detection,FGSD,2020,--,Optical (Satellite),4736,930,--,43,--,EOD/Schmitt,0,fgsd,https://www.google.com/search?q=site%3Aeod-grss-ieee.com%2Fdataset-detail+%22FGSD%22,EOD lookup
Object detection,FAIR1M,2020,120,Optical (Satellite),15266,5000,--,37,Global,EOD/Schmitt,0,fair1m,https://www.google.com/search?q=site%3Aeod-grss-ieee.com%2Fdataset-detail+%22FAIR1M%22,EOD lookup
Object detection,TGRS-HRRSD,2020,9,RGB 0.15∼1.2,21761,930,m,13,--,EOD/Schmitt,0,tgrs hrrsd,https://www.google.com/search?q=site%3Aeod-grss-ieee.com%2Fdataset-detail+%22TGRS-HRRSD%22,EOD lookup
Object detection,AI-TOD,2020,22,RGB,28036,--,0.3m∼30m,--,--,EOD/Schmitt,0,ai tod,https://www.google.com/search?q=site%3Aeod-grss-ieee.com%2Fdataset-detail+%22AI-TOD%22,EOD lookup
Object detection,LEVIR-Ship,2021,0.821,Optical (Satellite),3896,512,--,1,--,EOD/Schmitt,0,levir ship,https://www.google.com/search?q=site%3Aeod-grss-ieee.com%2Fdataset-detail+%22LEVIR-Ship%22,EOD lookup
Object detection,Flying Airplanes,2021,491,Optical (Satellite),8000,--,--,1,Europe,EOD/Schmitt,0,flying airplanes,https://www.google.com/search?q=site%3Aeod-grss-ieee.com%2Fdataset-detail+%22Flying+Airplanes%22,EOD lookup
Object detection,Airbus Oil Storage Detection,2021,0.101,MS,98,2560,1.2m,1,Global,EOD/Schmitt,0,airbus oil storage detection,https://www.google.com/search?q=site%3Aeod-grss-ieee.com%2Fdataset-detail+%22Airbus+Oil+Storage+Detection%22,EOD lookup
Object detection,Airbus Aircraft Detection,2021,0.092,RGB,103,2560,0.5m,1,Global,EOD/Schmitt,0,airbus aircraft detection,https://www.google.com/search?q=site%3Aeod-grss-ieee.com%2Fdataset-detail+%22Airbus+Aircraft+Detection%22,EOD lookup
Object detection,NASAdebris,2021,0.073,Optical (Satellite),707,256,--,1,Multiple Locations,EOD/Schmitt,0,nasadebris,https://www.google.com/search?q=site%3Aeod-grss-ieee.com%2Fdataset-detail+%22NASAdebris%22,EOD lookup
Object detection,ShipRSImageNet,2021,4.3,Optical (Satellite),3435,930,--,1,--,EOD/Schmitt,0,shiprsimagenet,https://www.google.com/search?q=site%3Aeod-grss-ieee.com%2Fdataset-detail+%22ShipRSImageNet%22,EOD lookup
Object detection,SWIM,2021,12,RGB,14610,768,0.5∼2.5m,1,Global,EOD/Schmitt,0,swim,https://www.google.com/search?q=site%3Aeod-grss-ieee.com%2Fdataset-detail+%22SWIM%22,EOD lookup
Object detection,SaRNet,2021,0.894,Optical (Satellite),2552,1000,--,1,USA,EOD/Schmitt,0,sarnet,https://www.google.com/search?q=site%3Aeod-grss-ieee.com%2Fdataset-detail+%22SaRNet%22,EOD lookup
Object detection,Satellite Pool Detection,2022,3.7,Optical (Satellite),14912,512,--,1,--,EOD/Schmitt,0,satellite pool detection,https://www.google.com/search?q=site%3Aeod-grss-ieee.com%2Fdataset-detail+%22Satellite+Pool+Detection%22,EOD lookup
Object detection,RampBuilding,2022,24.8,Optical (Satellite),96284,256,--,1,Global,EOD/Schmitt,0,rampbuilding,https://www.google.com/search?q=site%3Aeod-grss-ieee.com%2Fdataset-detail+%22RampBuilding%22,EOD lookup
Object detection,VISO,2022,8.6,Optical (Satellite),15455,12000,--,4,--,EOD/Schmitt,0,viso,https://www.google.com/search?q=site%3Aeod-grss-ieee.com%2Fdataset-detail+%22VISO%22,EOD lookup
Object detection,HRPlanesv2,2022,8.1,Optical (Satellite),2120,4800,--,1,Global,EOD/Schmitt,0,hrplanesv2,https://www.google.com/search?q=site%3Aeod-grss-ieee.com%2Fdataset-detail+%22HRPlanesv2%22,EOD lookup
Object detection,OnlyPlanes,2022,15,Optical (Satellite),12500,1024,--,1,Synthetic,EOD/Schmitt,0,onlyplanes,https://www.google.com/search?q=site%3Aeod-grss-ieee.com%2Fdataset-detail+%22OnlyPlanes%22,EOD lookup
Object detection,Buildings Containers Cranes _ _,2022,3,Optical (Satellite),--,2500,--,3,--,EOD/Schmitt,0,buildings containers cranes,https://www.google.com/search?q=site%3Aeod-grss-ieee.com%2Fdataset-detail+%22Buildings+Containers+Cranes+_+_%22,EOD lookup
Object detection,DIOR,--,--,RGB 0.5∼30,23463,800,m,20,--,EOD/Schmitt,0,dior,https://www.google.com/search?q=site%3Aeod-grss-ieee.com%2Fdataset-detail+%22DIOR%22,EOD lookup
Object detection,PSDS,--,--,Optical (Satellite),1310,900,--,1,Peru,EOD/Schmitt,0,psds,https://www.google.com/search?q=site%3Aeod-grss-ieee.com%2Fdataset-detail+%22PSDS%22,EOD lookup
Object detection,MSDS900,--,--,Optical (Satellite),2993,900,--,1,--,EOD/Schmitt,0,msds900,https://www.google.com/search?q=site%3Aeod-grss-ieee.com%2Fdataset-detail+%22MSDS900%22,EOD lookup
Object detection,MSDSfull,--,--,Optical (Satellite),200,4800,--,1,--,EOD/Schmitt,0,msdsfull,https://www.google.com/search?q=site%3Aeod-grss-ieee.com%2Fdataset-detail+%22MSDSfull%22,EOD lookup
Object detection,MSTAR,1996,--,SAR (Satellite),--,--,0.3m,--,--,EOD/Schmitt,0,mstar,https://www.google.com/search?q=site%3Aeod-grss-ieee.com%2Fdataset-detail+%22MSTAR%22,EOD lookup
Object detection,SSDD,2017,0.995,SAR (Satellite),1160,500,1∼15m,1,Global,EOD/Schmitt,0,ssdd,https://www.google.com/search?q=site%3Aeod-grss-ieee.com%2Fdataset-detail+%22SSDD%22,EOD lookup
Object detection,OpenSARShip,2017,0.87,Sentinnel-1,11346,--,10m,17,China,EOD/Schmitt,0,opensarship,https://www.google.com/search?q=site%3Aeod-grss-ieee.com%2Fdataset-detail+%22OpenSARShip%22,EOD lookup
Object detection,OpenSARShip 2.0,2017,0.87,Sentinnel-1,34528,120,10m,17,China,EOD/Schmitt,0,opensarship 2 0,https://www.google.com/search?q=site%3Aeod-grss-ieee.com%2Fdataset-detail+%22OpenSARShip+2.0%22,EOD lookup
Object detection,Iceberg Detection,2018,0.29,SAR (Satellite),10028,75,--,--,Canada,EOD/Schmitt,0,iceberg detection,https://www.google.com/search?q=site%3Aeod-grss-ieee.com%2Fdataset-detail+%22Iceberg+Detection%22,EOD lookup
Object detection,SAR Ship Detection,2019,0.407,"SAR 3m, 5m,",43819,256,"8m,10m",1,Asia,EOD/Schmitt,0,sar ship detection,https://github.com/CAESAR-Radi/SAR-Ship-Dataset,direct
Object detection,AIR-SARShip-1.0,2019,0.2,SAR (Satellite),31,3000,1∼3m,1,Multiple Locations,EOD/Schmitt,0,air sarship 1 0,https://www.google.com/search?q=site%3Aeod-grss-ieee.com%2Fdataset-detail+%22AIR-SARShip-1.0%22,EOD lookup
Object detection,AIR-SARShip-2,2020,0.224,SAR (Satellite),300,1000,1∼3m,1,Multiple Locations,EOD/Schmitt,0,air sarship 2,http://radars.ie.ac.cn/web/data/getData?dataType=SARDataset,direct
Object detection,LS-SSDD,2020,7.8,SAR (Satellite),15,20000,1∼15m,1,--,EOD/Schmitt,0,ls ssdd,https://github.com/TianwenZhang0825/LS-SSDD-v1.0-OPEN,direct
Object detection,HRSID,2020,0.581,"Sentinel-1,SAR",5604,800,0.5∼3m,1,Multiple Locations,EOD/Schmitt,0,hrsid,https://github.com/chaozhong2010/HRSID,direct
Object detection,xView3-SAR,2021,2e+03,Sentinel-1,991*2,27000,10m,2,Global,EOD/Schmitt,0,xview3 sar,https://www.google.com/search?q=site%3Aeod-grss-ieee.com%2Fdataset-detail+%22xView3-SAR%22,EOD lookup
Object detection,DSSDD,2021,1.27,SAR (Satellite),1236,256,--,1,--,EOD/Schmitt,0,dssdd,https://www.google.com/search?q=site%3Aeod-grss-ieee.com%2Fdataset-detail+%22DSSDD%22,EOD lookup
Object detection,SRSDD-v1.0,2021,0.713,SAR (Satellite),666,1024,--,6,Asia,EOD/Schmitt,0,srsdd v1 0,https://www.google.com/search?q=site%3Aeod-grss-ieee.com%2Fdataset-detail+%22SRSDD-v1.0%22,EOD lookup
Object detection,MSAR,2022,2.5,SAR (Satellite),28449,256,--,4,--,EOD/Schmitt,0,msar,https://www.google.com/search?q=site%3Aeod-grss-ieee.com%2Fdataset-detail+%22MSAR%22,EOD lookup
Object detection,SADD,2022,--,SAR (Satellite),2966,224,--,1,--,EOD/Schmitt,0,sadd,https://www.google.com/search?q=site%3Aeod-grss-ieee.com%2Fdataset-detail+%22SADD%22,EOD lookup
Object detection,RSDD-SAR,2022,--,SAR (Satellite),7000,512,--,--,--,EOD/Schmitt,0,rsdd sar,https://www.google.com/search?q=site%3Aeod-grss-ieee.com%2Fdataset-detail+%22RSDD-SAR%22,EOD lookup
Object detection,SMCDD,--,--,SAR (Satellite),--,--,--,--,--,EOD/Schmitt,0,smcdd,https://www.google.com/search?q=site%3Aeod-grss-ieee.com%2Fdataset-detail+%22SMCDD%22,EOD lookup
Object detection,LEVIR,2016,--,RGB,21952,800,0.5m,3,--,EOD/Schmitt,0,levir,https://www.google.com/search?q=site%3Aeod-grss-ieee.com%2Fdataset-detail+%22LEVIR%22,EOD lookup
Object detection; classification,NOAA Sea Lion,2017,96,RGB,950,4900,--,4,Alaska,EOD/Schmitt,0,noaa sea lion,https://www.google.com/search?q=site%3Aeod-grss-ieee.com%2Fdataset-detail+%22NOAA+Sea+Lion%22,EOD lookup
Object detection; classification,Forest Damages – Larch Casebearer,2021,3.3,RGB,1543,1500,UAV,4,Sweden,EOD/Schmitt,0,damages larch casebearer,https://www.google.com/search?q=site%3Aeod-grss-ieee.com%2Fdataset-detail+%22Forest+Damages+%E2%80%93+Larch+Casebearer%22,EOD lookup
Object detection; classification,ReforesTree,2022,7.5,Optical (Drone),100,4000,--,6,Ecuador,EOD/Schmitt,0,reforestree,https://www.google.com/search?q=site%3Aeod-grss-ieee.com%2Fdataset-detail+%22ReforesTree%22,EOD lookup
Object detection; classification,IDTReeS,2020,0.28,Multiple (Multiple),591*369,20,--,33,USA,EOD/Schmitt,0,idtrees,https://www.google.com/search?q=site%3Aeod-grss-ieee.com%2Fdataset-detail+%22IDTReeS%22,EOD lookup
Object detection; classification,Humpback Whale Identification,2018,0.7,Optical (Multiple),25460,1050,--,--,Multiple Locations,EOD/Schmitt,0,humpback whale identification,https://www.google.com/search?q=site%3Aeod-grss-ieee.com%2Fdataset-detail+%22Humpback+Whale+Identification%22,EOD lookup
Object detection; classification,FUSAR-Ship,2020,--,SAR (Satellite),5000,512,--,113,--,EOD/Schmitt,0,fusar ship,https://www.google.com/search?q=site%3Aeod-grss-ieee.com%2Fdataset-detail+%22FUSAR-Ship%22,EOD lookup
Object detection; other,NEON Tree Dataset,2021,8.4,Multiple (Aerial),2174*426,40,--,1,USA,EOD/Schmitt,0,neon tree dataset,https://www.google.com/search?q=site%3Aeod-grss-ieee.com%2Fdataset-detail+%22NEON+Tree+Dataset%22,EOD lookup
Object detection; semantic segmentation,VALID,2020,15.7,RGBD,6690,1024,--,30,Synthetic,EOD/Schmitt,0,valid,https://www.google.com/search?q=site%3Aeod-grss-ieee.com%2Fdataset-detail+%22VALID%22,EOD lookup
Object detection; semantic segmentation,WHU Cloud,2020,3.65,Multispectral (Satellite),859,512,--,1,China,EOD/Schmitt,0,whu cloud,http://gpcv.whu.edu.cn/data/WHU_Cloud_Dataset.html,direct
Semantic segmentation,DFC08,2008,0.194,Hyperspectral (Aerial),--,--,--,5,Italy,EOD/Schmitt,0,dfc08,https://www.google.com/search?q=site%3Aeod-grss-ieee.com%2Fdataset-detail+%22DFC08%22,EOD lookup
Semantic segmentation,Chikusei,2016,1.4,Hyperspectral (Aerial),1*128,2517,--,19,Japan,EOD/Schmitt,0,chikusei,https://www.google.com/search?q=site%3Aeod-grss-ieee.com%2Fdataset-detail+%22Chikusei%22,EOD lookup
Semantic segmentation,AeroRIT,2019,1.8,"RGB,Hyperspectral",1,3900,0.4m,--,USA,EOD/Schmitt,0,aerorit,https://www.google.com/search?q=site%3Aeod-grss-ieee.com%2Fdataset-detail+%22AeroRIT%22,EOD lookup
Semantic segmentation,HOSD,2022,2.2,Hyperspectral (Aerial),18*224,1700,--,1,Gulf of Mexico,EOD/Schmitt,0,hosd,https://www.google.com/search?q=site%3Aeod-grss-ieee.com%2Fdataset-detail+%22HOSD%22,EOD lookup
Semantic segmentation,DFC13,2013,1,Multiple (Aerial),145,--,--,16,USA,EOD/Schmitt,0,dfc13,https://www.google.com/search?q=site%3Aeod-grss-ieee.com%2Fdataset-detail+%22DFC13%22,EOD lookup
Semantic segmentation,DFC14,2014,--,Multiple (Aerial),--,--,--,7,Canada,EOD/Schmitt,0,dfc14,https://www.google.com/search?q=site%3Aeod-grss-ieee.com%2Fdataset-detail+%22DFC14%22,EOD lookup
Semantic segmentation,DFC15,2015,--,Multiple (Aerial),7,10000,--,--,Belgium,EOD/Schmitt,0,dfc15,https://www.google.com/search?q=site%3Aeod-grss-ieee.com%2Fdataset-detail+%22DFC15%22,EOD lookup
Semantic segmentation,DFC18,2018,19.8,"MS,Hyperspectral,RGB",1,--,0.05∼1m,20,USA,EOD/Schmitt,0,dfc18,https://www.google.com/search?q=site%3Aeod-grss-ieee.com%2Fdataset-detail+%22DFC18%22,EOD lookup
Semantic segmentation,MUESLI,2021,37.7,Multiple (Aerial),1*415,12800,--,41,France,EOD/Schmitt,0,muesli,https://www.google.com/search?q=site%3Aeod-grss-ieee.com%2Fdataset-detail+%22MUESLI%22,EOD lookup
Semantic segmentation,DFC22-SSL,2022,42,Multiple (Aerial),5000,2000,--,14,France,EOD/Schmitt,0,dfc22 ssl,https://www.google.com/search?q=site%3Aeod-grss-ieee.com%2Fdataset-detail+%22DFC22-SSL%22,EOD lookup
Semantic segmentation,GeoNRW,2022,30,"RGB,nDSM",7783*3,1000,1m,10,Germany,EOD/Schmitt,0,geonrw,https://www.google.com/search?q=site%3Aeod-grss-ieee.com%2Fdataset-detail+%22GeoNRW%22,EOD lookup
Semantic segmentation,ISPRS 2D - Potsdam,2011,16,"RGB,nDSM",38,6000,0.05m,6,Germany,EOD/Schmitt,0,isprs 2d potsdam,https://www.google.com/search?q=site%3Aeod-grss-ieee.com%2Fdataset-detail+%22ISPRS+2D+-+Potsdam%22,EOD lookup
Semantic segmentation,ISPRS 2D - Vaihingen,2011,17,"RGB,nDSM",33,2200,0.09m,6,Germany,EOD/Schmitt,0,isprs 2d vaihingen,https://www.google.com/search?q=site%3Aeod-grss-ieee.com%2Fdataset-detail+%22ISPRS+2D+-+Vaihingen%22,EOD lookup
Semantic segmentation,SemCity Toulouse,2020,5.2,MS,16,3500,0.5∼2m,--,France,EOD/Schmitt,0,semcity toulouse,http://rs.ipb.uni-bonn.de/data/,direct
Semantic segmentation,Aerial Image Segmentation,2013,0.007,RGB,80,512,0.3∼1m,--,Synthetic,EOD/Schmitt,0,aerial image segmentation,https://www.google.com/search?q=site%3Aeod-grss-ieee.com%2Fdataset-detail+%22Aerial+Image+Segmentation%22,EOD lookup
Semantic segmentation,INRIA,2017,19.5,RGB,360,1500,0.3m,1,Multiple Locations,EOD/Schmitt,0,inria,https://project.inria.fr/aerialimagelabeling/,direct
Semantic segmentation,CITY-OSM,2017,23.8,Optical (Aerial),21,2500,--,--,Multiple Locations,EOD/Schmitt,0,city osm,https://www.google.com/search?q=site%3Aeod-grss-ieee.com%2Fdataset-detail+%22CITY-OSM%22,EOD lookup
Semantic segmentation,SynthAer,2018,1,RGB,765,1280,--,8,Synthetic,EOD/Schmitt,0,synthaer,https://www.google.com/search?q=site%3Aeod-grss-ieee.com%2Fdataset-detail+%22SynthAer%22,EOD lookup
Semantic segmentation,Aeroscapes,2018,0.752,RGB,3269,1280,UAV@5-50m,11,--,EOD/Schmitt,0,aeroscapes,https://www.google.com/search?q=site%3Aeod-grss-ieee.com%2Fdataset-detail+%22Aeroscapes%22,EOD lookup
Semantic segmentation,AerialLanes18,2018,--,RGB,20,5616,0.125m,--,--,EOD/Schmitt,0,aeriallanes18,https://www.google.com/search?q=site%3Aeod-grss-ieee.com%2Fdataset-detail+%22AerialLanes18%22,EOD lookup
Semantic segmentation,DLR-SkyScapes,2019,--,RGB,16,4680,0.13m,31,Germany,EOD/Schmitt,0,dlr skyscapes,https://www.google.com/search?q=site%3Aeod-grss-ieee.com%2Fdataset-detail+%22DLR-SkyScapes%22,EOD lookup
Semantic segmentation,AIRS,2019,17.6,RGB,1047,10000,0.075m,1,--,EOD/Schmitt,0,airs,https://www.airs-dataset.com/,direct
Semantic segmentation,BHPools&WaterTanks,2020,1.9,Optical (Aerial),350,3000,--,1,Brazil,EOD/Schmitt,0,bhpools watertanks,https://www.google.com/search?q=site%3Aeod-grss-ieee.com%2Fdataset-detail+%22BHPools%26WaterTanks%22,EOD lookup
Semantic segmentation,iSAID,2020,6.54,RGB,2806,4000,--,15,Global,EOD/Schmitt,0,isaid,https://captain-whu.github.io/iSAID/index.html,direct
Semantic segmentation,Synthinel-1,2020,1,RGB,2108,572,0.3m,1,Synthetic,EOD/Schmitt,0,synthinel 1,https://www.google.com/search?q=site%3Aeod-grss-ieee.com%2Fdataset-detail+%22Synthinel-1%22,EOD lookup
Semantic segmentation,LandCoverAI,2020,1.4,RGB,41,9000,"0.25m,0.5m",--,Poland,EOD/Schmitt,0,landcoverai,https://www.google.com/search?q=site%3Aeod-grss-ieee.com%2Fdataset-detail+%22LandCoverAI%22,EOD lookup
Semantic segmentation,TTPLA,2020,4.2,Optical (Aerial),1100,3840,--,--,USA,EOD/Schmitt,0,ttpla,https://www.google.com/search?q=site%3Aeod-grss-ieee.com%2Fdataset-detail+%22TTPLA%22,EOD lookup
Semantic segmentation,MiniFrance,2022,93.1,RGB,2121,10000,0.5m,12,France,EOD/Schmitt,0,minifrance,https://www.google.com/search?q=site%3Aeod-grss-ieee.com%2Fdataset-detail+%22MiniFrance%22,EOD lookup
Semantic segmentation,FLAIR #1,2022,70,Optical (Aerial),77412,512,--,13,France,EOD/Schmitt,0,flair 1,https://www.google.com/search?q=site%3Aeod-grss-ieee.com%2Fdataset-detail+%22FLAIR+%231%22,EOD lookup
Semantic segmentation,WHU-Hi,2020,0.817,Hyperspectral (Drone),3,1217,0.109m,11,--,EOD/Schmitt,0,whu hi,https://www.google.com/search?q=site%3Aeod-grss-ieee.com%2Fdataset-detail+%22WHU-Hi%22,EOD lookup
Semantic segmentation,RIT-18,2018,1.5,MS,1,9300,0.047m,--,USA,EOD/Schmitt,0,rit 18,https://www.google.com/search?q=site%3Aeod-grss-ieee.com%2Fdataset-detail+%22RIT-18%22,EOD lookup
Semantic segmentation,GrowliFlower,2022,11.7,Multispectral (Drone),8402,256,--,4,Germany,EOD/Schmitt,0,growliflower,https://www.google.com/search?q=site%3Aeod-grss-ieee.com%2Fdataset-detail+%22GrowliFlower%22,EOD lookup
Semantic segmentation,Semantic Drone,2019,4,RGB,400,5000,--,20,Austria,EOD/Schmitt,0,semantic drone,https://www.google.com/search?q=site%3Aeod-grss-ieee.com%2Fdataset-detail+%22Semantic+Drone%22,EOD lookup
Semantic segmentation,ManipalUAVid,2019,1.05,Optical (Drone),711,1280,--,4,India,EOD/Schmitt,0,manipaluavid,https://www.google.com/search?q=site%3Aeod-grss-ieee.com%2Fdataset-detail+%22ManipalUAVid%22,EOD lookup
Semantic segmentation,UAVid,2020,5.88,RGB,420,4000,UAV,--,--,EOD/Schmitt,0,uavid,https://www.google.com/search?q=site%3Aeod-grss-ieee.com%2Fdataset-detail+%22UAVid%22,EOD lookup
Semantic segmentation,FloodNet,2021,12.1,RGB,2343,4000,0.015m,10,USA,EOD/Schmitt,0,floodnet,https://www.google.com/search?q=site%3Aeod-grss-ieee.com%2Fdataset-detail+%22FloodNet%22,EOD lookup
Semantic segmentation,RescueNet,2021,21.8,Optical (Drone),4494,3500,--,12,USA,EOD/Schmitt,0,rescuenet,https://www.google.com/search?q=site%3Aeod-grss-ieee.com%2Fdataset-detail+%22RescueNet%22,EOD lookup
Semantic segmentation,DoriaNet,2021,0.067,Optical (Drone),2409,1280,--,3,USA,EOD/Schmitt,0,dorianet,https://www.google.com/search?q=site%3Aeod-grss-ieee.com%2Fdataset-detail+%22DoriaNet%22,EOD lookup
Semantic segmentation,DFC17,2017,--,Multiple (Multiple),--,--,--,17,Multiple Locations,EOD/Schmitt,0,dfc17,https://www.google.com/search?q=site%3Aeod-grss-ieee.com%2Fdataset-detail+%22DFC17%22,EOD lookup
Semantic segmentation,SpaceNet-6,2020,0.368,"SAR,RGB",3401,900,0.5m,1,Netherlands,EOD/Schmitt,0,spacenet 6,https://spacenet.ai/sn6-challenge/,direct
Semantic segmentation,MultimodalBen,2021,0.489,Multiple (Multiple),568,680,--,30,Multiple Locations,EOD/Schmitt,0,multimodalben,https://www.google.com/search?q=site%3Aeod-grss-ieee.com%2Fdataset-detail+%22MultimodalBen%22,EOD lookup
Semantic segmentation,UOPNOA,2021,9.7,Multiple (Multiple),36000,--,--,--,Spain,EOD/Schmitt,0,uopnoa,https://www.google.com/search?q=site%3Aeod-grss-ieee.com%2Fdataset-detail+%22UOPNOA%22,EOD lookup
Semantic segmentation,NDWS,2022,2,Multiple (Multiple),18445*12,64,--,1,USA,EOD/Schmitt,0,ndws,https://www.google.com/search?q=site%3Aeod-grss-ieee.com%2Fdataset-detail+%22NDWS%22,EOD lookup
Semantic segmentation,FireCube,2022,23.5,Multiple (Multiple),4314*58,700,--,1,Greece,EOD/Schmitt,0,firecube,https://www.google.com/search?q=site%3Aeod-grss-ieee.com%2Fdataset-detail+%22FireCube%22,EOD lookup
Semantic segmentation,WildfireDanger,2022,17,Multiple (Multiple),--,--,--,1,--,EOD/Schmitt,0,wildfiredanger,https://www.google.com/search?q=site%3Aeod-grss-ieee.com%2Fdataset-detail+%22WildfireDanger%22,EOD lookup
Semantic segmentation,OpenEarthMap,2022,9.1,Optical (Multiple),5000,1024,--,8,Global,EOD/Schmitt,0,openearthmap,https://open-earth-map.org/,direct
Semantic segmentation,DFC07,2007,0.019,Multiple (Satellite),1,787,--,--,Italy,EOD/Schmitt,0,dfc07,https://www.google.com/search?q=site%3Aeod-grss-ieee.com%2Fdataset-detail+%22DFC07%22,EOD lookup
Semantic segmentation,SEN1-2,2018,43.7,Multiple (Satellite),282384,256,--,--,Global,EOD/Schmitt,0,sen1 2,https://www.google.com/search?q=site%3Aeod-grss-ieee.com%2Fdataset-detail+%22SEN1-2%22,EOD lookup
Semantic segmentation,Chesapeake Land Cover,2019,140,"RGB,MS",250000,240,1m,16,--,EOD/Schmitt,0,chesapeake land cover,https://www.google.com/search?q=site%3Aeod-grss-ieee.com%2Fdataset-detail+%22Chesapeake+Land+Cover%22,EOD lookup
Semantic segmentation,DFC20,2020,19.2,"Sentinel-1,Sentinel-2",180662,--,10m,17,Global,EOD/Schmitt,0,dfc20,https://www.google.com/search?q=site%3Aeod-grss-ieee.com%2Fdataset-detail+%22DFC20%22,EOD lookup
Semantic segmentation,SEN-12-FLOOD,2020,12.2,"RGB,SAR,MS",336,--,10m,1,Global,EOD/Schmitt,0,sen 12 flood,https://www.google.com/search?q=site%3Aeod-grss-ieee.com%2Fdataset-detail+%22SEN-12-FLOOD%22,EOD lookup
Semantic segmentation,Ghana Crop Type,2020,312,"Sentinel-1,Sentinel-2,Planet",2881*14*25,64,3∼10m,5,Ghana,EOD/Schmitt,0,ghana crop type,https://www.google.com/search?q=site%3Aeod-grss-ieee.com%2Fdataset-detail+%22Ghana+Crop+Type%22,EOD lookup
Semantic segmentation,South Sudan Crop Type,2020,977,Multiple (Satellite),687*14*25,64,--,5,Sudan,EOD/Schmitt,0,south sudan crop type,https://www.google.com/search?q=site%3Aeod-grss-ieee.com%2Fdataset-detail+%22South+Sudan+Crop+Type%22,EOD lookup
Semantic segmentation,DFC21-DSE,2021,18,"SAR,MS,Hyperspectral",6000,16,10∼750m,4,Malawi,EOD/Schmitt,0,dfc21 dse,https://www.google.com/search?q=site%3Aeod-grss-ieee.com%2Fdataset-detail+%22DFC21-DSE%22,EOD lookup
Semantic segmentation,PASTIS-R,2021,54,Multiple (Satellite),2433,128,--,18,France,EOD/Schmitt,0,pastis r,https://github.com/VSainteuf/pastis-benchmark,direct
Semantic segmentation,MultiSenGE,2022,530,"Sentinel-1,Sentinel-2",1084260*12,256,10m,14,France,EOD/Schmitt,0,multisenge,https://www.google.com/search?q=site%3Aeod-grss-ieee.com%2Fdataset-detail+%22MultiSenGE%22,EOD lookup
Semantic segmentation,MapInWild,2022,365,Multiple (Satellite),1018*8,1920,--,11,Global,EOD/Schmitt,0,mapinwild,https://www.google.com/search?q=site%3Aeod-grss-ieee.com%2Fdataset-detail+%22MapInWild%22,EOD lookup
Semantic segmentation,Landslide4Sense,2022,2.4,Multiple (Satellite),4844*14,128,--,1,Global,EOD/Schmitt,0,landslide4sense,https://www.google.com/search?q=site%3Aeod-grss-ieee.com%2Fdataset-detail+%22Landslide4Sense%22,EOD lookup
Semantic segmentation,C2S-MS,2022,12,Multiple (Satellite),1800,512,--,3,Global,EOD/Schmitt,0,c2s ms,https://www.google.com/search?q=site%3Aeod-grss-ieee.com%2Fdataset-detail+%22C2S-MS%22,EOD lookup
Semantic segmentation,S12 ScotInd Cloud _ _,2022,0.96,Multiple (Satellite),--,--,--,1,"Scotland, India",EOD/Schmitt,0,s12 scotind cloud,https://www.google.com/search?q=site%3Aeod-grss-ieee.com%2Fdataset-detail+%22S12+ScotInd+Cloud+_+_%22,EOD lookup
Semantic segmentation,Burned Area Delineation,2022,14,Multiple (Satellite),--,--,--,--,Europe,EOD/Schmitt,0,burned area delineation,https://www.google.com/search?q=site%3Aeod-grss-ieee.com%2Fdataset-detail+%22Burned+Area+Delineation%22,EOD lookup
Semantic segmentation,38-Cloud,2018,16,RGB,17601,384,30m,1,Global,EOD/Schmitt,0,38 cloud,https://www.kaggle.com/sorour/38cloud-cloud-segmentation-in-satellite-images,direct
Semantic segmentation,95-Cloud,2020,18,RGB,34701,384,30m,1,Global,EOD/Schmitt,0,95 cloud,https://www.kaggle.com/sorour/95cloud-cloud-segmentation-on-satellite-images/version/1,direct
Semantic segmentation,Kag. Satellite Water Bodies,2020,0.274,Multispectral (Satellite),2841,1000,--,1,Global,EOD/Schmitt,0,kaggle satellite water bodies,https://www.google.com/search?q=site%3Aeod-grss-ieee.com%2Fdataset-detail+%22Kag.+Satellite+Water+Bodies%22,EOD lookup
Semantic segmentation,HKH Glacier Mapping,2020,29.4,Multispectral (Satellite),14190*15,512,--,2,Asia,EOD/Schmitt,0,hkh glacier mapping,https://www.google.com/search?q=site%3Aeod-grss-ieee.com%2Fdataset-detail+%22HKH+Glacier+Mapping%22,EOD lookup
Semantic segmentation,ActiveFireL8,2020,546,Multispectral (Satellite),2000000*10,128,--,1,South America,EOD/Schmitt,0,activefirel8,https://www.google.com/search?q=site%3Aeod-grss-ieee.com%2Fdataset-detail+%22ActiveFireL8%22,EOD lookup
Semantic segmentation,AIR-CD,2020,12,RGB-NIR,34,7300,4m,1,China,EOD/Schmitt,0,air cd,https://www.google.com/search?q=site%3Aeod-grss-ieee.com%2Fdataset-detail+%22AIR-CD%22,EOD lookup
Semantic segmentation,MARIDA,2021,1.2,Multispectral (Satellite),1381*10,256,--,15,Global,EOD/Schmitt,0,marida,https://marine-debris.github.io/,direct
Semantic segmentation,SmallholderPlant,2021,1,Multispectral (Satellite),70*13,1180,--,6,Benin,EOD/Schmitt,0,smallholderplant,https://www.google.com/search?q=site%3Aeod-grss-ieee.com%2Fdataset-detail+%22SmallholderPlant%22,EOD lookup
Semantic segmentation,S2-SHIPS,2021,2.9,Multispectral (Satellite),16*16,1783,--,3,--,EOD/Schmitt,0,s2 ships,https://www.google.com/search?q=site%3Aeod-grss-ieee.com%2Fdataset-detail+%22S2-SHIPS%22,EOD lookup
Semantic segmentation,FloatingObjects,2021,15.4,Multispectral (Satellite),--,--,--,--,Global,EOD/Schmitt,0,floatingobjects,https://www.google.com/search?q=site%3Aeod-grss-ieee.com%2Fdataset-detail+%22FloatingObjects%22,EOD lookup
Semantic segmentation,Sen4AgriNet,2021,262,Sentinel-2,--,--,10∼60m,--,"France, Spain",EOD/Schmitt,0,sen4agrinet,https://www.google.com/search?q=site%3Aeod-grss-ieee.com%2Fdataset-detail+%22Sen4AgriNet%22,EOD lookup
Semantic segmentation,PASTIS,2021,29,Sentinel-2,2433*45*10,128,10m,18,France,EOD/Schmitt,0,pastis,https://github.com/VSainteuf/pastis-benchmark,direct
Semantic segmentation,SeasoNet,2022,229,Sentinel-2,1759830,120,10m,33,Germany,EOD/Schmitt,0,seasonet,https://github.com/MarcCoru/SeasoNet,direct
Semantic segmentation,OpenSentinelMap,2022,445,"RGB,Sentinel-2",137045,192,10m∼60m,15,Global,EOD/Schmitt,0,opensentinelmap,https://www.google.com/search?q=site%3Aeod-grss-ieee.com%2Fdataset-detail+%22OpenSentinelMap%22,EOD lookup
Semantic segmentation,Sat Burn Area _ _,2022,14,Multispectral (Satellite),73*14,1500,--,1,Europe,EOD/Schmitt,0,sat burn area,https://www.google.com/search?q=site%3Aeod-grss-ieee.com%2Fdataset-detail+%22Sat+Burn+Area+_+_%22,EOD lookup
Semantic segmentation,NASA-Harvest,2022,0.3,Multispectral (Satellite),70,256,--,1,Rwanda,EOD/Schmitt,0,nasa harvest,https://www.google.com/search?q=site%3Aeod-grss-ieee.com%2Fdataset-detail+%22NASA-Harvest%22,EOD lookup
Semantic segmentation,Zurich Summer,2015,0.132,RGB-NIR,20,1000,0.61m,--,Switzerland,EOD/Schmitt,0,zurich summer,https://sites.google.com/site/michelevolpiresearch/data/zurich-dataset,direct
Semantic segmentation,SpaceNet-1,2016,31,"RGB,MS",9735,650,0.5∼1m,1,Multiple Locations,EOD/Schmitt,0,spacenet 1,https://spacenet.ai/spacenet-buildings-dataset-v1/,direct
Semantic segmentation,SpaceNet-2,2017,182,"RGB,MS",24586,650,0.3m,1,Multiple Locations,EOD/Schmitt,0,spacenet 2,https://spacenet.ai/spacenet-buildings-dataset-v2/,direct
Semantic segmentation,SpaceNet-3,2017,182,"Panchromatic,RGB,MS",3711,1300,0.3∼1.24m,1,Multiple Locations,EOD/Schmitt,0,spacenet 3,https://spacenet.ai/spacenet-roads-dataset/,direct
Semantic segmentation,DLRSD,2018,0.004,RGB,2100,256,0.3m,21,USA,EOD/Schmitt,0,dlrsd,https://www.google.com/search?q=site%3Aeod-grss-ieee.com%2Fdataset-detail+%22DLRSD%22,EOD lookup
Semantic segmentation,DeepGlobe-LandCover,2018,2.75,RGB,1146,2448,0.5m,7,Global,EOD/Schmitt,0,deepglobe landcover,https://www.google.com/search?q=site%3Aeod-grss-ieee.com%2Fdataset-detail+%22DeepGlobe-LandCover%22,EOD lookup
Semantic segmentation,CrowdAI Mapping,2018,5.33,RGB,401755,300,--,1,--,EOD/Schmitt,0,crowdai mapping,https://www.aicrowd.com/challenges/mapping-challenge#datasets,direct
Semantic segmentation,SpaceNet-5,2019,84.1,"Panchromatic,RGB,MS",2369,1300,0.3m,1,Multiple Locations,EOD/Schmitt,0,spacenet 5,https://spacenet.ai/sn5-challenge/,direct
Semantic segmentation,STGAN Cloud Removal,2019,1.5,Optical (Satellite),217190,256,--,1,Global,EOD/Schmitt,0,stgan cloud removal,https://dataverse.harvard.edu/dataset.xhtml?persistentId=doi:10.7910/DVN/BSETKZ,direct
Semantic segmentation,SpaceNet-7,2020,20.6,"MS,MT",1525,1024,4m,1,Global,EOD/Schmitt,0,spacenet 7,https://spacenet.ai/sn7-challenge/,direct
Semantic segmentation,Kag. Satellite Buildings,2020,0.878,Optical (Satellite),6038,256,--,1,--,EOD/Schmitt,0,kaggle satellite buildings,https://www.google.com/search?q=site%3Aeod-grss-ieee.com%2Fdataset-detail+%22Kag.+Satellite+Buildings%22,EOD lookup
Semantic segmentation,Kag. Massachusetts Buildings,2020,3,RGB,151,1500,1m,1,USA,EOD/Schmitt,0,kaggle massachusetts buildings,https://www.google.com/search?q=site%3Aeod-grss-ieee.com%2Fdataset-detail+%22Kag.+Massachusetts+Buildings%22,EOD lookup
Semantic segmentation,DubaiSemSeg,2020,0.032,Optical (Satellite),72,800,--,6,UAE,EOD/Schmitt,0,dubaisemseg,https://www.google.com/search?q=site%3Aeod-grss-ieee.com%2Fdataset-detail+%22DubaiSemSeg%22,EOD lookup
Semantic segmentation,GTA-V SID,2020,0.1,Optical (Satellite),121,500,--,--,Synthetic,EOD/Schmitt,0,gta v sid,https://www.google.com/search?q=site%3Aeod-grss-ieee.com%2Fdataset-detail+%22GTA-V+SID%22,EOD lookup
Semantic segmentation,Rwanda Built-Up,2020,0.07,Optical (Satellite),787,256,--,1,Rwanda,EOD/Schmitt,0,rwanda built up,https://www.google.com/search?q=site%3Aeod-grss-ieee.com%2Fdataset-detail+%22Rwanda+Built-Up%22,EOD lookup
Semantic segmentation,LoveDA,2021,9.6,RGB,5987,1024,0.3m,7,China,EOD/Schmitt,0,loveda,https://github.com/Junjue-Wang/LoveDA,direct
Semantic segmentation,SpaceNet-8,2022,6.8,"Panchromatic,RGB",1200*2,1200,0.3∼0.8m,2,Multiple Locations,EOD/Schmitt,0,spacenet 8,https://www.google.com/search?q=site%3Aeod-grss-ieee.com%2Fdataset-detail+%22SpaceNet-8%22,EOD lookup
Semantic segmentation,RDCME,2022,--,Optical (Satellite),775,256,--,1,--,EOD/Schmitt,0,rdcme,https://www.google.com/search?q=site%3Aeod-grss-ieee.com%2Fdataset-detail+%22RDCME%22,EOD lookup
Semantic segmentation,OnCloudN,2022,50,Optical (Satellite),22728,512,--,1,Africa,EOD/Schmitt,0,oncloudn,https://www.google.com/search?q=site%3Aeod-grss-ieee.com%2Fdataset-detail+%22OnCloudN%22,EOD lookup
Semantic segmentation,UBC,2022,0.675,Optical (Satellite),800,600,--,61,Multiple Locations,EOD/Schmitt,0,ubc,https://www.google.com/search?q=site%3Aeod-grss-ieee.com%2Fdataset-detail+%22UBC%22,EOD lookup
Semantic segmentation,PolSF,2019,--,SAR (Satellite),5,--,--,6,USA,EOD/Schmitt,0,polsf,https://www.google.com/search?q=site%3Aeod-grss-ieee.com%2Fdataset-detail+%22PolSF%22,EOD lookup
Semantic segmentation,OpenSARUrban,2020,2.2,SAR (Satellite),33358,100,--,10,China,EOD/Schmitt,0,opensarurban,https://www.google.com/search?q=site%3Aeod-grss-ieee.com%2Fdataset-detail+%22OpenSARUrban%22,EOD lookup
Semantic segmentation,FUSAR-Map,2020,--,SAR (Satellite),610,1024,--,4,China,EOD/Schmitt,0,fusar map,https://www.google.com/search?q=site%3Aeod-grss-ieee.com%2Fdataset-detail+%22FUSAR-Map%22,EOD lookup
Semantic segmentation,ETCI2021,2021,5.3,SAR (Satellite),66810,256,--,2,Multiple Locations,EOD/Schmitt,0,etci2021,https://www.google.com/search?q=site%3Aeod-grss-ieee.com%2Fdataset-detail+%22ETCI2021%22,EOD lookup
Semantic segmentation,MMFlood,2022,11.3,SAR (Satellite),1748*2,2000,--,1,Global,EOD/Schmitt,0,mmflood,https://www.google.com/search?q=site%3Aeod-grss-ieee.com%2Fdataset-detail+%22MMFlood%22,EOD lookup
Semantic segmentation,EvLab-SS,2017,--,RGB,60,4500,"0.1m,0.25m",11,--,EOD/Schmitt,0,evlab ss,https://www.google.com/search?q=site%3Aeod-grss-ieee.com%2Fdataset-detail+%22EvLab-SS%22,EOD lookup
Semantic segmentation; classification,FLAME,2020,43.7,Multispectral (Drone),47992,3840,--,2,USA,EOD/Schmitt,0,flame,https://www.google.com/search?q=site%3Aeod-grss-ieee.com%2Fdataset-detail+%22FLAME%22,EOD lookup
Semantic segmentation; classification,SEN12MS,2019,510,"MS,SAR",180662,256,10m,--,Global,EOD/Schmitt,0,sen12ms,https://mediatum.ub.tum.de/1474000,direct
Semantic segmentation; classification,DFC23,2023,--,Multiple (Satellite),--,--,--,12,Global,EOD/Schmitt,0,dfc23,https://www.google.com/search?q=site%3Aeod-grss-ieee.com%2Fdataset-detail+%22DFC23%22,EOD lookup
Semantic segmentation; classification,S2 Cloud Mask Catalogue,2020,15.4,Sentinel-2,513*13,1022,20m,25,--,EOD/Schmitt,0,s2 cloud mask catalogue,https://www.google.com/search?q=site%3Aeod-grss-ieee.com%2Fdataset-detail+%22S2+Cloud+Mask+Catalogue%22,EOD lookup
Semantic segmentation; classification,DeepGlobe-Bldng,2018,--,Optical (Satellite),24586,650,--,1,Global,EOD/Schmitt,0,deepglobe bldng,https://www.google.com/search?q=site%3Aeod-grss-ieee.com%2Fdataset-detail+%22DeepGlobe-Bldng%22,EOD lookup
Super-resolution / pan-sharpening,DFC06,2006,0.39,Multispectral (Aerial),6,5000,--,--,Multiple Locations,EOD/Schmitt,0,dfc06,https://www.google.com/search?q=site%3Aeod-grss-ieee.com%2Fdataset-detail+%22DFC06%22,EOD lookup
Super-resolution / pan-sharpening,PRISMA Pan Sharp,2022,1.7,Hyperspectral (Satellite),4,2400,--,--,Italy,EOD/Schmitt,0,prisma pan sharp,https://www.google.com/search?q=site%3Aeod-grss-ieee.com%2Fdataset-detail+%22PRISMA+Pan+Sharp%22,EOD lookup
Super-resolution / pan-sharpening,Proba-V Super Resolution,2018,0.692,Multispectral (Satellite),1160,384,--,--,Global,EOD/Schmitt,0,proba v super resolution,https://doi.org/10.5281/zenodo.6327426,direct
Super-resolution / pan-sharpening,PAirMAX (Airbus),2021,0.153,Multispectral (Satellite),14,--,--,--,Multiple Locations,EOD/Schmitt,0,pairmax,https://www.google.com/search?q=site%3Aeod-grss-ieee.com%2Fdataset-detail+%22PAirMAX+%28Airbus%29%22,EOD lookup
Super-resolution / pan-sharpening,SEN2VENµS,2022,85,Multispectral (Satellite),132955,256,--,--,Multiple Locations,EOD/Schmitt,0,sen2venus,https://doi.org/10.5281/zenodo.6514159,direct
Super-resolution / pan-sharpening,Mu-S2,2022,2.8,Multispectral (Satellite),1274,100,--,--,--,EOD/Schmitt,0,mu s2,https://www.google.com/search?q=site%3Aeod-grss-ieee.com%2Fdataset-detail+%22Mu-S2%22,EOD lookup
Super-resolution / pan-sharpening,ALSAT-2B,2021,0.07,Optical (Satellite),5518,256,--,--,Multiple Locations,EOD/Schmitt,0,alsat 2b,https://github.com/achrafdjerida/Alsat-2B,direct
Super-resolution / pan-sharpening,PushFrameSR,2021,1.1,Optical (Satellite),960*15,256,--,--,--,EOD/Schmitt,0,pushframesr,https://www.google.com/search?q=site%3Aeod-grss-ieee.com%2Fdataset-detail+%22PushFrameSR%22,EOD lookup
Super-resolution / pan-sharpening,WorldStrat,2022,107,Optical (Satellite),3928,1054,--,--,Global,EOD/Schmitt,0,worldstrat,https://www.google.com/search?q=site%3Aeod-grss-ieee.com%2Fdataset-detail+%22WorldStrat%22,EOD lookup
Super-resolution / pan-sharpening,MultiExposureSR,2022,0.743,Optical (Satellite),--,--,--,--,--,EOD/Schmitt,0,multiexposuresr,https://www.google.com/search?q=site%3Aeod-grss-ieee.com%2Fdataset-detail+%22MultiExposureSR%22,EOD lookup
Super-resolution / pan-sharpening,Jilin1 VidSR _,2022,19.4,Optical (Satellite),6250,3000,--,--,--,EOD/Schmitt,0,jilin1 vidsr,https://www.google.com/search?q=site%3Aeod-grss-ieee.com%2Fdataset-detail+%22Jilin1+VidSR+_%22,EOD lookup
Other,SPYSTUF,2021,29,Hyperspectral (Aerial),1*128,16000,--,--,Finland,EOD/Schmitt,0,spystuf,https://www.google.com/search?q=site%3Aeod-grss-ieee.com%2Fdataset-detail+%22SPYSTUF%22,EOD lookup
Other,DLR-HySU,2021,0.005,Hyperspectral (Aerial),1*135,123,--,--,Germany,EOD/Schmitt,0,dlr hysu,https://www.google.com/search?q=site%3Aeod-grss-ieee.com%2Fdataset-detail+%22DLR-HySU%22,EOD lookup
Other,ForestCanopyHeight,2019,62.9,Multiple (Aerial),1105,--,--,--,Mexico,EOD/Schmitt,0,forestcanopyheight,https://www.google.com/search?q=site%3Aeod-grss-ieee.com%2Fdataset-detail+%22ForestCanopyHeight%22,EOD lookup
Other,HighDenseMatching,2014,72,Optical (Aerial),186,15000,--,--,Switzerland,EOD/Schmitt,0,highdensematching,https://www.google.com/search?q=site%3Aeod-grss-ieee.com%2Fdataset-detail+%22HighDenseMatching%22,EOD lookup
Other,WHU MVS/Stereo,2020,98,Optical (Aerial),1776,5376,--,--,China,EOD/Schmitt,0,whu mvs stereo,https://www.google.com/search?q=site%3Aeod-grss-ieee.com%2Fdataset-detail+%22WHU+MVS%2FStereo%22,EOD lookup
Other,WHU Multi-View,2020,12.6,Optical (Aerial),28400,768,--,--,China,EOD/Schmitt,0,whu multi view,https://www.google.com/search?q=site%3Aeod-grss-ieee.com%2Fdataset-detail+%22WHU+Multi-View%22,EOD lookup
Other,WHU Stereo,2020,8.6,Optical (Aerial),21868,768,--,--,China,EOD/Schmitt,0,whu stereo,https://www.google.com/search?q=site%3Aeod-grss-ieee.com%2Fdataset-detail+%22WHU+Stereo%22,EOD lookup
Other,RSVQA-HR,2020,14.4,Optical (Aerial),10659,512,--,--,USA,EOD/Schmitt,0,rsvqa hr,https://www.google.com/search?q=site%3Aeod-grss-ieee.com%2Fdataset-detail+%22RSVQA-HR%22,EOD lookup
Other,DenseMatchAerial,2021,3.3,Optical (Aerial),1092*2,1024,--,--,Germany,EOD/Schmitt,0,densematchaerial,https://www.google.com/search?q=site%3Aeod-grss-ieee.com%2Fdataset-detail+%22DenseMatchAerial%22,EOD lookup
Other,ALPACA,2020,37,Hyperspectral (Drone),--,--,--,--,Peru,EOD/Schmitt,0,alpaca,https://www.google.com/search?q=site%3Aeod-grss-ieee.com%2Fdataset-detail+%22ALPACA%22,EOD lookup
Other,MidAir,2019,1e+03,"RGBD,Odometry",420000,1024,--,--,Synthetic,EOD/Schmitt,0,midair,https://www.google.com/search?q=site%3Aeod-grss-ieee.com%2Fdataset-detail+%22MidAir%22,EOD lookup
Other,ERA,2020,6.3,RGB Video,343680,640,--,--,Global,EOD/Schmitt,0,era,https://lcmou.github.io/ERA_Dataset/,direct
Other,DFC19,2019,--,"MS,LiDAR",--,--,0.3∼1.3m,--,USA,EOD/Schmitt,0,dfc19,https://www.google.com/search?q=site%3Aeod-grss-ieee.com%2Fdataset-detail+%22DFC19%22,EOD lookup
Other,GeoLifeCLEF,2020,840,"RGB-IR,MS,LC,DEM",6700000,256,"1m,0.3m,0.1m",--,Multiple Locations,EOD/Schmitt,0,geolifeclef,https://www.google.com/search?q=site%3Aeod-grss-ieee.com%2Fdataset-detail+%22GeoLifeCLEF%22,EOD lookup
Other,GeoLifeCLEF 2022,2020,--,Multiple (Multiple),--,--,--,--,Multiple Locations,EOD/Schmitt,0,geolifeclef 2022,https://www.google.com/search?q=site%3Aeod-grss-ieee.com%2Fdataset-detail+%22GeoLifeCLEF+2022%22,EOD lookup
Other,GeoLifeCLEF 2021,2021,--,"RGB-IR,MS,LC,DEM",--,--,"1m,0.3m,0.1m",--,Multiple Locations,EOD/Schmitt,0,geolifeclef 2021,https://www.google.com/search?q=site%3Aeod-grss-ieee.com%2Fdataset-detail+%22GeoLifeCLEF+2021%22,EOD lookup
Other,DREAM,2021,68,Multiple (Multiple),--,1024,--,--,Multiple Locations,EOD/Schmitt,0,dream,https://www.google.com/search?q=site%3Aeod-grss-ieee.com%2Fdataset-detail+%22DREAM%22,EOD lookup
Other,SustainBench,2021,302,Multiple (Multiple),--,--,"RGB,Time-seris",--,--,EOD/Schmitt,0,sustainbench,https://www.google.com/search?q=site%3Aeod-grss-ieee.com%2Fdataset-detail+%22SustainBench%22,EOD lookup
Other,MDAS,2022,35,Multiple (Multiple),--,--,--,--,Germany,EOD/Schmitt,0,mdas,https://www.google.com/search?q=site%3Aeod-grss-ieee.com%2Fdataset-detail+%22MDAS%22,EOD lookup
Other,PLP,2022,160,Multiple (Multiple),--,--,--,--,Greece,EOD/Schmitt,0,plp,https://www.google.com/search?q=site%3Aeod-grss-ieee.com%2Fdataset-detail+%22PLP%22,EOD lookup
Other,UAE-RS,2022,1.01,Optical (Multiple),6050,500,--,--,Multiple Locations,EOD/Schmitt,0,uae rs,https://www.google.com/search?q=site%3Aeod-grss-ieee.com%2Fdataset-detail+%22UAE-RS%22,EOD lookup
Other,SyntCities,2022,38.2,Optical (Multiple),16200,1024,--,13,Synthetic,EOD/Schmitt,0,syntcities,https://www.google.com/search?q=site%3Aeod-grss-ieee.com%2Fdataset-detail+%22SyntCities%22,EOD lookup
Other,QXS-SAROPT,2021,2.7,Multiple (Satellite),40000,256,--,--,Multiple Locations,EOD/Schmitt,0,qxs saropt,https://www.google.com/search?q=site%3Aeod-grss-ieee.com%2Fdataset-detail+%22QXS-SAROPT%22,EOD lookup
Other,MultimodalSupCD,2021,0.66,Multiple (Satellite),--,96,--,--,Global,EOD/Schmitt,0,multimodalsupcd,https://www.google.com/search?q=site%3Aeod-grss-ieee.com%2Fdataset-detail+%22MultimodalSupCD%22,EOD lookup
Other,SSL4EO-S12,2022,1.5e+03,Multiple (Satellite),251079,264,--,--,Global,EOD/Schmitt,0,ssl4eo s12,https://mediatum.ub.tum.de/1660427,direct
Other,SAR2Opt,2022,0.691,Multiple (Satellite),--,600,--,--,Global,EOD/Schmitt,0,sar2opt,https://www.google.com/search?q=site%3Aeod-grss-ieee.com%2Fdataset-detail+%22SAR2Opt%22,EOD lookup
Other,SEN12TP,2023,222,Multiple (Satellite),2319,--,--,--,Global,EOD/Schmitt,0,sen12tp,https://www.google.com/search?q=site%3Aeod-grss-ieee.com%2Fdataset-detail+%22SEN12TP%22,EOD lookup
Other,SPARCS,2016,1.4,"MS,Landsat",80,1000,30m,--,--,EOD/Schmitt,0,sparcs,https://www.google.com/search?q=site%3Aeod-grss-ieee.com%2Fdataset-detail+%22SPARCS%22,EOD lookup
Other,CloudCast,2020,328,NWP,70080,1229,3km,--,Europe,EOD/Schmitt,0,cloudcast,https://www.google.com/search?q=site%3Aeod-grss-ieee.com%2Fdataset-detail+%22CloudCast%22,EOD lookup
Other,Hurricane Wind Speed,2021,1.5,Multispectral (Satellite),114634,366,--,--,Global,EOD/Schmitt,0,hurricane wind speed,https://www.google.com/search?q=site%3Aeod-grss-ieee.com%2Fdataset-detail+%22Hurricane+Wind+Speed%22,EOD lookup
Other,TIRMSS,2021,8.45,Multispectral (Satellite),16000,192,--,--,--,EOD/Schmitt,0,tirmss,https://www.google.com/search?q=site%3Aeod-grss-ieee.com%2Fdataset-detail+%22TIRMSS%22,EOD lookup
Other,EarthNet2021,2021,600,Multispectral (Satellite),32000,128,--,--,--,EOD/Schmitt,0,earthnet2021,https://www.google.com/search?q=site%3Aeod-grss-ieee.com%2Fdataset-detail+%22EarthNet2021%22,EOD lookup
Other,DFC16,2016,--,Optical (Satellite),--,--,--,--,Canada,EOD/Schmitt,0,dfc16,https://www.google.com/search?q=site%3Aeod-grss-ieee.com%2Fdataset-detail+%22DFC16%22,EOD lookup
Other,GTA BEV SVA _ _,2017,350,Optical (Satellite),1000000,1920,--,--,Synthetic,EOD/Schmitt,0,gta bev sva,https://www.google.com/search?q=site%3Aeod-grss-ieee.com%2Fdataset-detail+%22GTA+BEV+SVA+_+_%22,EOD lookup
Other,RoadTracer,2017,0.083,RGB,40,8150,0.6m,1,--,EOD/Schmitt,0,roadtracer,https://www.google.com/search?q=site%3Aeod-grss-ieee.com%2Fdataset-detail+%22RoadTracer%22,EOD lookup
Other,RSICD,2017,0.459,Optical (Satellite),10921,224,--,--,Global,EOD/Schmitt,0,rsicd,https://github.com/201528014227051/RSICD_optimal,direct
Other,SPEED,2019,4.9,RGB,15300,1920,0.5m,--,--,EOD/Schmitt,0,speed,https://www.google.com/search?q=site%3Aeod-grss-ieee.com%2Fdataset-detail+%22SPEED%22,EOD lookup
Other,SatStereo,2019,127,Optical (Satellite),144,--,--,--,Multiple Locations,EOD/Schmitt,0,satstereo,https://engineering.purdue.edu/RVL/Database/SatStereo/index.html,direct
Other,Satellite Pose Estimation,2020,4.6,Optical (Satellite),15300,1920,--,--,--,EOD/Schmitt,0,satellite pose estimation,https://www.google.com/search?q=site%3Aeod-grss-ieee.com%2Fdataset-detail+%22Satellite+Pose+Estimation%22,EOD lookup
Other,RSVQA-LR,2020,0.15,Optical (Satellite),772,256,--,--,Netherlands,EOD/Schmitt,0,rsvqa lr,https://www.google.com/search?q=site%3Aeod-grss-ieee.com%2Fdataset-detail+%22RSVQA-LR%22,EOD lookup
Other,RSITMD,2021,0.568,Optical (Satellite),4743,--,--,--,Global,EOD/Schmitt,0,rsitmd,https://www.google.com/search?q=site%3Aeod-grss-ieee.com%2Fdataset-detail+%22RSITMD%22,EOD lookup
Other,RSVQAxBEN,2021,28.6,Optical (Satellite),590326,120,--,--,Global,EOD/Schmitt,0,rsvqaxben,https://www.google.com/search?q=site%3Aeod-grss-ieee.com%2Fdataset-detail+%22RSVQAxBEN%22,EOD lookup
Other,Phenology,2022,56,Optical (Satellite),114*24*5,3333,--,--,North America,EOD/Schmitt,0,phenology,https://www.google.com/search?q=site%3Aeod-grss-ieee.com%2Fdataset-detail+%22Phenology%22,EOD lookup
Other,SeaIceContent,2021,0.245,SAR (Satellite),6,25600,--,--,Greenland,EOD/Schmitt,0,seaicecontent,https://www.google.com/search?q=site%3Aeod-grss-ieee.com%2Fdataset-detail+%22SeaIceContent%22,EOD lookup
Other,Hephaestus,2022,105,InSAR,110573,224,--,--,Global,EOD/Schmitt,0,hephaestus,https://www.google.com/search?q=site%3Aeod-grss-ieee.com%2Fdataset-detail+%22Hephaestus%22,EOD lookup
Other,AI4Arctic Sea Ice,2022,--,SAR (Satellite),--,--,--,--,--,EOD/Schmitt,0,ai4arctic sea ice,https://www.google.com/search?q=site%3Aeod-grss-ieee.com%2Fdataset-detail+%22AI4Arctic+Sea+Ice%22,EOD lookup
Other,ExtremeEarth,2021,0.246,--,--,--,--,--,Greenland,EOD/Schmitt,0,extremeearth,https://www.google.com/search?q=site%3Aeod-grss-ieee.com%2Fdataset-detail+%22ExtremeEarth%22,EOD lookup
Other,Africa MiniCubes,2021,47,--,--,--,--,--,Africa,EOD/Schmitt,0,africa minicubes,https://www.google.com/search?q=site%3Aeod-grss-ieee.com%2Fdataset-detail+%22Africa+MiniCubes%22,EOD lookup
Other,mesogeos,2023,--,--,--,--,--,--,Multiple Locations,EOD/Schmitt,0,mesogeos,https://www.google.com/search?q=site%3Aeod-grss-ieee.com%2Fdataset-detail+%22mesogeos%22,EOD lookup
Other,So2Sat POP,--,40,--,--,--,--,--,Europe,EOD/Schmitt,0,so2sat pop,https://www.google.com/search?q=site%3Aeod-grss-ieee.com%2Fdataset-detail+%22So2Sat+POP%22,EOD lookup
Other,Olive tree,--,--,--,10,4000,--,--,--,EOD/Schmitt,0,olive tree,https://www.google.com/search?q=site%3Aeod-grss-ieee.com%2Fdataset-detail+%22Olive+tree%22,EOD lookup
Other,MAFAT Challenge,--,--,--,--,--,--,--,--,EOD/Schmitt,0,mafat challenge,https://www.google.com/search?q=site%3Aeod-grss-ieee.com%2Fdataset-detail+%22MAFAT+Challenge%22,EOD lookup
Classification,Brazilian Coffee Scene,2015,0.004,RGB,2876,64,20m,2,--,EarthNets,1,brazilian coffee scene,http://www.patreo.dcc.ufmg.br/2017/11/12/brazilian-coffee-scenes-dataset/,direct
Classification,BreizhCrops,2020,--,"Sentinel-2,MT",610000,--,10∼60m,9,--,EarthNets,1,breizhcrops,https://www.google.com/search?q=site%3Aeod-grss-ieee.com%2Fdataset-detail+%22BreizhCrops%22,EOD lookup
Classification,CaneSat,2020,0.006,"Sentinel-2,MT",1627,10,10m,2,--,EarthNets,1,canesat,https://www.google.com/search?q=site%3Aeod-grss-ieee.com%2Fdataset-detail+%22CaneSat%22,EOD lookup
Classification,South Africa Crop Type,2021,82.77,"Sentinel-1,Sentinel-2",122736,--,--,9,--,EarthNets,1,south africa crop type,https://www.google.com/search?q=site%3Aeod-grss-ieee.com%2Fdataset-detail+%22South+Africa+Crop+Type%22,EOD lookup
Classification,The Canadian Cropland,2022,26,Sentinel-2,78536,64,10m,10,--,EarthNets,1,the canadian cropland,https://www.google.com/search?q=site%3Aeod-grss-ieee.com%2Fdataset-detail+%22The+Canadian+Cropland%22,EOD lookup
Classification,Space2Ground,2022,0.501,"Sentinel-1,Sentinel-2,RGB",10102,260,10∼60m,2,--,EarthNets,1,space2ground,https://www.google.com/search?q=site%3Aeod-grss-ieee.com%2Fdataset-detail+%22Space2Ground%22,EOD lookup
Classification,Aircraft SAR-ACD,2022,--,SAR,4322,64,--,20,--,EarthNets,1,sar acd,https://www.google.com/search?q=site%3Aeod-grss-ieee.com%2Fdataset-detail+%22Aircraft+SAR-ACD%22,EOD lookup
Classification,MAR20,2023,1.1,RGB,3842,800×800,1m,20,--,EarthNets,1,mar20,https://www.google.com/search?q=site%3Aeod-grss-ieee.com%2Fdataset-detail+%22MAR20%22,EOD lookup
Classification,Sen1Floods11,2020,14.3,Sentinel-1,4831,512,10m,1,--,EarthNets,1,sen1floods11,https://github.com/cloudtostreet/Sen1Floods11,direct
Classification,OMBRIA,2022,0.19,"Sentinel-1,Sentinel-2",3376,256,10m∼20m,2,--,EarthNets,1,ombria,https://www.google.com/search?q=site%3Aeod-grss-ieee.com%2Fdataset-detail+%22OMBRIA%22,EOD lookup
Classification,OPTIMAL-31,2019,0.024,RGB,1860,256,--,31,--,EarthNets,1,optimal 31,https://www.google.com/search?q=site%3Aeod-grss-ieee.com%2Fdataset-detail+%22OPTIMAL-31%22,EOD lookup
Classification,CLRS,2020,1.735,RGB,15000,256,0.26∼8.85m,25,--,EarthNets,1,clrs,https://www.google.com/search?q=site%3Aeod-grss-ieee.com%2Fdataset-detail+%22CLRS%22,EOD lookup
Classification,Million AID,2021,133.5,RGB,"1,000,000",150∼550,0.5∼153m,28,--,EarthNets,1,million aid,https://www.google.com/search?q=site%3Aeod-grss-ieee.com%2Fdataset-detail+%22Million+AID%22,EOD lookup
Classification,Satellite Image Classification,2021,0.023,RGB,5631,256,--,4,--,EarthNets,1,satellite image classification,https://www.google.com/search?q=site%3Aeod-grss-ieee.com%2Fdataset-detail+%22Satellite+Image+Classification%22,EOD lookup
Classification,Golf Course MUSIC4GC (Golf Course),2017,0.37,"MS,Landsat",83431,16,30m,2,--,EarthNets,1,golf course music4gc,https://www.google.com/search?q=site%3Aeod-grss-ieee.com%2Fdataset-detail+%22Golf+Course+MUSIC4GC+%28Golf+Course%29%22,EOD lookup
Classification,Hot Area MUSIC4HA (Hot Area),2022,0.01,Sentinel-2,2511,16,10m,6,--,EarthNets,1,hot area music4ha,https://www.google.com/search?q=site%3Aeod-grss-ieee.com%2Fdataset-detail+%22Hot+Area+MUSIC4HA+%28Hot+Area%29%22,EOD lookup
Classification,TiSeLaC,2017,--,"RGB-NIR,MT",23,2866x2633,30m,9,--,EarthNets,1,tiselac,https://www.google.com/search?q=site%3Aeod-grss-ieee.com%2Fdataset-detail+%22TiSeLaC%22,EOD lookup
Classification,MSLCC,2018,0.5,"SAR,MS",2,"5596x6031,8149x5957",10m,4,--,EarthNets,1,mslcc,https://www.google.com/search?q=site%3Aeod-grss-ieee.com%2Fdataset-detail+%22MSLCC%22,EOD lookup
Classification,Slovenia Land Cover,2019,11.55,Sentinel-2,940,500,10m,10,--,EarthNets,1,slovenia land cover,https://www.google.com/search?q=site%3Aeod-grss-ieee.com%2Fdataset-detail+%22Slovenia+Land+Cover%22,EOD lookup
Classification,TG1HRSSC,2021,0.277,"Hyperspectral 5m, 10m,",204,512,20m,9,--,EarthNets,1,tg1hrssc,https://www.google.com/search?q=site%3Aeod-grss-ieee.com%2Fdataset-detail+%22TG1HRSSC%22,EOD lookup
Classification,Austin Zoning,2017,0.596,RGB,"3,666",773x961,--,5,--,EarthNets,1,austin zoning,https://www.google.com/search?q=site%3Aeod-grss-ieee.com%2Fdataset-detail+%22Austin+Zoning%22,EOD lookup
Classification,HistAerial,2019,7.6,Grayscale,42000,"25,50,100",--,7,--,EarthNets,1,histaerial,https://www.google.com/search?q=site%3Aeod-grss-ieee.com%2Fdataset-detail+%22HistAerial%22,EOD lookup
Classification,SenseEarth classify,2020,10.8,RGB,70000,100∼12655,0.2∼153m,51,--,EarthNets,1,senseearth classify,https://www.google.com/search?q=site%3Aeod-grss-ieee.com%2Fdataset-detail+%22SenseEarth+classify%22,EOD lookup
Classification,WiDS Datathon 2019,2019,0.46,RGB,11000,256,3m,2,--,EarthNets,1,wids datathon 2019,https://www.google.com/search?q=site%3Aeod-grss-ieee.com%2Fdataset-detail+%22WiDS+Datathon+2019%22,EOD lookup
Classification,The Auto Arborist Dataset,2022,24,"RGB,MS","2,637,208","1,024",--,344,--,EarthNets,1,the auto arborist dataset,https://www.google.com/search?q=site%3Aeod-grss-ieee.com%2Fdataset-detail+%22The+Auto+Arborist+Dataset%22,EOD lookup
Classification,Ships in Satellite Imagery,2017,0.343,RGB,4000,80,3m,2,--,EarthNets,1,ships in satellite imagery,https://www.google.com/search?q=site%3Aeod-grss-ieee.com%2Fdataset-detail+%22Ships+in+Satellite+Imagery%22,EOD lookup
Classification,DSCR,2019,--,RGB,"20,675",150∼800,--,7,--,EarthNets,1,dscr,https://github.com/DYH666/DSCR,direct
Classification,SynthWakeSAR,2022,4.3,SAR,46080,96000,3.3m,10,--,EarthNets,1,synthwakesar,https://www.google.com/search?q=site%3Aeod-grss-ieee.com%2Fdataset-detail+%22SynthWakeSAR%22,EOD lookup
Classification,Solar Power Plants MUSIC4P3,2017,4.6,"MS,Landsat",1280000,16,30m,2,--,EarthNets,1,music4p3,https://www.google.com/search?q=site%3Aeod-grss-ieee.com%2Fdataset-detail+%22Solar+Power+Plants+MUSIC4P3%22,EOD lookup
Classification,Urban Village S2UC,2021,1.8,RGB,1714,224,2m,2,--,EarthNets,1,s2uc,https://www.google.com/search?q=site%3Aeod-grss-ieee.com%2Fdataset-detail+%22Urban+Village+S2UC%22,EOD lookup
Classification,Brazilian Cerrado-Savanna,2016,0.011,MS,1311,64,5m,4,--,EarthNets,1,brazilian cerrado savanna,http://www.patreo.dcc.ufmg.br/2017/11/12/brazilian-cerrado-savanna-scenes-dataset/,direct
Classification,MAFAT-Fine-Grained,2021,--,RGB 0.05∼,4216,--,0.15m,37,--,EarthNets,1,mafat fine grained,https://www.google.com/search?q=site%3Aeod-grss-ieee.com%2Fdataset-detail+%22MAFAT-Fine-Grained%22,EOD lookup
Object detection,CGI Planes,2021,0.7,RGB,500,--,--,2,--,EarthNets,1,cgi planes,https://www.google.com/search?q=site%3Aeod-grss-ieee.com%2Fdataset-detail+%22CGI+Planes%22,EOD lookup
Object detection,CASIA-aircraft,2021,--,RGB,"58,121",399,--,2,--,EarthNets,1,casia aircraft,https://www.google.com/search?q=site%3Aeod-grss-ieee.com%2Fdataset-detail+%22CASIA-aircraft%22,EOD lookup
Object detection,SAR Aircraft,2022,0.18,SAR,2966,224,0.5m∼3m,2,--,EarthNets,1,sar aircraft,https://www.google.com/search?q=site%3Aeod-grss-ieee.com%2Fdataset-detail+%22SAR+Aircraft%22,EOD lookup
Object detection,DeepGlobe (Building),2018,--,"Panchromatic,RGB,MS",24586,650,0.5m,2,--,EarthNets,1,deepglobe,https://www.google.com/search?q=site%3Aeod-grss-ieee.com%2Fdataset-detail+%22DeepGlobe+%28Building%29%22,EOD lookup
Object detection,Map Challenge,2018,--,RGB,"341,058",300,--,2,--,EarthNets,1,map challenge,https://www.google.com/search?q=site%3Aeod-grss-ieee.com%2Fdataset-detail+%22Map+Challenge%22,EOD lookup
Object detection,TBF,2018,--,RGB,13,"40,000",--,2,--,EarthNets,1,tbf,https://www.google.com/search?q=site%3Aeod-grss-ieee.com%2Fdataset-detail+%22TBF%22,EOD lookup
Object detection,Microsoft Building (Australia),2019,6.4,--,"11,334,866",/ 2,--,--,--,EarthNets,1,microsoft building,https://www.google.com/search?q=site%3Aeod-grss-ieee.com%2Fdataset-detail+%22Microsoft+Building+%28Australia%29%22,EOD lookup
Object detection,Urban Building Classification,2022,0.675,RGB,800,600,0.5∼0.8m,61,--,EarthNets,1,urban building classification,https://www.google.com/search?q=site%3Aeod-grss-ieee.com%2Fdataset-detail+%22Urban+Building+Classification%22,EOD lookup
Object detection,BONAI,2022,4.86,RGB,"3,300","1,024",0.3m∼0.6m,1,--,EarthNets,1,bonai,https://www.google.com/search?q=site%3Aeod-grss-ieee.com%2Fdataset-detail+%22BONAI%22,EOD lookup
Object detection,UAVOD10,2022,0.9,RGB,844,1000∼4800,0.15m,10,--,EarthNets,1,uavod10,https://www.google.com/search?q=site%3Aeod-grss-ieee.com%2Fdataset-detail+%22UAVOD10%22,EOD lookup
Object detection,Land Covers Dstl Satellite Imagery,2017,21.7,"RGB,MS",57,"3,348",0.3m∼7.5m,10,--,EarthNets,1,land covers dstl satellite imagery,https://www.google.com/search?q=site%3Aeod-grss-ieee.com%2Fdataset-detail+%22Land+Covers+Dstl+Satellite+Imagery%22,EOD lookup
Object detection,Oil and Gas Tank (OGST),2020,1.87,RGB,10000,512,0.3m,2,--,EarthNets,1,oil and gas tank,https://www.google.com/search?q=site%3Aeod-grss-ieee.com%2Fdataset-detail+%22Oil+and+Gas+Tank+%28OGST%29%22,EOD lookup
Object detection,Volcanoes Hephaestus,2022,93.71,InSAR,216106,224,--,6,--,EarthNets,1,volcanoes hephaestus,https://www.google.com/search?q=site%3Aeod-grss-ieee.com%2Fdataset-detail+%22Volcanoes+Hephaestus%22,EOD lookup
Object detection,NOAA Sea Lion Count,2017,96,RGB,950,"4,900",--,4,--,EarthNets,1,noaa sea lion count,https://www.google.com/search?q=site%3Aeod-grss-ieee.com%2Fdataset-detail+%22NOAA+Sea+Lion+Count%22,EOD lookup
Object detection,Aerial Maritime Drone,2020,0.038,RGB,508,800x600,--,5,--,EarthNets,1,aerial maritime drone,https://www.google.com/search?q=site%3Aeod-grss-ieee.com%2Fdataset-detail+%22Aerial+Maritime+Drone%22,EOD lookup
Object detection,SeaDronesSee,2022,60.3,RGB,5630,"3,840∼5,456",--,6,--,EarthNets,1,seadronessee,https://www.google.com/search?q=site%3Aeod-grss-ieee.com%2Fdataset-detail+%22SeaDronesSee%22,EOD lookup
Object detection,Search/Rescue Search And Rescue,2021,--,RGB,2552,1000,0.5m,1,--,EarthNets,1,search and rescue,https://www.google.com/search?q=site%3Aeod-grss-ieee.com%2Fdataset-detail+%22Search%2FRescue+Search+And+Rescue%22,EOD lookup
Object detection,Kaggle Airbus Ship,2018,31.41,--,192556,768 2,1.5m,--,--,EarthNets,1,kaggle airbus ship,https://www.google.com/search?q=site%3Aeod-grss-ieee.com%2Fdataset-detail+%22Kaggle+Airbus+Ship%22,EOD lookup
Object detection,Ships in Google Earth,2018,2,RGB,794,2000,--,2,--,EarthNets,1,ships in google earth,https://www.google.com/search?q=site%3Aeod-grss-ieee.com%2Fdataset-detail+%22Ships+in+Google+Earth%22,EOD lookup
Object detection,CASIA-Ship,2021,--,RGB,"1,118","1,680",--,2,--,EarthNets,1,casia ship,https://www.google.com/search?q=site%3Aeod-grss-ieee.com%2Fdataset-detail+%22CASIA-Ship%22,EOD lookup
Object detection,SODA-A,2022,--,RGB,2510,4761×2777,--,9,--,EarthNets,1,soda a,https://www.google.com/search?q=site%3Aeod-grss-ieee.com%2Fdataset-detail+%22SODA-A%22,EOD lookup
Object detection,HighD,2018,--,RGB,110000,4096x2160,--,2,--,EarthNets,1,highd,https://www.google.com/search?q=site%3Aeod-grss-ieee.com%2Fdataset-detail+%22HighD%22,EOD lookup
Object detection,Interaction Dataset,2019,--,RGB,"10,933",--,--,1,--,EarthNets,1,interaction dataset,https://www.google.com/search?q=site%3Aeod-grss-ieee.com%2Fdataset-detail+%22Interaction+Dataset%22,EOD lookup
Object detection,Intersection Drone,2020,--,RGB,"11,500",4096x2160,--,5,--,EarthNets,1,intersection drone,https://www.google.com/search?q=site%3Aeod-grss-ieee.com%2Fdataset-detail+%22Intersection+Drone%22,EOD lookup
Object detection,Roundabouts Drone,2020,--,RGB,"13,746",4096x2160,--,8,--,EarthNets,1,roundabouts drone,https://www.google.com/search?q=site%3Aeod-grss-ieee.com%2Fdataset-detail+%22Roundabouts+Drone%22,EOD lookup
Object detection,Tree NEON Tree Crowns,2020,27.4,RGB,"11,000",100 million trees,--,2,--,EarthNets,1,tree neon tree crowns,https://www.google.com/search?q=site%3Aeod-grss-ieee.com%2Fdataset-detail+%22Tree+NEON+Tree+Crowns%22,EOD lookup
Object detection,Oil Palm Plant,2019,0.5,RGB,"20,000",--,3m,2,--,EarthNets,1,oil palm plant,https://www.google.com/search?q=site%3Aeod-grss-ieee.com%2Fdataset-detail+%22Oil+Palm+Plant%22,EOD lookup
Object detection,Forest Damages,2021,3.3,RGB,1543,1500,UAV,5,--,EarthNets,1,damages,https://www.google.com/search?q=site%3Aeod-grss-ieee.com%2Fdataset-detail+%22Forest+Damages%22,EOD lookup
Object detection,OIRDS,2009,0.153,RGB,900,256∼640,0.15m,5,--,EarthNets,1,oirds,https://www.google.com/search?q=site%3Aeod-grss-ieee.com%2Fdataset-detail+%22OIRDS%22,EOD lookup
Object detection,UCAS_AOD,2014,3.24,RGB,976,"1,000",--,2,--,EarthNets,1,ucas aod,https://www.google.com/search?q=site%3Aeod-grss-ieee.com%2Fdataset-detail+%22UCAS_AOD%22,EOD lookup
Object detection,DLR3k/DLR-MVDA,2016,0.162,RGB,20,3744,0.13m,7,--,EarthNets,1,dlr3k dlr mvda,https://www.google.com/search?q=site%3Aeod-grss-ieee.com%2Fdataset-detail+%22DLR3k%2FDLR-MVDA%22,EOD lookup
Object detection,VisDrone2019-DET,2019,2,RGB,10209,2000x1500,UAV,10,--,EarthNets,1,visdrone2019 det,https://www.google.com/search?q=site%3Aeod-grss-ieee.com%2Fdataset-detail+%22VisDrone2019-DET%22,EOD lookup
Object detection,VisDrone2019-VID,2019,14,RGB,40000,3840x2160,UAV,5,--,EarthNets,1,visdrone2019 vid,https://www.google.com/search?q=site%3Aeod-grss-ieee.com%2Fdataset-detail+%22VisDrone2019-VID%22,EOD lookup
Object detection,VisDrone2019-SOT,2019,68,RGB Video,139300,3840x2160,UAV,3,--,EarthNets,1,visdrone2019 sot,https://www.google.com/search?q=site%3Aeod-grss-ieee.com%2Fdataset-detail+%22VisDrone2019-SOT%22,EOD lookup
Object detection,VisDrone2019-MOT,2019,14,RGB Video,40000,3840x2160,UAV,5,--,EarthNets,1,visdrone2019 mot,https://www.google.com/search?q=site%3Aeod-grss-ieee.com%2Fdataset-detail+%22VisDrone2019-MOT%22,EOD lookup
Object detection,Swimming pool/car,2019,0.12,RGB,3750,224,--,2,--,EarthNets,1,swimming pool car,https://www.google.com/search?q=site%3Aeod-grss-ieee.com%2Fdataset-detail+%22Swimming+pool%2Fcar%22,EOD lookup
Object detection,ArtifiVe-Potsdam,2021,15.6,MS,4800,600,0.05m,1,--,EarthNets,1,artifive potsdam,https://www.google.com/search?q=site%3Aeod-grss-ieee.com%2Fdataset-detail+%22ArtifiVe-Potsdam%22,EOD lookup
Semantic segmentation,Agricultural Crop Cover,2018,4.4,MS,40,--,30m,2,--,EarthNets,1,agricultural crop cover,https://www.google.com/search?q=site%3Aeod-grss-ieee.com%2Fdataset-detail+%22Agricultural+Crop+Cover%22,EOD lookup
Semantic segmentation,GF2 Dataset for 3DFGC,2019,0.056,RGB-NIR,11,"2,652",4m,5,--,EarthNets,1,gf2 dataset for 3dfgc,https://www.google.com/search?q=site%3Aeod-grss-ieee.com%2Fdataset-detail+%22GF2+Dataset+for+3DFGC%22,EOD lookup
Semantic segmentation,TimeSen2Crop,2020,1.1,Sentinel-2,1000000,10980,10m,16,--,EarthNets,1,timesen2crop,https://github.com/MarcCoru/crop-type-mapping,direct
Semantic segmentation,WHU-Hi-HongHu,2020,--,Hyperspectral,1,940x475,0.043m,22,--,EarthNets,1,whu hi honghu,https://www.google.com/search?q=site%3Aeod-grss-ieee.com%2Fdataset-detail+%22WHU-Hi-HongHu%22,EOD lookup
Semantic segmentation,EuroCrops,2021,8.6,Sentinel-2,"805,401",0.5 ha,10m,43,--,EarthNets,1,eurocrops,https://www.google.com/search?q=site%3Aeod-grss-ieee.com%2Fdataset-detail+%22EuroCrops%22,EOD lookup
Semantic segmentation,Arctic Arctic Sea Ice Image Masking,2021,0.092,RG-NIR,3392,357x306,10m,8,--,EarthNets,1,arctic sea ice image masking,https://www.google.com/search?q=site%3Aeod-grss-ieee.com%2Fdataset-detail+%22Arctic+Arctic+Sea+Ice+Image+Masking%22,EOD lookup
Semantic segmentation,Kaggle buildings segmentation,2020,0.899,RGB,6038,256,--,2,--,EarthNets,1,kaggle buildings segmentation,https://www.google.com/search?q=site%3Aeod-grss-ieee.com%2Fdataset-detail+%22Kaggle+buildings+segmentation%22,EOD lookup
Semantic segmentation,Open Cities AI Challenge,2020,81.5,RGB,"11,000","1,024",0.03∼0.2m,2,--,EarthNets,1,open cities ai challenge,https://www.google.com/search?q=site%3Aeod-grss-ieee.com%2Fdataset-detail+%22Open+Cities+AI+Challenge%22,EOD lookup
Semantic segmentation,Mini Inria Aerial Image Labeling Dataset,2021,--,RGB,"32,500",512,0.3m,2,--,EarthNets,1,mini inria aerial image labeling dataset,https://www.google.com/search?q=site%3Aeod-grss-ieee.com%2Fdataset-detail+%22Mini+Inria+Aerial+Image+Labeling+Dataset%22,EOD lookup
Semantic segmentation,AIS From Online Maps,2017,23.8,RGB,1671,3000,0.5m,2,--,EarthNets,1,ais from online maps,https://www.google.com/search?q=site%3Aeod-grss-ieee.com%2Fdataset-detail+%22AIS+From+Online+Maps%22,EOD lookup
Semantic segmentation,Biome: L8 Cloud Cover,2016,96,RGB,96,--,30m,4,--,EarthNets,1,biome l8 cloud cover,https://www.google.com/search?q=site%3Aeod-grss-ieee.com%2Fdataset-detail+%22Biome%3A+L8+Cloud+Cover%22,EOD lookup
Semantic segmentation,HRC_WHU,2019,3.56,RGB,150,1280x720 2 RGB 0.5∼15m 0.17 WHU Cloud Dataset[235] 2020 859 512,30m,2,--,EarthNets,1,hrc whu,https://www.google.com/search?q=site%3Aeod-grss-ieee.com%2Fdataset-detail+%22HRC_WHU%22,EOD lookup
Semantic segmentation,The Azavea Cloud Dataset,2021,--,Sentinel-2,32,--,10m∼60m,2,--,EarthNets,1,the azavea cloud dataset,https://www.google.com/search?q=site%3Aeod-grss-ieee.com%2Fdataset-detail+%22The+Azavea+Cloud+Dataset%22,EOD lookup
Semantic segmentation,Sentinel-2 Cloud Cover,2022,51.2,MS,22728,--,10m∼60m,2,--,EarthNets,1,sentinel 2 cloud cover,https://www.google.com/search?q=site%3Aeod-grss-ieee.com%2Fdataset-detail+%22Sentinel-2+Cloud+Cover%22,EOD lookup
Semantic segmentation,Kaggle aerial segmentation,2020,0.033,RGB,72,800,--,6,--,EarthNets,1,kaggle aerial segmentation,https://www.google.com/search?q=site%3Aeod-grss-ieee.com%2Fdataset-detail+%22Kaggle+aerial+segmentation%22,EOD lookup
Semantic segmentation,AIR-PolSAR-Seg,2022,0.609,SAR,2000,512,8m,6,--,EarthNets,1,air polsar seg,https://www.google.com/search?q=site%3Aeod-grss-ieee.com%2Fdataset-detail+%22AIR-PolSAR-Seg%22,EOD lookup
Semantic segmentation,DFC2015 Zeebruges,2015,0.0024,"RGB,DSM,LiDAR",7,"100,000",0.05m,8,--,EarthNets,1,dfc2015 zeebruges,https://www.google.com/search?q=site%3Aeod-grss-ieee.com%2Fdataset-detail+%22DFC2015+Zeebruges%22,EOD lookup
Semantic segmentation,Urban Drone Dataset (UDD),2018,1.1,RGB,301,"4,096",UAV,6,--,EarthNets,1,urban drone dataset,https://www.google.com/search?q=site%3Aeod-grss-ieee.com%2Fdataset-detail+%22Urban+Drone+Dataset+%28UDD%29%22,EOD lookup
Semantic segmentation,Semantic Drone Dataset-SemSeg,2019,3.91,RGB,400,5000,--,20,--,EarthNets,1,semantic drone dataset semseg,https://www.google.com/search?q=site%3Aeod-grss-ieee.com%2Fdataset-detail+%22Semantic+Drone+Dataset-SemSeg%22,EOD lookup
Semantic segmentation,DroneDeploy,2019,--,RGB,55,"6,000",0.1m,7,--,EarthNets,1,dronedeploy,https://www.google.com/search?q=site%3Aeod-grss-ieee.com%2Fdataset-detail+%22DroneDeploy%22,EOD lookup
Semantic segmentation,HyRANK,2018,0.4,Hyperspectral,5,"1,000",30m,14,--,EarthNets,1,hyrank,https://www.google.com/search?q=site%3Aeod-grss-ieee.com%2Fdataset-detail+%22HyRANK%22,EOD lookup
Semantic segmentation,WHDLD,2018,0.102,RGB,4940,256,2m,6,--,EarthNets,1,whdld,https://www.google.com/search?q=site%3Aeod-grss-ieee.com%2Fdataset-detail+%22WHDLD%22,EOD lookup
Semantic segmentation,BDCI2020,2020,1.3,RGB,"145,981",256,2m,7,--,EarthNets,1,bdci2020,https://www.google.com/search?q=site%3Aeod-grss-ieee.com%2Fdataset-detail+%22BDCI2020%22,EOD lookup
Semantic segmentation,Luojia-HSSR,2023,--,RGB,6438,256,0.75m,23,--,EarthNets,1,luojia hssr,https://www.google.com/search?q=site%3Aeod-grss-ieee.com%2Fdataset-detail+%22Luojia-HSSR%22,EOD lookup
Semantic segmentation,TimeSpec4LULC,2022,60,"MS,MT",--,262 months,500m,29,--,EarthNets,1,timespec4lulc,https://www.google.com/search?q=site%3Aeod-grss-ieee.com%2Fdataset-detail+%22TimeSpec4LULC%22,EOD lookup
Semantic segmentation,Five-Billion-Pixels,2022,104,"RGB,MS",150,7200×6800,4m,24,--,EarthNets,1,five billion pixels,https://www.google.com/search?q=site%3Aeod-grss-ieee.com%2Fdataset-detail+%22Five-Billion-Pixels%22,EOD lookup
Semantic segmentation,GAMUS,2023,48,"RGB,nDSM",9340,1024,0.33m,6,--,EarthNets,1,gamus,https://www.google.com/search?q=site%3Aeod-grss-ieee.com%2Fdataset-detail+%22GAMUS%22,EOD lookup
Semantic segmentation,WHU-OHS,2022,94.9,Hyperspectral,7795,512,10m,24,--,EarthNets,1,whu ohs,https://www.google.com/search?q=site%3Aeod-grss-ieee.com%2Fdataset-detail+%22WHU-OHS%22,EOD lookup
Semantic segmentation,Parking APKLOT,2020,3,RGB,501,--,--,2,--,EarthNets,1,apklot,https://www.google.com/search?q=site%3Aeod-grss-ieee.com%2Fdataset-detail+%22Parking+APKLOT%22,EOD lookup
Semantic segmentation,Power TTPL,2020,4.2,RGB,1100,3840,UAV,3,--,EarthNets,1,ttpl,https://www.google.com/search?q=site%3Aeod-grss-ieee.com%2Fdataset-detail+%22Power+TTPL%22,EOD lookup
Semantic segmentation,ERM PAIW,2015,0.635,RGB,41,4000,0.3m,2,--,EarthNets,1,erm paiw,https://www.google.com/search?q=site%3Aeod-grss-ieee.com%2Fdataset-detail+%22ERM+PAIW%22,EOD lookup
Semantic segmentation,HD-Maps,2016,0.146,RGB,20,4000,0.3m,5,--,EarthNets,1,hd maps,https://www.google.com/search?q=site%3Aeod-grss-ieee.com%2Fdataset-detail+%22HD-Maps%22,EOD lookup
Semantic segmentation,RoadNet,2018,0.905,RGB,20,--,0.21m,2,--,EarthNets,1,roadnet,https://www.google.com/search?q=site%3Aeod-grss-ieee.com%2Fdataset-detail+%22RoadNet%22,EOD lookup
Semantic segmentation,Microsoft RoadDetections,2022,9.25,RGB,20000,1088,1m,1,--,EarthNets,1,microsoft roaddetections,https://www.google.com/search?q=site%3Aeod-grss-ieee.com%2Fdataset-detail+%22Microsoft+RoadDetections%22,EOD lookup
Semantic segmentation,Open AI Challenge: Caribbean,2019,--,RGB,7,"52,318",0.04m,5,--,EarthNets,1,open ai challenge caribbean,https://www.google.com/search?q=site%3Aeod-grss-ieee.com%2Fdataset-detail+%22Open+AI+Challenge%3A+Caribbean%22,EOD lookup
Semantic segmentation,RID,2022,1.5,RGB,2000,--,0.1m,16,--,EarthNets,1,rid,https://www.google.com/search?q=site%3Aeod-grss-ieee.com%2Fdataset-detail+%22RID%22,EOD lookup
Semantic segmentation,Salient Objects ORSSD,2019,0.026,RGB,800,500,--,8,--,EarthNets,1,orssd,https://www.google.com/search?q=site%3Aeod-grss-ieee.com%2Fdataset-detail+%22Salient+Objects+ORSSD%22,EOD lookup
Semantic segmentation,EORSSD,2020,0.06,RGB,"2,000",500,--,2,--,EarthNets,1,eorssd,https://www.google.com/search?q=site%3Aeod-grss-ieee.com%2Fdataset-detail+%22EORSSD%22,EOD lookup
Semantic segmentation,Water Body Kaggle Water Bodies,2020,0.28,RGB,2841,1000,--,2,--,EarthNets,1,kaggle water bodies,https://www.google.com/search?q=site%3Aeod-grss-ieee.com%2Fdataset-detail+%22Water+Body+Kaggle+Water+Bodies%22,EOD lookup
Change detection,3D URB3DCD,2021,1.5,--,50,/ 2 PointCloud,pm,0.5,--,EarthNets,1,urb3dcd,https://www.google.com/search?q=site%3Aeod-grss-ieee.com%2Fdataset-detail+%223D+URB3DCD%22,EOD lookup
Change detection,AIST Building Change Detection,2017,17.77,RGB,16950,160,0.4m,2,--,EarthNets,1,aist building change detection,https://www.google.com/search?q=site%3Aeod-grss-ieee.com%2Fdataset-detail+%22AIST+Building+Change+Detection%22,EOD lookup
Change detection,WHU Building change detection,2018,5,RGB,2,15354×32507,0.075m,2,--,EarthNets,1,whu building change detection,https://www.google.com/search?q=site%3Aeod-grss-ieee.com%2Fdataset-detail+%22WHU+Building+change+detection%22,EOD lookup
Change detection,CropLand CropLand Change Dection (CLCD),2022,0.5,RGB 0.5∼2,600,512,m,2,--,EarthNets,1,cropland change dection,https://www.google.com/search?q=site%3Aeod-grss-ieee.com%2Fdataset-detail+%22CropLand+CropLand+Change+Dection+%28CLCD%29%22,EOD lookup
Change detection,Flood California flood dataset,2019,0.33,"RGB,MS",1,1534×808,"5m,30m",2,--,EarthNets,1,california flood dataset,https://www.google.com/search?q=site%3Aeod-grss-ieee.com%2Fdataset-detail+%22Flood+California+flood+dataset%22,EOD lookup
Change detection,Cross-sensor Bastrop,2015,--,MS,4,"444x300,1534x808","30m,120m",2,--,EarthNets,1,cross sensor bastrop,https://www.google.com/search?q=site%3Aeod-grss-ieee.com%2Fdataset-detail+%22Cross-sensor+Bastrop%22,EOD lookup
Change detection,GETNET dataset,2018,0.05,Hyperspectral,1,463x241,30m,2,--,EarthNets,1,getnet dataset,https://www.google.com/search?q=site%3Aeod-grss-ieee.com%2Fdataset-detail+%22GETNET+dataset%22,EOD lookup
Change detection,Onera Satellite CD,2018,0.48,Sentinel-2,24,600,10m,2,--,EarthNets,1,onera satellite cd,https://rcdaudt.github.io/oscd/,direct
Change detection,CDD (season-varying),2018,2.7,RGB,16000,256,0.03∼0.1m,2,--,EarthNets,1,cdd,https://www.google.com/search?q=site%3Aeod-grss-ieee.com%2Fdataset-detail+%22CDD+%28season-varying%29%22,EOD lookup
Change detection,Hyperspectral CD,2018,1.7,Hyperspectral,3,"984x740,600x500,390x200",30m,5,--,EarthNets,1,hyperspectral cd,https://www.google.com/search?q=site%3Aeod-grss-ieee.com%2Fdataset-detail+%22Hyperspectral+CD%22,EOD lookup
Change detection,Zhang et al. CD dataset,2020,0.1,"RGB,NIR",4,"1431×1431,458×559,1154×740","2m,2.4m,5.8m",2,--,EarthNets,1,zhang et al cd dataset,https://www.google.com/search?q=site%3Aeod-grss-ieee.com%2Fdataset-detail+%22Zhang+et+al.+CD+dataset%22,EOD lookup
Change detection,Hermiston City Oregon,2018,--,Hyperspectral,1,390x200,30m,5,--,EarthNets,1,hermiston city oregon,https://www.google.com/search?q=site%3Aeod-grss-ieee.com%2Fdataset-detail+%22Hermiston+City+Oregon%22,EOD lookup
Change detection,Google Data Set,2020,0.6,RGB,19,1000∼5000,0.55m,2,--,EarthNets,1,google data set,https://www.google.com/search?q=site%3Aeod-grss-ieee.com%2Fdataset-detail+%22Google+Data+Set%22,EOD lookup
Change detection,Relative Radiometric Normalization,2021,1,MS,7,300∼5000,"0.31m,0.4m,10m,20m,30m,60m",2,--,EarthNets,1,relative radiometric normalization,https://www.google.com/search?q=site%3Aeod-grss-ieee.com%2Fdataset-detail+%22Relative+Radiometric+Normalization%22,EOD lookup
Change detection,HTCD,2021,1.74,"RGB 0.5971m,",2,"11 K×15 K,1.38 M×1.04 M",0.074m,2,--,EarthNets,1,htcd,https://www.google.com/search?q=site%3Aeod-grss-ieee.com%2Fdataset-detail+%22HTCD%22,EOD lookup
Change detection,WH-MAVS,2021,--,RGB,"47,134",200,1.2m,15,--,EarthNets,1,wh mavs,https://www.google.com/search?q=site%3Aeod-grss-ieee.com%2Fdataset-detail+%22WH-MAVS%22,EOD lookup
Change detection,S2MTCP,2021,10.6,MS,1520,600,10m,--,--,EarthNets,1,s2mtcp,https://www.google.com/search?q=site%3Aeod-grss-ieee.com%2Fdataset-detail+%22S2MTCP%22,EOD lookup
Change detection,RapidAI4EO,2021,--,"MS,RGB","500,000",--,"3m,10m",44,--,EarthNets,1,rapidai4eo,https://www.google.com/search?q=site%3Aeod-grss-ieee.com%2Fdataset-detail+%22RapidAI4EO%22,EOD lookup
Change detection,Dynamic EarthNet Challenge,2021,--,RGB,22500,1024,3m,7,--,EarthNets,1,dynamic earthnet challenge,https://www.google.com/search?q=site%3Aeod-grss-ieee.com%2Fdataset-detail+%22Dynamic+EarthNet+Challenge%22,EOD lookup
Change detection,MSBC,2022,3.9,"RGB,SAR,MS","3,769",256,2m,2,--,EarthNets,1,msbc,https://www.google.com/search?q=site%3Aeod-grss-ieee.com%2Fdataset-detail+%22MSBC%22,EOD lookup
Change detection,Dynamic World,2022,--,Sentinel-2,--,--,10m,9,--,EarthNets,1,dynamic world,https://www.google.com/search?q=site%3Aeod-grss-ieee.com%2Fdataset-detail+%22Dynamic+World%22,EOD lookup
Change detection,MSOSCD,2022,2.7,"RGB,SAR,MS","5,107",256,10∼60m,2,--,EarthNets,1,msoscd,https://www.google.com/search?q=site%3Aeod-grss-ieee.com%2Fdataset-detail+%22MSOSCD%22,EOD lookup
Change detection,BANDON,2023,3.4,RGB,2283,2048×2048,0.6m,2,--,EarthNets,1,bandon,https://www.google.com/search?q=site%3Aeod-grss-ieee.com%2Fdataset-detail+%22BANDON%22,EOD lookup
Action event,Okutama-Action,2017,25.9,RGB,77000,3840x2160,UAV@10-45m,12,--,EarthNets Table 5,2,okutama action,https://www.google.com/search?q=site%3Aeod-grss-ieee.com%2Fdataset-detail+%22Okutama-Action%22,EOD lookup
Agriculture,Paddy Rice Maps South Korea,2022,0.198,Sentinel-1,12942,256,10m,--,--,EarthNets Table 5,2,paddy rice maps south korea,https://www.google.com/search?q=site%3Aeod-grss-ieee.com%2Fdataset-detail+%22Paddy+Rice+Maps+South+Korea%22,EOD lookup
Agriculture,Paddy Rice Labeling South Korea,2022,0.0016,Sentinel-2,--,--,--,--,--,EarthNets Table 5,2,paddy rice labeling south korea,https://www.google.com/search?q=site%3Aeod-grss-ieee.com%2Fdataset-detail+%22Paddy+Rice+Labeling+South+Korea%22,EOD lookup
Air quality,Air Quality e-Reporting,2021,--,--,--,--,--,--,--,EarthNets Table 5,2,air quality e reporting,https://www.google.com/search?q=site%3Aeod-grss-ieee.com%2Fdataset-detail+%22Air+Quality+e-Reporting%22,EOD lookup
Anomaly detection,Aerial Anomaly Detection,2022,0,RGB,--,--,UAV,2,--,EarthNets Table 5,2,aerial anomaly detection,https://www.google.com/search?q=site%3Aeod-grss-ieee.com%2Fdataset-detail+%22Aerial+Anomaly+Detection%22,EOD lookup
Building,Urban 3D Challenge,2017,--,RGB,157000,--,0.5m,2,--,EarthNets Table 5,2,urban 3d challenge,https://www.google.com/search?q=site%3Aeod-grss-ieee.com%2Fdataset-detail+%22Urban+3D+Challenge%22,EOD lookup
Chronology,Draper Satellite Image Chronology,2016,36,RGB,1000,3100x2329,--,--,--,EarthNets Table 5,2,draper satellite image chronology,https://www.google.com/search?q=site%3Aeod-grss-ieee.com%2Fdataset-detail+%22Draper+Satellite+Image+Chronology%22,EOD lookup
Dehazing,SateHaze1k,2017,1.2,RGB,1200,512,3m,--,--,EarthNets Table 5,2,satehaze1k,https://www.google.com/search?q=site%3Aeod-grss-ieee.com%2Fdataset-detail+%22SateHaze1k%22,EOD lookup
Forest,Forest Canopy Height,2018,62.9,LiDAR,1105,--,1m,--,--,EarthNets Table 5,2,canopy height,https://www.google.com/search?q=site%3Aeod-grss-ieee.com%2Fdataset-detail+%22Forest+Canopy+Height%22,EOD lookup
Self-supervised pretraining,SeCo,2021,43.6,Sentinel-2,24000x5,264,10m,--,--,EarthNets Table 5,2,seco,https://www.google.com/search?q=site%3Aeod-grss-ieee.com%2Fdataset-detail+%22SeCo%22,EOD lookup
Geo-localization,CVUSA,2017,15.7,RGB,44416,750x750,0.3m,0,--,EarthNets Table 5,2,cvusa,https://www.google.com/search?q=site%3Aeod-grss-ieee.com%2Fdataset-detail+%22CVUSA%22,EOD lookup
Geo-localization,University-1652,2020,--,RGB,146580,--,--,--,--,EarthNets Table 5,2,university 1652,https://www.google.com/search?q=site%3Aeod-grss-ieee.com%2Fdataset-detail+%22University-1652%22,EOD lookup
Geo-localization,UCF Cross View Dataset,2017,59.5,RGB,35404,1200x1200,--,0,--,EarthNets Table 5,2,ucf cross view dataset,https://www.google.com/search?q=site%3Aeod-grss-ieee.com%2Fdataset-detail+%22UCF+Cross+View+Dataset%22,EOD lookup
Geo-localization,CVACT,2019,152.8,RGB,128334,1200x1200,0.5m,0,--,EarthNets Table 5,2,cvact,https://www.google.com/search?q=site%3Aeod-grss-ieee.com%2Fdataset-detail+%22CVACT%22,EOD lookup
Geo-localization,VIGOR,2021,94.2,RGB,90618,640x640,0.114m,0,--,EarthNets Table 5,2,vigor,https://www.google.com/search?q=site%3Aeod-grss-ieee.com%2Fdataset-detail+%22VIGOR%22,EOD lookup
Geophysical,TenGeoP-SARwv,2019,31.7,SAR,37000,--,5m,10,--,EarthNets Table 5,2,tengeop sarwv,https://www.google.com/search?q=site%3Aeod-grss-ieee.com%2Fdataset-detail+%22TenGeoP-SARwv%22,EOD lookup
Image captioning,UCM caption,2016,0.255,RGB,2100,256,0.3m,21,--,EarthNets Table 5,2,ucm caption,https://www.google.com/search?q=site%3Aeod-grss-ieee.com%2Fdataset-detail+%22UCM+caption%22,EOD lookup
Image captioning,Sydney caption,2016,0.298,RGB,613,500,0.5m,7,--,EarthNets Table 5,2,sydney caption,https://www.google.com/search?q=site%3Aeod-grss-ieee.com%2Fdataset-detail+%22Sydney+caption%22,EOD lookup
Image captioning,LEVIR-CC,2022,--,RGB,10077,512,--,--,--,EarthNets Table 5,2,levir cc,https://www.google.com/search?q=site%3Aeod-grss-ieee.com%2Fdataset-detail+%22LEVIR-CC%22,EOD lookup
Image matching,EuroSDR Image Matching,2014,--,RGB,--,--,6-13m,--,--,EarthNets Table 5,2,eurosdr image matching,https://www.google.com/search?q=site%3Aeod-grss-ieee.com%2Fdataset-detail+%22EuroSDR+Image+Matching%22,EOD lookup
Image registration,Dataset of thermal and visible,2019,0.31,"RGB, Thermal",110,"336, 4000",--,0,--,EarthNets Table 5,2,dataset of thermal and visible,https://www.google.com/search?q=site%3Aeod-grss-ieee.com%2Fdataset-detail+%22Dataset+of+thermal+and+visible%22,EOD lookup
Image translation,Aerial to Map (Pixel2Pixel),2017,0.239,RGB,2194,600,--,--,--,EarthNets Table 5,2,aerial to map,https://www.google.com/search?q=site%3Aeod-grss-ieee.com%2Fdataset-detail+%22Aerial+to+Map+%28Pixel2Pixel%29%22,EOD lookup
Image translation,WHU-SEN-City,2019,4.3,"Sentinel-1, Sentinel-2",18542,256,10m,--,--,EarthNets Table 5,2,whu sen city,https://www.google.com/search?q=site%3Aeod-grss-ieee.com%2Fdataset-detail+%22WHU-SEN-City%22,EOD lookup
Multiview 3D,The IARPA Multi-View Stereo 3D,2017,75,"MS, LiDAR",--,--,0.3m,--,--,EarthNets Table 5,2,the iarpa multi view stereo 3d,https://www.google.com/search?q=site%3Aeod-grss-ieee.com%2Fdataset-detail+%22The+IARPA+Multi-View+Stereo+3D%22,EOD lookup
Multiview 3D,WHU MVS/Stereo Dataset,2020,95.7,RGB,1776,5376,0.1m,--,--,EarthNets Table 5,2,whu mvs stereo dataset,https://www.google.com/search?q=site%3Aeod-grss-ieee.com%2Fdataset-detail+%22WHU+MVS%2FStereo+Dataset%22,EOD lookup
Multiview 3D,WHU TCL SatMVS,2021,29,Panchromatic,300,5120,2.1-2.5m,--,--,EarthNets Table 5,2,whu tcl satmvs,https://www.google.com/search?q=site%3Aeod-grss-ieee.com%2Fdataset-detail+%22WHU+TCL+SatMVS%22,EOD lookup
Multiview 3D,WHU Multi-View Dataset,2020,12.3,RGB,28400,768,0.1m,--,--,EarthNets Table 5,2,whu multi view dataset,https://www.google.com/search?q=site%3Aeod-grss-ieee.com%2Fdataset-detail+%22WHU+Multi-View+Dataset%22,EOD lookup
Multiview 3D,WHU Stereo Dataset,2020,8.4,RGB,21868,768,0.1m,--,--,EarthNets Table 5,2,whu stereo dataset,https://www.google.com/search?q=site%3Aeod-grss-ieee.com%2Fdataset-detail+%22WHU+Stereo+Dataset%22,EOD lookup
Plant/tree,Cactus Aerial Photos,2018,0.053,RGB,24000,32,--,2,--,EarthNets Table 5,2,cactus aerial photos,https://www.google.com/search?q=site%3Aeod-grss-ieee.com%2Fdataset-detail+%22Cactus+Aerial+Photos%22,EOD lookup
Plant/tree,Urban Tree Detection Data,2020,0.114,RGB-NIR,60,256,0.6m,2,--,EarthNets Table 5,2,urban tree detection data,https://www.google.com/search?q=site%3Aeod-grss-ieee.com%2Fdataset-detail+%22Urban+Tree+Detection+Data%22,EOD lookup
Population,So2Sat Population,2022,--,"DEM, Sentinel-2",--,--,10m,--,--,EarthNets Table 5,2,so2sat population,https://www.google.com/search?q=site%3Aeod-grss-ieee.com%2Fdataset-detail+%22So2Sat+Population%22,EOD lookup
Poverty,Poverty in Africa,2020,5.58,RGB,32823,256,--,--,--,EarthNets Table 5,2,poverty in africa,https://www.google.com/search?q=site%3Aeod-grss-ieee.com%2Fdataset-detail+%22Poverty+in+Africa%22,EOD lookup
VQA,RSIVQA,2021,29.5,RGB,37264,256-4000,0.1-8m,864,--,EarthNets Table 5,2,rsivqa,https://www.google.com/search?q=site%3Aeod-grss-ieee.com%2Fdataset-detail+%22RSIVQA%22,EOD lookup
Soil parameter,Hyperview Challenge,2022,1.85,Hyperspectral,2886,11-250,2m,--,--,EarthNets Table 5,2,hyperview challenge,https://www.google.com/search?q=site%3Aeod-grss-ieee.com%2Fdataset-detail+%22Hyperview+Challenge%22,EOD lookup
Super-resolution,The WorldStrat,2022,109.5,"MS, Sentinel-2, RGB",3449,1054,1.5-60m,8,--,EarthNets Table 5,2,the worldstrat,https://doi.org/10.5281/zenodo.6810792,direct
Super-resolution,SEN2VENmuS,2022,87,"Sentinel-1, Sentinel-2",132955,256,10-20m,--,--,EarthNets Table 5,2,sen2venmus,https://doi.org/10.5281/zenodo.6514159,direct
Urban 3D point cloud,CORE3D,2018,--,"Panchromatic, MS, PointCloud",--,--,--,--,--,EarthNets Table 5,2,core3d,https://www.google.com/search?q=site%3Aeod-grss-ieee.com%2Fdataset-detail+%22CORE3D%22,EOD lookup
Urban 3D point cloud,benchmark_ISPRS2021,2021,3.22,RGB,20,1024,0.08m,--,--,EarthNets Table 5,2,benchmark isprs2021,https://www.google.com/search?q=site%3Aeod-grss-ieee.com%2Fdataset-detail+%22benchmark_ISPRS2021%22,EOD lookup
Urban 3D point cloud,SemanticKITTI,2019,80.2,PointCloud,4549M,39.2 km2,--,25,--,EarthNets Table 5,2,semantickitti,https://www.google.com/search?q=site%3Aeod-grss-ieee.com%2Fdataset-detail+%22SemanticKITTI%22,EOD lookup
Urban 3D point cloud,Toronto3D,2020,1.1,PointCloud,78.3M,1.0 km2,--,8,--,EarthNets Table 5,2,toronto3d,https://www.google.com/search?q=site%3Aeod-grss-ieee.com%2Fdataset-detail+%22Toronto3D%22,EOD lookup
Urban 3D point cloud,Swiss3DCities,2020,--,PointCloud,226M,2.7 km2,--,5,--,EarthNets Table 5,2,swiss3dcities,https://www.google.com/search?q=site%3Aeod-grss-ieee.com%2Fdataset-detail+%22Swiss3DCities%22,EOD lookup
Urban 3D point cloud,DALES,2020,--,PointCloud,505.3M,10.0 km2,--,8,--,EarthNets Table 5,2,dales,https://www.google.com/search?q=site%3Aeod-grss-ieee.com%2Fdataset-detail+%22DALES%22,EOD lookup
Urban 3D point cloud,LASDU,2020,--,PointCloud,3.12M,1.02 km2,Aircraft @ 1200m,5,--,EarthNets Table 5,2,lasdu,https://www.google.com/search?q=site%3Aeod-grss-ieee.com%2Fdataset-detail+%22LASDU%22,EOD lookup
Urban 3D point cloud,Campus3D,2020,--,PointCloud,937.1M,1.58 km2,UAV,14,--,EarthNets Table 5,2,campus3d,https://www.google.com/search?q=site%3Aeod-grss-ieee.com%2Fdataset-detail+%22Campus3D%22,EOD lookup
Urban 3D point cloud,SensatUrban,2020,20.6,PointCloud,2847.1M,6 km2,UAV,13,--,EarthNets Table 5,2,sensaturban,https://www.google.com/search?q=site%3Aeod-grss-ieee.com%2Fdataset-detail+%22SensatUrban%22,EOD lookup
Urban 3D point cloud,Heisenheim3D,2021,58.8,PointCloud,125.7M,0.19 km2,--,11,--,EarthNets Table 5,2,heisenheim3d,https://www.google.com/search?q=site%3Aeod-grss-ieee.com%2Fdataset-detail+%22Heisenheim3D%22,EOD lookup
Urban 3D point cloud,SUM-Helsinki,2021,8.35,Mesh,19M,4 km2,0.075m,6,--,EarthNets Table 5,2,sum helsinki,https://www.google.com/search?q=site%3Aeod-grss-ieee.com%2Fdataset-detail+%22SUM-Helsinki%22,EOD lookup
Urban 3D point cloud,Oakland 3-D PointCloud,2009,0.033,PointCloud,1.6M,1.5 km,--,5,--,EarthNets Table 5,2,oakland 3 d pointcloud,https://www.google.com/search?q=site%3Aeod-grss-ieee.com%2Fdataset-detail+%22Oakland+3-D+PointCloud%22,EOD lookup
Urban 3D point cloud,District of Columbia LiDAR 2015,2015,34.4,PointCloud,--,--,--,8,--,EarthNets Table 5,2,district of columbia lidar 2015,https://www.google.com/search?q=site%3Aeod-grss-ieee.com%2Fdataset-detail+%22District+of+Columbia+LiDAR+2015%22,EOD lookup
Urban 3D point cloud,Semantic3D.net,2017,24.5,PointCloud,4000M,--,--,8,--,EarthNets Table 5,2,semantic3d net,https://www.google.com/search?q=site%3Aeod-grss-ieee.com%2Fdataset-detail+%22Semantic3D.net%22,EOD lookup
Urban 3D point cloud,District of Columbia LiDAR 2018,2018,279.8,PointCloud,--,--,--,11,--,EarthNets Table 5,2,district of columbia lidar 2018,https://www.google.com/search?q=site%3Aeod-grss-ieee.com%2Fdataset-detail+%22District+of+Columbia+LiDAR+2018%22,EOD lookup
Urban 3D point cloud,Paris-Lille-3D,2017,19.9,PointCloud,143M,1.94 km2,--,50,--,EarthNets Table 5,2,paris lille 3d,https://www.google.com/search?q=site%3Aeod-grss-ieee.com%2Fdataset-detail+%22Paris-Lille-3D%22,EOD lookup
Urban 3D point cloud,DublinCity,2019,166.8,PointCloud,260M,2.0 km2,--,13,--,EarthNets Table 5,2,dublincity,https://www.google.com/search?q=site%3Aeod-grss-ieee.com%2Fdataset-detail+%22DublinCity%22,EOD lookup
Urban 3D point cloud,Paris-rue-Madame,2014,--,PointCloud,20M,1 km,--,26,--,EarthNets Table 5,2,paris rue madame,https://www.google.com/search?q=site%3Aeod-grss-ieee.com%2Fdataset-detail+%22Paris-rue-Madame%22,EOD lookup
Vehicles,AM3D-Real,2022,--,"RGB, PointCloud",1012,720x480,0.25m,2,--,EarthNets Table 5,2,am3d real,https://www.google.com/search?q=site%3Aeod-grss-ieee.com%2Fdataset-detail+%22AM3D-Real%22,EOD lookup
VQA; change detection,CDVQA,2022,--,RGB,2968,512,0.5-3m,19,--,EarthNets Table 5,2,cdvqa,https://www.google.com/search?q=site%3Aeod-grss-ieee.com%2Fdataset-detail+%22CDVQA%22,EOD lookup
Water body,Forel-Ule Index global inland waters,2021,0.004,MS,--,--,500m,--,--,EarthNets Table 5,2,forel ule index global inland waters,https://www.google.com/search?q=site%3Aeod-grss-ieee.com%2Fdataset-detail+%22Forel-Ule+Index+global+inland+waters%22,EOD lookup
Weather,Historical Hourly Weather,2017,0.075,Weather attributes,--,--,--,--,--,EarthNets Table 5,2,historical hourly weather,https://www.google.com/search?q=site%3Aeod-grss-ieee.com%2Fdataset-detail+%22Historical+Hourly+Weather%22,EOD lookup
Weather,DeepWeather,2020,2965,Weather attributes,20,--,--,9,--,EarthNets Table 5,2,deepweather,https://www.google.com/search?q=site%3Aeod-grss-ieee.com%2Fdataset-detail+%22DeepWeather%22,EOD lookup
Weather,ClimateNet,2020,28,NC variables,459,"16 (768,1152)",--,9,--,EarthNets Table 5,2,climatenet,https://www.google.com/search?q=site%3Aeod-grss-ieee.com%2Fdataset-detail+%22ClimateNet%22,EOD lookup
Climate,Earth Surface Temperature,2017,0.09,Climate variables,16,--,--,--,--,EarthNets Table 5,2,earth surface temperature,https://www.google.com/search?q=site%3Aeod-grss-ieee.com%2Fdataset-detail+%22Earth+Surface+Temperature%22,EOD lookup
Climate,Greenhouse Gas,2017,0.0001,Gas emission,--,--,--,--,--,EarthNets Table 5,2,greenhouse gas,https://www.google.com/search?q=site%3Aeod-grss-ieee.com%2Fdataset-detail+%22Greenhouse+Gas%22,EOD lookup
Change detection,Abenberg ALS,2013,0.258,ALS,5400000,--,16 pts/m2,--,"Abenberg, Germany",EOD point cloud,0,abenberg als,https://www.google.com/search?q=site%3Aeod-grss-ieee.com%2Fdataset-detail+%22Abenberg+ALS%22,EOD lookup
Classification,NEWFOR,2015,0.097,ALS,--,--,varies,4,Multiple Locations,EOD point cloud,0,newfor,https://www.google.com/search?q=site%3Aeod-grss-ieee.com%2Fdataset-detail+%22NEWFOR%22,EOD lookup
Classification,ISPRS 3D Vaihingen,2014,--,ALS,780879,--,8 pts/m2,9,"Vaihingen, Germany",EOD point cloud,0,isprs 3d vaihingen,https://www.google.com/search?q=site%3Aeod-grss-ieee.com%2Fdataset-detail+%22ISPRS+3D+Vaihingen%22,EOD lookup
Classification,ArCH,2020,--,Multiple,136138423,--,varies,10,Multiple Locations,EOD point cloud,0,arch,https://www.google.com/search?q=site%3Aeod-grss-ieee.com%2Fdataset-detail+%22ArCH%22,EOD lookup
Filtering,OpenGF,2021,2.28,ALS,542100000,--,6 and 14 pts/m2,3,Multiple Locations,EOD point cloud,0,opengf,https://www.google.com/search?q=site%3Aeod-grss-ieee.com%2Fdataset-detail+%22OpenGF%22,EOD lookup
Object detection; semantic segmentation,LiSurveying,2021,--,TLS,2450000000,--,varies,54,"British Columbia, Canada",EOD point cloud,0,lisurveying,https://www.google.com/search?q=site%3Aeod-grss-ieee.com%2Fdataset-detail+%22LiSurveying%22,EOD lookup
Other,RoofN3D,2018,--,ALS,118100,--,4.72 pts/m2,3,"New York, USA",EOD point cloud,0,roofn3d,https://www.google.com/search?q=site%3Aeod-grss-ieee.com%2Fdataset-detail+%22RoofN3D%22,EOD lookup
Semantic segmentation,DALES Object,2021,5,ALS,492000000,--,50 pts/m2,8,"Surrey, British Columbia, Canada",EOD point cloud,0,dales object,https://www.google.com/search?q=site%3Aeod-grss-ieee.com%2Fdataset-detail+%22DALES+Object%22,EOD lookup
Semantic segmentation,Hessigheim 3D,2021,5.95,Drone,73909354,--,800 pts/m2,11,"Hessigheim, Germany",EOD point cloud,0,hessigheim 3d,https://www.google.com/search?q=site%3Aeod-grss-ieee.com%2Fdataset-detail+%22Hessigheim+3D%22,EOD lookup
Semantic segmentation,WildForest3D,2022,0.081,Drone,7000000,--,60 pts/m2,6,"Aquitaine, France",EOD point cloud,0,wildforest3d,https://www.google.com/search?q=site%3Aeod-grss-ieee.com%2Fdataset-detail+%22WildForest3D%22,EOD lookup
Semantic segmentation,HelixNet,2022,235.7,MLS,8850000000,--,--,9,Multiple Locations,EOD point cloud,0,helixnet,https://www.google.com/search?q=site%3Aeod-grss-ieee.com%2Fdataset-detail+%22HelixNet%22,EOD lookup
Semantic segmentation,STPLS3D,2022,36.6,Photogrammetry,--,--,--,20,Synthetic,EOD point cloud,0,stpls3d,https://www.google.com/search?q=site%3Aeod-grss-ieee.com%2Fdataset-detail+%22STPLS3D%22,EOD lookup
Semantic segmentation,Semantic 3D,2017,23.94,TLS,4000000000,--,--,8,Central Europe,EOD point cloud,0,semantic 3d,https://www.google.com/search?q=site%3Aeod-grss-ieee.com%2Fdataset-detail+%22Semantic+3D%22,EOD lookup
Regression,Tropical Cyclone,2020,--,GOES 8--16 MSI,108110,256x256,4K--8K,--,Atlantic and East Pacific,TorchGeo,3,tropical cyclone,https://www.drivendata.org/competitions/72/predict-wind-speeds/,direct
Regression,USAVars,2021,--,NAIP RGB+NIR,100K,--,4m,--,Contiguous USA,TorchGeo,3,usavars,https://docs.torchgeo.org/en/stable/api/datasets/usavars.html,direct
Semantic segmentation,Benin Cashews,2021,--,Sentinel-2 (labels corrected with Pléiades),70,1186x1122,10m imagery / 0.5m reference,6,Benin,TorchGeo,3,benin cashews,https://zenodo.org/records/8008800,direct
Semantic segmentation,Kenya Crop Type,2020,--,Sentinel-2 MSI,4688,3035x2016,10m,7,Kenya,TorchGeo,3,kenya crop type,https://www.kaggle.com/datasets/warcoder/kenya-crop-type-detection,direct
